season,team_a,team_b,score_a,score_b,neutral_site,round_name,game_date,home_team,home_edge_a,rest_days_a,rest_days_b,market_prob_a,market_spread_a,moneyline_a,moneyline_b
2022,Ohio State,Akron,67,66,0,Regular Season,2021-11-09,Ohio State,1,,,,,,
2022,Wofford,Bob Jones,117,79,0,Regular Season,2021-11-09,Wofford,1,,,,,,
2022,Providence,Fairfield,80,73,0,Regular Season,2021-11-10,Providence,1,,,,,,
2022,Iowa State,Kennesaw St,84,73,0,Regular Season,2021-11-10,Iowa State,1,,,,,,
2022,Syracuse,Lafayette,97,63,0,Regular Season,2021-11-10,Syracuse,1,,,,,,
2022,Brown,Salve Regina,89,59,0,Regular Season,2021-11-10,Brown,1,,,,,,
2022,Chicago St,St Thomas (MN),77,72,0,Regular Season,2021-11-10,Chicago St,1,,,,,,
2022,G Washington,Saint Francis,75,72,0,Regular Season,2021-11-10,G Washington,1,,,,,,
2022,Auburn,Morehead St,77,54,0,Regular Season,2021-11-10,Auburn,1,,,,,,
2022,Michigan St,Kansas,74,87,1,State Farm Champions Classic,2021-11-10,,0,,,,,,
2022,Northern Iowa,Nicholls,58,62,0,Regular Season,2021-11-10,Northern Iowa,1,,,,,,
2022,Charleston So,J&W (NC),118,71,0,Regular Season,2021-11-10,Charleston So,1,,,,,,
2022,Holy Cross,Regis College,98,51,0,Regular Season,2021-11-10,Holy Cross,1,,,,,,
2022,Arkansas St,Harding,81,55,0,Regular Season,2021-11-10,Arkansas St,1,,,,,,
2022,Louisiana,W Florida,81,47,0,Regular Season,2021-11-10,Louisiana,1,,,,,,
2022,SF Austin,LSU Alexandria,82,73,0,Regular Season,2021-11-10,SF Austin,1,,,,,,
2022,DePaul,Coppin St,97,72,0,Regular Season,2021-11-11,DePaul,1,,0,,,,
2022,James Madison,CARLOW,135,40,0,Regular Season,2021-11-11,James Madison,1,,0,,,,
2022,Santa Barbara,San Fran St,119,65,0,Regular Season,2021-11-11,Santa Barbara,1,,0,,,,
2022,NJIT,Merrimack,54,61,0,Regular Season,2021-11-12,NJIT,1,,1,,,,
2022,UC Davis,E Washington,84,76,0,Regular Season,2021-11-12,UC Davis,1,1,1,,,,
2022,Norfolk St,Wilkes-Barre,111,55,0,Regular Season,2021-11-12,Norfolk St,1,1,,,,,
2022,St John's,Saint Peter's,91,70,0,Regular Season,2021-11-13,St John's,1,2,3,,,,
2022,West Virginia,Pitt,74,59,0,Regular Season,2021-11-13,West Virginia,1,2,2,,,,
2022,Yale,UMass,91,71,0,Regular Season,2021-11-13,Yale,1,2,2,,,,
2022,New Orleans,Spring Hill,79,41,0,Regular Season,2021-11-13,New Orleans,1,2,0,,,,
2022,Oregon,SMU,86,63,0,Regular Season,2021-11-13,Oregon,1,2,2,,,,
2022,Purdue,Indiana St,92,67,0,Regular Season,2021-11-13,Purdue,1,2,2,,,,
2022,Oklahoma St,Oakland,55,56,0,Regular Season,2021-11-13,Oklahoma St,1,2,2,,,,
2022,FAU,Warner,78,56,0,Regular Season,2021-11-13,FAU,1,1,,,,,
2022,S Illinois,Austin Peay,73,55,0,Regular Season,2021-11-13,S Illinois,1,3,2,,,,
2022,Tennessee St,Norfolk St,59,66,1,HBCU Invitational,2021-11-13,,0,2,0,,,,
2022,St Bonaventure,Canisius,69,60,0,Regular Season,2021-11-14,St Bonaventure,1,3,0,,,,
2022,Bucknell,Penn,68,73,0,Regular Season,2021-11-14,Bucknell,1,3,0,,,,
2022,Cincinnati,Georgia,73,68,0,Regular Season,2021-11-14,Cincinnati,1,3,3,,,,
2022,Missouri St,Alabama St,78,60,0,Regular Season,2021-11-14,Missouri St,1,3,2,,,,
2022,Milwaukee,E Kentucky,71,77,0,Regular Season,2021-11-14,Milwaukee,1,3,1,,,,
2022,Bakersfield,Life Pacific,85,60,0,Regular Season,2021-11-14,Bakersfield,1,3,,,,,
2022,E Illinois,C Michigan,61,62,0,Regular Season,2021-11-16,E Illinois,1,2,2,,,,
2022,FAU,Miami,66,68,0,Regular Season,2021-11-16,FAU,1,2,2,,,,
2022,Texas A&M-CC,IU Indy,65,59,1,Regular Season,2021-11-16,,0,1,0,,,,
2022,E Washington,Walla Walla,111,71,0,Regular Season,2021-11-16,E Washington,1,3,,,,,
2022,Washington,Texas Southern,72,65,0,Regular Season,2021-11-16,Washington,1,3,2,,,,
2022,Fairfield,Medgar Evers,110,55,0,Regular Season,2021-11-17,Fairfield,1,2,,,,,
2022,C Connecticut,NC State,65,79,1,Basketball Hall of Fame Showcase,2021-11-17,,0,2,3,,,,
2022,Fullerton,G Washington,74,59,0,Regular Season,2021-11-17,Fullerton,1,4,2,,,,
2022,Wichita St,Tarleton St,65,51,0,Regular Season,2021-11-17,Wichita St,1,3,3,,,,
2022,Cleveland St,Edinboro,75,61,0,Regular Season,2021-11-17,Cleveland St,1,2,,,,,
2022,Army,Merrimack,74,51,0,Regular Season,2021-11-17,Army,1,3,3,,,,
2022,UC Irvine,La Verne,100,41,0,Regular Season,2021-11-17,UC Irvine,1,2,6,,,,
2022,Baylor,C Arkansas,92,47,0,Regular Season,2021-11-18,Baylor,1,2,5,,,,
2022,LMU,Little Rock,82,63,0,Jacksonville Classic - Campus Game,2021-11-18,LMU,1,3,3,,,,
2022,Butler,Michigan St,52,73,0,Gavitt Tipoff Games,2021-11-18,Butler,1,3,5,,,,
2022,Kansas City,Kansas Chrstn,99,36,0,Regular Season,2021-11-18,Kansas City,1,1,,,,,
2022,West Virginia,Elon,87,68,1,Shriners Children's Charleston Classic,2021-11-19,,0,5,4,,,,
2022,CA Baptist,San José St,67,66,0,Abe Lemons Classic,2021-11-19,CA Baptist,1,1,2,,,,
2022,Penn State,St Francis BK,74,59,0,Emerald Coast Classic - Campus Game,2021-11-19,Penn State,1,2,5,,,,
2022,ETSU,SC Upstate,56,43,0,Regular Season,2021-11-19,ETSU,1,4,3,,,,
2022,Temple,Boise St,62,82,1,Shriners Children's Charleston Classic,2021-11-19,,0,0,0,,,,
2022,Liberty,Manhattan,60,76,1,MAAC/ASUN Challenge,2021-11-20,,0,0,3,,,,
2022,Colorado,S Illinois,63,67,1,Paradise Jam,2021-11-20,,0,3,6,,,,
2022,UConn,Binghamton,87,63,0,Regular Season,2021-11-20,UConn,1,2,1,,,,
2022,G Washington,UMass Lowell,56,67,0,Regular Season,2021-11-20,G Washington,1,2,2,,,,
2022,St John's,FDU,87,74,0,Regular Season,2021-11-20,St John's,1,1,0,,,,
2022,SF Austin,MTSU,87,74,0,Cancun Challenge - Campus Game,2021-11-20,SF Austin,1,5,2,,,,
2022,GA Southern,Hampton,86,66,1,Regular Season,2021-11-20,,0,2,0,,,,
2022,Manhattan,North Alabama,55,51,1,MAAC/ASUN Challenge,2021-11-20,,0,0,6,,,,
2022,E Kentucky,UAlbany,77,64,0,Eastern Kentucky Invitational,2021-11-21,E Kentucky,1,3,2,,,,
2022,Xavier,Norfolk St,88,48,0,Regular Season,2021-11-21,Xavier,1,2,1,,,,
2022,FIU,UNC Greensboro,74,71,1,Jersey Mike's Classic,2021-11-21,,0,0,1,,,,
2022,Old Dominion,Penn,63,71,1,Myrtle Beach Invitational,2021-11-21,,0,0,1,,,,
2022,William & Mary,Howard,76,82,1,Legends Classic at High Point,2021-11-21,,0,0,0,,,,
2022,Miami,Florida A&M,86,59,0,Regular Season,2021-11-22,Miami,1,5,5,,,,
2022,Duquesne,Bradley,78,70,1,Paradise Jam,2021-11-22,,0,1,1,,,,
2022,C Michigan,Gonzaga,54,107,1,Good Sam Empire Classic,2021-11-23,,0,6,2,,,,
2022,Notre Dame,Saint Mary's,59,62,1,Maui Jim Maui Invitational,2021-11-23,,0,5,4,,,,
2022,TCU,Santa Clara,66,85,1,SoCal Challenge,2021-11-23,,0,3,2,,,,
2022,Rutgers,Lafayette,51,53,0,Regular Season,2021-11-23,Rutgers,1,3,2,,,,
2022,Seattle U,AR-Pine Bluff,77,56,0,Regular Season,2021-11-23,Seattle U,1,3,3,,,,
2022,Northwestern,Georgia,78,62,1,Roman Legends Classic,2021-11-23,,0,0,0,,,,
2022,Texas Tech,Omaha,96,40,0,Regular Season,2021-11-24,Texas Tech,1,3,2,,,,
2022,UCLA,Gonzaga,63,83,1,Good Sam Empire Classic,2021-11-24,,0,0,0,,,,
2022,Radford,William & Mary,67,54,0,Regular Season,2021-11-24,Radford,1,3,2,,,,
2022,Grambling,LA Christian,71,61,0,Regular Season,2021-11-24,Grambling,1,2,,,,,
2022,Yale,Milwaukee,69,56,1,Fort Myers Tip-Off,2021-11-24,,0,0,0,,,,
2022,Oregon,Houston,49,78,1,Maui Jim Maui Invitational,2021-11-24,,0,0,0,,,,
2022,Hofstra,Molloy,87,49,0,Regular Season,2021-11-24,Hofstra,1,0,,,,,
2022,Florida St,Boston U,81,80,0,Jacksonville Classic - Campus Game,2021-11-25,Florida St,1,1,2,,,,
2022,New Orleans,Presbyterian,66,68,0,UNO Classic,2021-11-25,New Orleans,1,0,0,,,,
2022,Gardner-Webb,Columbia Int'l,90,78,0,Regular Season,2021-11-25,Gardner-Webb,1,4,,,,,
2022,Chaminade,Butler,51,84,1,Maui Jim Maui Invitational,2021-11-25,,0,0,1,,,,
2022,Maryland,Richmond,86,80,1,Bahamas Championshp,2021-11-26,,0,6,2,,,,
2022,Tennessee,Tennessee Tech,80,69,0,Regular Season,2021-11-26,Tennessee,1,4,1,,,,
2022,North Texas,Miami,63,69,1,ESPN Events Invitational,2021-11-26,,0,0,0,,,,
2022,Ball State,Indiana St,97,75,0,Regular Season,2021-11-27,Ball State,1,5,4,,,,
2022,Pitt,UMBC,77,87,0,Regular Season,2021-11-27,Pitt,1,1,2,,,,
2022,Illinois,UT Rio Grande,94,85,0,Regular Season,2021-11-27,Illinois,1,2,2,,,,
2022,Chattanooga,Charleston,66,68,0,Regular Season,2021-11-27,Chattanooga,1,3,3,,,,
2022,MTSU,Bryan (TN),96,48,0,Regular Season,2021-11-27,MTSU,1,2,,,,,
2022,Maryland,Louisville,55,63,1,Bahamas Championshp,2021-11-27,,0,0,0,,,,
2022,NC Central,Apprentice,96,56,0,Regular Season,2021-11-27,NC Central,1,2,,,,,
2022,Bucknell,Siena,65,56,0,Regular Season,2021-11-28,Bucknell,1,3,4,,,,
2022,C Connecticut,Fordham,83,89,0,Regular Season,2021-11-28,C Connecticut,1,3,3,,,,
2022,SMU,UL Monroe,74,67,0,Regular Season,2021-11-28,SMU,1,2,2,,,,
2022,Arizona,Sacramento St,105,59,0,Regular Season,2021-11-28,Arizona,1,5,3,,,,
2022,Incarnate Word,Portland,68,77,0,Incarnate Word Thanksgiving Invitational,2021-11-28,Incarnate Word,1,0,0,,,,
2022,Bellarmine,Franklin,75,37,0,Regular Season,2021-11-28,Bellarmine,1,3,,,,,
2022,Boston College,South Florida,64,49,0,Regular Season,2021-11-30,Boston College,1,3,4,,,,
2022,Butler,Saginaw,68,57,0,Regular Season,2021-11-30,Butler,1,4,10,,,,
2022,South Alabama,E Texas A&M,69,66,0,Regular Season,2021-11-30,South Alabama,1,3,12,,,,
2022,Purdue,Florida St,93,65,0,Big Ten/ACC Challenge,2021-12-01,Purdue,1,4,5,,,,
2022,Texas A&M,New Orleans,85,65,0,Regular Season,2021-12-01,Texas A&M,1,5,4,,,,
2022,Northeastern,Detroit Mercy,66,56,0,Regular Season,2021-12-01,Northeastern,1,3,3,,,,
2022,W Carolina,Warren Wilson,102,47,0,Regular Season,2021-12-01,W Carolina,1,3,6,,,,
2022,Illinois St,Missouri St,79,74,0,Regular Season,2021-12-02,Illinois St,1,3,7,,,,
2022,UCLA,Colorado,73,61,0,Regular Season,2021-12-02,UCLA,1,4,2,,,,
2022,Utah Valley,BYU,72,65,0,UCCU Crosstown Clash,2021-12-02,Utah Valley,1,4,3,,,,
2022,Coastal,South Carolina,80,56,0,Regular Season,2021-12-02,Coastal,1,6,3,,,,
2022,FAU,Stetson,83,73,0,Regular Season,2021-12-02,FAU,1,3,4,,,,
2022,UL Monroe,Centenary (LA),104,67,0,Regular Season,2021-12-02,UL Monroe,1,3,,,,,
2022,UIC,Oakland,77,81,0,Regular Season,2021-12-03,UIC,1,6,7,,,,
2022,Utah State,Saint Mary's,58,60,0,Regular Season,2021-12-03,Utah State,1,2,2,,,,
2022,E Washington,Southern Utah,76,89,0,Regular Season,2021-12-03,E Washington,1,4,8,,,,
2022,Dayton,N Illinois,79,41,0,Regular Season,2021-12-04,Dayton,1,1,1,,,,
2022,Milwaukee,Robert Morris,77,69,0,Regular Season,2021-12-04,Milwaukee,1,0,0,,,,
2022,Stony Brook,Wagner,49,78,0,Regular Season,2021-12-04,Stony Brook,1,2,1,,,,
2022,Chicago St,Tennessee St,59,49,0,Regular Season,2021-12-04,Chicago St,1,1,5,,,,
2022,Houston,Bryant,111,44,0,Regular Season,2021-12-04,Houston,1,2,5,,,,
2022,UConn,Grambling,88,59,0,Regular Season,2021-12-04,UConn,1,2,0,,,,
2022,Idaho,Southern Utah,75,81,0,Regular Season,2021-12-04,Idaho,1,5,0,,,,
2022,Tulane,Alcorn St,85,64,0,Regular Season,2021-12-04,Tulane,1,2,5,,,,
2022,UC Irvine,Bethesda,86,54,0,Regular Season,2021-12-04,UC Irvine,1,5,1,,,,
2022,Green Bay,Youngstown St,58,82,0,Regular Season,2021-12-05,Green Bay,1,1,1,,,,
2022,San Francisco,UNLV,83,62,0,Regular Season,2021-12-05,San Francisco,1,7,2,,,,
2022,South Carolina,Georgetown,80,67,0,Regular Season,2021-12-05,South Carolina,1,2,3,,,,
2022,Murray St,MTSU,93,87,0,Regular Season,2021-12-05,Murray St,1,4,2,,,,
2022,Kansas City,CALV MO,94,32,0,Regular Season,2021-12-05,Kansas City,1,6,,,,,
2022,Morgan St,Millersvll,77,71,0,Regular Season,2021-12-06,Morgan St,1,5,,,,,
2022,Army,Purchase,97,40,0,Regular Season,2021-12-07,Army,1,2,,,,,
2022,Florida A&M,FGCU,55,69,0,Regular Season,2021-12-08,Florida A&M,1,5,2,,,,
2022,Northeastern,UMass,82,76,0,Regular Season,2021-12-08,Northeastern,1,3,3,,,,
2022,Valparaiso,East-West,101,58,0,Regular Season,2021-12-08,Valparaiso,1,2,,,,,
2022,Youngstown St,C Michigan,84,77,0,Regular Season,2021-12-09,Youngstown St,1,3,3,,,,
2022,NC State,Bethune,65,48,0,Regular Season,2021-12-09,NC State,1,4,3,,,,
2022,St Bonaventure,Loyola MD,84,71,0,Regular Season,2021-12-09,St Bonaventure,1,4,4,,,,
2022,Colorado,E Washington,60,57,0,Regular Season,2021-12-09,Colorado,1,4,4,,,,
2022,Robert Morris,Lncstr Bible,99,51,0,Regular Season,2021-12-09,Robert Morris,1,4,7,,,,
2022,Rutgers,Purdue,70,68,0,Regular Season,2021-12-10,Rutgers,1,5,5,,,,
2022,Miss Valley St,Nicholls,80,95,0,Regular Season,2021-12-10,Miss Valley St,1,4,12,,,,
2022,Holy Cross,Siena,59,72,0,Regular Season,2021-12-11,Holy Cross,1,1,5,,,,
2022,Georgetown,Syracuse,79,75,0,Regular Season,2021-12-11,Georgetown,1,1,2,,,,
2022,Pepperdine,Alabama St,79,62,0,Regular Season,2021-12-11,Pepperdine,1,3,1,,,,
2022,Auburn,Nebraska,99,68,1,Holiday Hoopsgiving,2021-12-11,,0,6,2,,,,
2022,Delaware,MORAVIAN,94,55,0,Regular Season,2021-12-11,Delaware,1,1,,,,,
2022,W Carolina,UNC Asheville,72,73,0,Regular Season,2021-12-11,W Carolina,1,1,2,,,,
2022,Miss Valley St,Arkansas St,77,82,0,Regular Season,2021-12-11,Miss Valley St,1,0,1,,,,
2022,William & Mary,Fairfield,47,70,0,Regular Season,2021-12-12,William & Mary,1,1,2,,,,
2022,Maryland,Florida,70,68,1,Basketball Hall of Fame Invitational,2021-12-12,,0,6,2,,,,
2022,St Thomas (MN),Montana St,65,72,0,Regular Season,2021-12-12,St Thomas (MN),1,6,3,,,,
2022,James Madison,Radford,79,70,0,Regular Season,2021-12-12,James Madison,1,4,7,,,,
2022,Portland St,Cal Poly,58,61,0,Regular Season,2021-12-12,Portland St,1,6,6,,,,
2022,Iona,Yale,91,77,1,Basketball Hall of Fame Invitational,2021-12-13,,0,8,4,,,,
2022,New Hampshire,Keene State,92,54,0,Regular Season,2021-12-14,New Hampshire,1,2,,,,,
2022,North Dakota,N Central,110,65,0,Regular Season,2021-12-15,North Dakota,1,3,,,,,
2022,Minnesota,Texas A&M-CC,79,71,0,Regular Season,2021-12-15,Minnesota,1,3,2,,,,
2022,Creighton,Arizona St,57,58,0,Regular Season,2021-12-15,Creighton,1,3,4,,,,
2022,UT Martin,UNC Asheville,79,68,0,Regular Season,2021-12-15,UT Martin,1,2,3,,,,
2022,UNLV,Omaha,84,71,0,Regular Season,2021-12-16,UNLV,1,4,3,,,,
2022,Xavier,Morehead St,86,63,0,Regular Season,2021-12-16,Xavier,1,3,4,,,,
2022,S Illinois,SE Missouri,80,55,0,Regular Season,2021-12-16,S Illinois,1,4,4,,,,
2022,Duke,App State,92,67,0,Regular Season,2021-12-17,Duke,1,1,3,,,,
2022,The Citadel,St. Andrews,102,62,0,Regular Season,2021-12-17,The Citadel,1,9,12,,,,
2022,Jacksonville,Webber Int,87,48,0,Regular Season,2021-12-18,Jacksonville,1,2,12,,,,
2022,Ole Miss,Dayton,76,68,0,Regular Season,2021-12-18,Ole Miss,1,1,5,,,,
2022,Mississippi St,Furman,69,66,0,Regular Season,2021-12-18,Mississippi St,1,2,2,,,,
2022,Idaho,Nelson,84,55,0,Regular Season,2021-12-18,Idaho,1,5,1,,,,
2022,Youngstown St,Westminster PA,83,54,0,Regular Season,2021-12-18,Youngstown St,1,6,,,,,
2022,Fullerton,Redlands,93,78,0,Regular Season,2021-12-18,Fullerton,1,5,,,,,
2022,Cincinnati,Ashland,71,57,0,Regular Season,2021-12-18,Cincinnati,1,2,,,,,
2022,Santa Clara,Montana,79,64,0,Regular Season,2021-12-19,Santa Clara,1,0,4,,,,
2022,Arkansas,Hofstra,81,89,1,Regular Season,2021-12-19,,0,7,6,,,,
2022,Arkansas St,Air Force,68,46,0,Regular Season,2021-12-19,Arkansas St,1,3,9,,,,
2022,Murray St,Chattanooga,87,76,0,Regular Season,2021-12-19,Murray St,1,2,3,,,,
2022,Valparaiso,E Michigan,67,55,0,Regular Season,2021-12-21,Valparaiso,1,9,9,,,,
2022,Lamar,UL Monroe,77,80,0,Regular Season,2021-12-21,Lamar,1,2,2,,,,
2022,Ohio,SC Upstate,85,70,0,Regular Season,2021-12-21,Ohio,1,4,2,,,,
2022,Toledo,Marshall,95,63,0,Regular Season,2021-12-22,Toledo,1,10,3,,,,
2022,Harvard,Howard,77,69,0,Regular Season,2021-12-22,Harvard,1,2,3,,,,
2022,Richmond,Bucknell,81,50,0,Regular Season,2021-12-22,Richmond,1,2,3,,,,
2022,Valparaiso,William & Mary,88,66,0,Regular Season,2021-12-22,Valparaiso,1,0,9,,,,
2022,High Point,FAU,55,52,0,Regular Season,2021-12-22,High Point,1,3,3,,,,
2022,Vermont,Colgate,78,68,0,Regular Season,2021-12-22,Vermont,1,10,2,,,,
2022,Fairfield,Wagner,50,63,0,Regular Season,2021-12-23,Fairfield,1,3,1,,,,
2022,Southern Utah,Utah Tech,87,59,0,Regular Season,2021-12-23,Southern Utah,1,3,4,,,,
2022,Washington St,Boise St,52,58,0,Regular Season,2021-12-23,Washington St,1,4,3,,,,
2022,Stanford,Liberty,79,76,1,Hawaiian Airlines Diamond Head Classic,2021-12-23,,0,0,0,,,,
2022,Boise St,Fresno St,65,55,0,Regular Season,2021-12-29,Boise St,1,5,5,,,,
2022,Baylor,N'Western St,104,68,0,Regular Season,2021-12-29,Baylor,1,7,7,,,,
2022,Auburn,LSU,70,55,0,Regular Season,2021-12-30,Auburn,1,7,6,,,,
2022,Mount St Marys,FDU,0,2,0,Fairleigh Dickinson wins due to Mount St. Mary's Forfeit,2021-12-30,Mount St Marys,1,11,11,,,,
2022,St Thomas (MN),N Central,97,45,0,Regular Season,2021-12-30,St Thomas (MN),1,7,12,,,,
2022,Chattanooga,ETSU,82,52,0,Regular Season,2021-12-31,Chattanooga,1,7,7,,,,
2022,Kennesaw St,Toccoa Falls,108,51,0,Regular Season,2021-12-31,Kennesaw St,1,7,12,,,,
2022,Grand Canyon,Chicago St,80,63,0,Regular Season,2021-12-31,Grand Canyon,1,11,8,,,,
2022,Presbyterian,Truett McCnnll,91,49,0,Regular Season,2021-12-31,Presbyterian,1,8,,,,,
2022,Kent State,Toledo,66,63,0,Regular Season,2022-01-01,Kent State,1,2,1,,,,
2022,Iowa State,Baylor,72,77,0,Regular Season,2022-01-01,Iowa State,1,9,2,,,,
2022,UAB,UTSA,87,59,0,Regular Season,2022-01-01,UAB,1,0,10,,,,
2022,FIU,St Thomas (FL),95,72,0,Regular Season,2022-01-01,FIU,1,0,,,,,
2022,Penn,Brown,77,73,0,Regular Season,2022-01-02,Penn,1,12,1,,,,
2022,Coastal,Emory & Henry,76,62,0,Regular Season,2022-01-02,Coastal,1,0,12,,,,
2022,Akron,Ohio,63,69,0,Regular Season,2022-01-04,Akron,1,2,2,,,,
2022,LSU,Kentucky,65,60,0,Regular Season,2022-01-05,LSU,1,5,4,,,,
2022,Duke,Georgia Tech,69,57,0,Regular Season,2022-01-05,Duke,1,12,2,,,,
2022,FIU,Bethune,68,65,0,Regular Season,2022-01-05,FIU,1,3,0,,,,
2022,Richmond,UMass,80,72,0,Regular Season,2022-01-06,Richmond,1,3,12,,,,
2022,Louisville,Pitt,75,72,0,Regular Season,2022-01-06,Louisville,1,3,7,,,,
2022,South Florida,Houston,66,83,0,Regular Season,2022-01-06,South Florida,1,11,3,,,,
2022,Illinois,Maryland,76,64,0,Regular Season,2022-01-07,Illinois,1,1,2,,,,
2022,C Connecticut,Sacred Heart,2,0,0,Central Connecticut wins due to Sacred Heart forfeit,2022-01-07,C Connecticut,1,5,6,,,,
2022,Rice,MTSU,65,61,0,Regular Season,2022-01-07,Rice,1,5,12,,,,
2022,Boston U,Loyola MD,58,66,0,Regular Season,2022-01-07,Boston U,1,1,1,,,,
2022,Texas A&M,Arkansas,86,81,0,Regular Season,2022-01-08,Texas A&M,1,2,2,,,,
2022,Samford,W Carolina,85,60,0,Regular Season,2022-01-08,Samford,1,1,1,,,,
2022,UL Monroe,Arkansas St,83,90,0,Regular Season,2022-01-08,UL Monroe,1,0,0,,,,
2022,North Florida,Stetson,66,68,0,Regular Season,2022-01-08,North Florida,1,1,2,,,,
2022,Pitt,Boston College,69,67,0,Regular Season,2022-01-08,Pitt,1,1,5,,,,
2022,Chicago St,CA Baptist,58,56,0,Regular Season,2022-01-08,Chicago St,1,0,9,,,,
2022,Bethune,Grambling,66,68,0,Regular Season,2022-01-08,Bethune,1,2,1,,,,
2022,Long Beach St,Hawai'i,67,72,0,Regular Season,2022-01-08,Long Beach St,1,0,12,,,,
2022,Bowling Green,Miami OH,87,83,0,Regular Season,2022-01-08,Bowling Green,1,1,9,,,,
2022,Charleston,Elon,65,61,0,Regular Season,2022-01-09,Charleston,1,8,9,,,,
2022,Florida St,Louisville,79,70,0,Regular Season,2022-01-09,Florida St,1,3,2,,,,
2022,California,UCLA,52,60,0,Regular Season,2022-01-09,California,1,1,1,,,,
2022,Tennessee,South Carolina,66,46,0,Regular Season,2022-01-11,Tennessee,1,2,2,,,,
2022,Bethune,Southern,59,69,0,Regular Season,2022-01-11,Bethune,1,2,2,,,,
2022,Fresno St,San José St,79,59,0,Regular Season,2022-01-12,Fresno St,1,12,3,,,,
2022,Davidson,UMass,77,67,0,Regular Season,2022-01-12,Davidson,1,3,3,,,,
2022,Jax State,Lipscomb,88,83,0,Regular Season,2022-01-12,Jax State,1,2,2,,,,
2022,McNeese,Arlington Bapt,120,44,0,Regular Season,2022-01-12,McNeese,1,3,,,,,
2022,Rhode Island,Saint Joseph's,75,64,0,Regular Season,2022-01-13,Rhode Island,1,4,6,,,,
2022,Virginia,Virginia Tech,54,52,0,Regular Season,2022-01-13,Virginia,1,4,7,,,,
2022,Washington,California,64,55,0,Regular Season,2022-01-13,Washington,1,3,3,,,,
2022,Iowa,Indiana,83,74,0,Regular Season,2022-01-14,Iowa,1,6,4,,,,
2022,Purdue FW,Detroit Mercy,62,60,0,Regular Season,2022-01-14,Purdue FW,1,4,5,,,,
2022,Lamar,Sam Houston,56,73,0,Regular Season,2022-01-14,Lamar,1,5,4,,,,
2022,Belmont,Tennessee Tech,92,77,0,Regular Season,2022-01-14,Belmont,1,5,12,,,,
2022,Loyola MD,Lafayette,74,60,0,Regular Season,2022-01-14,Loyola MD,1,2,2,,,,
2022,Mississippi St,Alabama,78,76,0,Regular Season,2022-01-15,Mississippi St,1,1,2,,,,
2022,Elon,Towson,54,59,0,Regular Season,2022-01-15,Elon,1,1,3,,,,
2022,S Dakota St,Denver,80,62,0,Regular Season,2022-01-15,S Dakota St,1,0,0,,,,
2022,Purdue FW,Oakland,68,76,0,Regular Season,2022-01-15,Purdue FW,1,0,0,,,,
2022,UMBC,Vermont,69,86,0,Regular Season,2022-01-15,UMBC,1,1,1,,,,
2022,Charleston So,Winthrop,65,70,0,Regular Season,2022-01-15,Charleston So,1,1,0,,,,
2022,Seattle U,Utah Tech,79,68,0,Regular Season,2022-01-15,Seattle U,1,1,1,,,,
2022,Grambling,Southern,83,77,0,Regular Season,2022-01-15,Grambling,1,3,3,,,,
2022,Tulane,SMU,66,75,0,Regular Season,2022-01-15,Tulane,1,1,1,,,,
2022,Marist,Monmouth,84,48,0,Regular Season,2022-01-16,Marist,1,0,0,,,,
2022,San Francisco,BYU,69,71,0,Regular Season,2022-01-16,San Francisco,1,1,1,,,,
2022,Villanova,Butler,82,42,0,Regular Season,2022-01-16,Villanova,1,3,1,,,,
2022,South Florida,UCF,75,51,0,Regular Season,2022-01-16,South Florida,1,2,2,,,,
2022,Howard,Notre Dame,68,71,0,Regular Season,2022-01-17,Howard,1,1,1,,,,
2022,Northeastern,Delaware,76,82,0,Regular Season,2022-01-18,Northeastern,1,2,2,,,,
2022,AR-Pine Bluff,Bethune,69,63,0,Regular Season,2022-01-18,AR-Pine Bluff,1,2,2,,,,
2022,Purdue FW,Mich Drbrn,102,59,0,Regular Season,2022-01-18,Purdue FW,1,2,,,,,
2022,Toledo,Ball State,83,70,0,Regular Season,2022-01-19,Toledo,1,3,4,,,,
2022,Syracuse,Clemson,91,78,0,Regular Season,2022-01-19,Syracuse,1,3,3,,,,
2022,Dayton,St Bonaventure,68,50,0,Regular Season,2022-01-19,Dayton,1,3,3,,,,
2022,Drake,Bradley,71,83,0,Regular Season,2022-01-20,Drake,1,1,2,,,,
2022,NC State,Virginia Tech,59,62,0,Regular Season,2022-01-20,NC State,1,4,4,,,,
2022,Providence,Georgetown,83,75,0,Regular Season,2022-01-20,Providence,1,11,3,,,,
2022,Delaware,William & Mary,84,74,0,Regular Season,2022-01-21,Delaware,1,2,2,,,,
2022,Little Rock,Texas St,59,69,0,Regular Season,2022-01-21,Little Rock,1,12,5,,,,
2022,Utah Valley,UT Rio Grande,66,56,0,Regular Season,2022-01-21,Utah Valley,1,4,6,,,,
2022,FAU,Western KY,78,69,0,Regular Season,2022-01-21,FAU,1,3,5,,,,
2022,UC San Diego,Long Beach St,69,87,0,Regular Season,2022-01-21,UC San Diego,1,4,4,,,,
2022,Gonzaga,San Francisco,78,62,0,Regular Season,2022-01-21,Gonzaga,1,5,4,,,,
2022,Auburn,Kentucky,80,71,0,Regular Season,2022-01-22,Auburn,1,1,1,,,,
2022,Delaware,Elon,80,77,0,Regular Season,2022-01-22,Delaware,1,0,0,,,,
2022,Loyola Chicago,Missouri St,69,79,0,Regular Season,2022-01-22,Loyola Chicago,1,2,1,,,,
2022,IU Indy,N Kentucky,41,60,0,Regular Season,2022-01-22,IU Indy,1,0,0,,,,
2022,Cornell,Harvard,76,61,0,Regular Season,2022-01-22,Cornell,1,6,3,,,,
2022,Winthrop,Gardner-Webb,64,62,0,Regular Season,2022-01-22,Winthrop,1,1,1,,,,
2022,Utah Valley,Lamar,58,41,0,Regular Season,2022-01-22,Utah Valley,1,0,0,,,,
2022,North Texas,Old Dominion,69,56,0,Regular Season,2022-01-22,North Texas,1,0,0,,,,
2022,Georgetown,Villanova,74,85,0,Regular Season,2022-01-22,Georgetown,1,1,1,,,,
2022,Holy Cross,Bucknell,65,68,0,Regular Season,2022-01-22,Holy Cross,1,10,1,,,,
2022,Marist,Fairfield,66,69,0,Regular Season,2022-01-23,Marist,1,6,1,,,,
2022,Purdue FW,Youngstown St,82,71,0,Regular Season,2022-01-23,Purdue FW,1,0,0,,,,
2022,BYU,Portland,78,65,0,Regular Season,2022-01-23,BYU,1,1,4,,,,
2022,Cal Poly,Hawai'i,56,69,0,Regular Season,2022-01-23,Cal Poly,1,3,1,,,,
2022,Kennesaw St,Jacksonville,76,68,0,Regular Season,2022-01-24,Kennesaw St,1,1,0,,,,
2022,Bethune,Alcorn St,67,70,0,Regular Season,2022-01-25,Bethune,1,2,2,,,,
2022,Morehead St,Tennessee St,67,54,0,Regular Season,2022-01-25,Morehead St,1,2,2,,,,
2022,Jax State,Bellarmine,65,60,0,Regular Season,2022-01-25,Jax State,1,2,1,,,,
2022,San José St,Air Force,53,63,0,Regular Season,2022-01-26,San José St,1,3,3,,,,
2022,Baylor,Kansas St,74,49,0,Regular Season,2022-01-26,Baylor,1,3,3,,,,
2022,Yale,Columbia,83,72,0,Regular Season,2022-01-26,Yale,1,3,3,,,,
2022,The Citadel,W Carolina,68,66,0,Regular Season,2022-01-27,The Citadel,1,4,4,,,,
2022,Valparaiso,Bradley,56,71,0,Regular Season,2022-01-27,Valparaiso,1,4,3,,,,
2022,Virginia Tech,Miami,75,78,0,Regular Season,2022-01-27,Virginia Tech,1,1,4,,,,
2022,Lehigh,Army,84,71,0,Regular Season,2022-01-27,Lehigh,1,4,4,,,,
2022,Air Force,Wyoming,61,63,0,Regular Season,2022-01-28,Air Force,1,1,1,,,,
2022,Louisiana,Georgia St,64,68,0,Regular Season,2022-01-28,Louisiana,1,4,5,,,,
2022,New Hampshire,Stony Brook,69,76,0,Regular Season,2022-01-28,New Hampshire,1,0,0,,,,
2022,Gonzaga,LMU,89,55,0,Regular Season,2022-01-28,Gonzaga,1,6,4,,,,
2022,Louisiana Tech,Rice,80,63,0,Regular Season,2022-01-28,Louisiana Tech,1,5,5,,,,
2022,UC San Diego,Cal Poly,55,59,0,Regular Season,2022-01-28,UC San Diego,1,4,4,,,,
2022,Maryland,Indiana,55,68,0,Regular Season,2022-01-29,Maryland,1,2,1,,,,
2022,Texas Tech,Mississippi St,76,50,0,SEC/Big 12 Challenge,2022-01-29,Texas Tech,1,3,2,,,,
2022,James Madison,Delaware,69,85,0,Regular Season,2022-01-29,James Madison,1,0,3,,,,
2022,Dayton,Rhode Island,53,51,0,Regular Season,2022-01-29,Dayton,1,2,3,,,,
2022,Youngstown St,Milwaukee,86,72,0,Regular Season,2022-01-29,Youngstown St,1,0,0,,,,
2022,Georgia Tech,Miami,62,73,0,Regular Season,2022-01-29,Georgia Tech,1,1,1,,,,
2022,Chicago St,Utah Tech,65,79,0,Regular Season,2022-01-29,Chicago St,1,0,5,,,,
2022,Navy,American,47,45,0,Regular Season,2022-01-29,Navy,1,1,1,,,,
2022,Villanova,St John's,73,62,0,Regular Season,2022-01-29,Villanova,1,2,3,,,,
2022,Purdue,Ohio State,81,78,0,Regular Season,2022-01-30,Purdue,1,1,1,,,,
2022,G Washington,Fordham,64,55,0,Regular Season,2022-01-30,G Washington,1,2,3,,,,
2022,Liberty,Jax State,67,77,0,Regular Season,2022-01-30,Liberty,1,1,1,,,,
2022,Pacific,BYU,76,73,0,Regular Season,2022-01-30,Pacific,1,1,1,,,,
2022,Providence,Marquette,65,63,0,Regular Season,2022-01-30,Providence,1,3,2,,,,
2022,Alabama St,Bethune,79,73,0,Regular Season,2022-01-30,Alabama St,1,4,4,,,,
2022,MD Eastern,Morgan St,79,72,0,Regular Season,2022-02-01,MD Eastern,1,2,1,,,,
2022,UNC Wilmington,Drexel,70,63,0,Regular Season,2022-02-01,UNC Wilmington,1,1,2,,,,
2022,Maryland,Michigan St,63,65,0,Regular Season,2022-02-02,Maryland,1,3,3,,,,
2022,C Michigan,Bowling Green,78,74,0,Regular Season,2022-02-02,C Michigan,1,3,3,,,,
2022,Georgetown,Seton Hall,63,70,0,Regular Season,2022-02-02,Georgetown,1,3,5,,,,
2022,UNC Greensboro,VMI,65,76,0,Regular Season,2022-02-03,UNC Greensboro,1,3,4,,,,
2022,Little Rock,Louisiana,51,75,0,Regular Season,2022-02-03,Little Rock,1,4,3,,,,
2022,Miami,Notre Dame,64,68,0,Regular Season,2022-02-03,Miami,1,4,1,,,,
2022,Xavier,Butler,68,66,0,Regular Season,2022-02-03,Xavier,1,4,4,,,,
2022,VMI,W Carolina,76,69,0,Regular Season,2022-02-04,VMI,1,0,0,,,,
2022,Jax State,North Florida,76,88,0,Regular Season,2022-02-04,Jax State,1,4,5,,,,
2022,Portland,Saint Mary's,54,75,0,Regular Season,2022-02-04,Portland,1,4,4,,,,
2022,N Colorado,Portland St,99,106,0,Regular Season,2022-02-04,N Colorado,1,2,2,,,,
2022,Incarnate Word,Nicholls,60,63,0,Regular Season,2022-02-04,Incarnate Word,1,5,4,,,,
2022,Akron,Miami OH,66,55,0,Regular Season,2022-02-04,Akron,1,5,1,,,,
2022,South Carolina,Tennessee,57,81,0,Regular Season,2022-02-05,South Carolina,1,2,2,,,,
2022,Siena,Rider,60,74,0,Regular Season,2022-02-05,Siena,1,2,5,,,,
2022,G Washington,Davidson,73,78,0,Regular Season,2022-02-05,G Washington,1,1,2,,,,
2022,Arkansas St,Louisiana,67,58,0,Regular Season,2022-02-05,Arkansas St,1,0,1,,,,
2022,Lipscomb,FGCU,68,77,0,Regular Season,2022-02-05,Lipscomb,1,0,0,,,,
2022,North Carolina,Duke,67,87,0,Regular Season,2022-02-05,North Carolina,1,2,3,,,,
2022,Saint Francis,Merrimack,64,65,0,Regular Season,2022-02-05,Saint Francis,1,0,0,,,,
2022,UAB,MTSU,97,75,0,Regular Season,2022-02-05,UAB,1,5,6,,,,
2022,Villanova,UConn,85,74,0,Regular Season,2022-02-05,Villanova,1,1,3,,,,
2022,Southern,Alabama A&M,73,64,0,Regular Season,2022-02-05,Southern,1,3,3,,,,
2022,Arkansas,Mississippi St,63,55,0,Regular Season,2022-02-06,Arkansas,1,2,3,,,,
2022,Missouri St,Loyola Chicago,62,71,0,Regular Season,2022-02-06,Missouri St,1,2,2,,,,
2022,Pitt,Virginia Tech,71,76,0,Regular Season,2022-02-06,Pitt,1,2,2,,,,
2022,Weber St,Montana St,57,78,0,Regular Season,2022-02-06,Weber St,1,1,7,,,,
2022,Arizona St,UCLA,87,84,0,Regular Season,2022-02-06,Arizona St,1,1,1,,,,
2022,Texas,Kansas,79,76,0,Regular Season,2022-02-08,Texas,1,2,2,,,,
2022,Howard,Gallaudet,96,38,0,Regular Season,2022-02-08,Howard,1,2,,,,,
2022,Belmont,Austin Peay,72,58,0,Regular Season,2022-02-08,Belmont,1,1,2,,,,
2022,Michigan St,Wisconsin,62,70,0,Regular Season,2022-02-09,Michigan St,1,3,3,,,,
2022,Miami OH,W Michigan,62,57,0,Regular Season,2022-02-09,Miami OH,1,2,3,,,,
2022,Creighton,Butler,54,52,0,Regular Season,2022-02-09,Creighton,1,3,3,,,,
2022,USC,Pacific,74,68,0,Regular Season,2022-02-09,USC,1,3,2,,,,
2022,Davidson,Saint Joseph's,73,67,0,Regular Season,2022-02-10,Davidson,1,4,4,,,,
2022,Green Bay,Wright St,62,79,0,Regular Season,2022-02-10,Green Bay,1,3,3,,,,
2022,New Hampshire,NJIT,55,60,0,Regular Season,2022-02-10,New Hampshire,1,1,3,,,,
2022,DePaul,Georgetown,82,74,0,Regular Season,2022-02-10,DePaul,1,4,3,,,,
2022,James Madison,Elon,66,70,0,Regular Season,2022-02-11,James Madison,1,2,5,,,,
2022,Louisiana,Texas St,73,82,0,Regular Season,2022-02-11,Louisiana,1,5,5,,,,
2022,Gonzaga,Pacific,89,51,0,Regular Season,2022-02-11,Gonzaga,1,4,1,,,,
2022,Montana,N Arizona,67,72,0,Regular Season,2022-02-11,Montana,1,2,2,,,,
2022,Hawai'i,Long Beach St,66,73,0,Regular Season,2022-02-11,Hawai'i,1,4,1,,,,
2022,C Michigan,Ohio,72,81,0,Regular Season,2022-02-11,C Michigan,1,1,1,,,,
2022,E Michigan,Ohio,56,74,0,Regular Season,2022-02-12,E Michigan,1,2,0,,,,
2022,VMI,The Citadel,79,83,0,Regular Season,2022-02-12,VMI,1,0,0,,,,
2022,George Mason,VCU,70,85,0,Regular Season,2022-02-12,George Mason,1,1,2,,,,
2022,Cleveland St,IU Indy,83,45,0,Regular Season,2022-02-12,Cleveland St,1,0,0,,,,
2022,UMass Lowell,UMBC,88,71,0,Regular Season,2022-02-12,UMass Lowell,1,1,1,,,,
2022,High Point,Campbell,42,60,0,Regular Season,2022-02-12,High Point,1,1,1,,,,
2022,Chicago St,Sam Houston,59,72,0,Regular Season,2022-02-12,Chicago St,1,0,6,,,,
2022,Rice,North Texas,44,67,0,Regular Season,2022-02-12,Rice,1,2,3,,,,
2022,SE Missouri,Belmont,72,81,0,Regular Season,2022-02-12,SE Missouri,1,0,0,,,,
2022,Washington,Arizona,68,92,0,Regular Season,2022-02-12,Washington,1,0,0,,,,
2022,Purdue,Maryland,62,61,0,Regular Season,2022-02-13,Purdue,1,1,1,,,,
2022,UNC Wilmington,Charleston,85,79,0,Regular Season,2022-02-13,UNC Wilmington,1,5,7,,,,
2022,Wright St,N Kentucky,71,75,0,Regular Season,2022-02-13,Wright St,1,0,0,,,,
2022,CA Baptist,UT Rio Grande,80,72,0,Regular Season,2022-02-13,CA Baptist,1,1,1,,,,
2022,Oregon St,Stanford,65,76,0,Regular Season,2022-02-13,Oregon St,1,2,1,,,,
2022,Fairfield,Canisius,80,76,0,Regular Season,2022-02-15,Fairfield,1,2,1,,,,
2022,Coppin St,NC Central,74,77,0,Regular Season,2022-02-15,Coppin St,1,2,2,,,,
2022,UCF,Tulsa,76,67,0,Regular Season,2022-02-15,UCF,1,5,1,,,,
2022,Texas A&M,Florida,56,55,0,Regular Season,2022-02-16,Texas A&M,1,3,3,,,,
2022,TCU,Iowa State,51,54,0,Regular Season,2022-02-16,TCU,1,3,3,,,,
2022,South Florida,Tulane,57,76,0,Regular Season,2022-02-16,South Florida,1,2,3,,,,
2022,Air Force,Boise St,59,85,0,Regular Season,2022-02-17,Air Force,1,3,3,,,,
2022,App State,Troy,61,67,0,Regular Season,2022-02-17,App State,1,4,4,,,,
2022,North Carolina,Pitt,67,76,0,Regular Season,2022-02-17,North Carolina,1,4,4,,,,
2022,American,Navy,46,55,0,Regular Season,2022-02-17,American,1,1,4,,,,
2022,Charleston,James Madison,63,71,0,Regular Season,2022-02-18,Charleston,1,2,2,,,,
2022,UL Monroe,Louisiana,77,78,0,Regular Season,2022-02-18,UL Monroe,1,5,5,,,,
2022,Portland,San Diego,92,60,0,Regular Season,2022-02-18,Portland,1,1,4,,,,
2022,FAU,North Texas,51,54,0,Regular Season,2022-02-18,FAU,1,6,5,,,,
2022,UC San Diego,Hawai'i,53,65,0,Regular Season,2022-02-18,UC San Diego,1,1,4,,,,
2022,South Florida,East Carolina,57,65,0,Regular Season,2022-02-18,South Florida,1,1,5,,,,
2022,South Carolina,LSU,77,75,0,Regular Season,2022-02-19,South Carolina,1,2,1,,,,
2022,Siena,Marist,53,62,0,Regular Season,2022-02-19,Siena,1,5,3,,,,
2022,North Dakota,Oral Roberts,73,87,0,Regular Season,2022-02-19,North Dakota,1,0,0,,,,
2022,Evansville,Valparaiso,56,72,0,Regular Season,2022-02-19,Evansville,1,1,1,,,,
2022,Baylor,TCU,72,62,0,Regular Season,2022-02-19,Baylor,1,1,2,,,,
2022,Yale,Penn,81,72,0,Regular Season,2022-02-19,Yale,1,6,6,,,,
2022,Radford,High Point,66,64,0,Regular Season,2022-02-19,Radford,1,2,0,,,,
2022,Texas A&M-CC,N'Western St,83,76,0,Regular Season,2022-02-19,Texas A&M-CC,1,0,0,,,,
2022,Southern,Grambling,57,61,0,Regular Season,2022-02-19,Southern,1,3,3,,,,
2022,Incarnate Word,SE Louisiana,92,84,0,Regular Season,2022-02-19,Incarnate Word,1,0,0,,,,
2022,San José St,New Mexico,71,55,0,Regular Season,2022-02-20,San José St,1,1,1,,,,
2022,Green Bay,Cleveland St,67,79,0,Regular Season,2022-02-20,Green Bay,1,0,0,,,,
2022,Longwood,Hampton,76,72,0,Regular Season,2022-02-20,Longwood,1,1,2,,,,
2022,FIU,Rice,80,78,0,Regular Season,2022-02-20,FIU,1,1,1,,,,
2022,UCLA,Washington,76,50,0,Regular Season,2022-02-20,UCLA,1,1,1,,,,
2022,Maryland,Penn State,67,61,0,Regular Season,2022-02-22,Maryland,1,2,4,,,,
2022,Morgan St,Norfolk St,85,74,0,Regular Season,2022-02-22,Morgan St,1,2,2,,,,
2022,SIUE,E Illinois,66,52,0,Make-up from 2/3,2022-02-22,SIUE,1,2,2,,,,
2022,Florida,Arkansas,74,82,0,Regular Season,2022-02-23,Florida,1,3,3,,,,
2022,G Washington,Richmond,71,84,0,Regular Season,2022-02-23,G Washington,1,3,3,,,,
2022,Michigan,Rutgers,71,62,0,Regular Season,2022-02-24,Michigan,1,3,3,,,,
2022,Dayton,UMass,82,61,0,Regular Season,2022-02-24,Dayton,1,4,4,,,,
2022,Iowa State,West Virginia,84,81,0,Regular Season,2022-02-24,Iowa State,1,4,1,,,,
2022,Georgia Tech,Virginia Tech,58,62,0,Regular Season,2022-02-24,Georgia Tech,1,1,4,,,,
2022,Navy,Loyola MD,52,50,0,Regular Season,2022-02-24,Navy,1,4,3,,,,
2022,S Illinois,Illinois St,90,69,0,Regular Season,2022-02-24,S Illinois,1,4,1,,,,
2022,W Illinois,Omaha,88,76,0,Regular Season,2022-02-25,W Illinois,1,5,6,,,,
2022,St Francis BK,Bryant,69,86,0,Regular Season,2022-02-25,St Francis BK,1,5,5,,,,
2022,McNeese,Texas A&M-CC,53,65,0,Regular Season,2022-02-25,McNeese,1,5,5,,,,
2022,MTSU,Marshall,74,65,0,Regular Season,2022-02-25,MTSU,1,2,2,,,,
2022,Long Beach St,UC San Diego,103,87,0,Regular Season,2022-02-25,Long Beach St,1,4,6,,,,
2022,Rutgers,Wisconsin,61,66,0,Regular Season,2022-02-26,Rutgers,1,1,1,,,,
2022,Buffalo,N Illinois,70,60,0,Regular Season,2022-02-26,Buffalo,1,0,0,,,,
2022,North Dakota,N Dakota St,53,79,0,Regular Season,2022-02-26,North Dakota,1,3,6,,,,
2022,Georgia St,Louisiana,65,58,0,Regular Season,2022-02-26,Georgia St,1,1,1,,,,
2022,Kansas St,Iowa State,73,74,0,Regular Season,2022-02-26,Kansas St,1,2,1,,,,
2022,Brown,Columbia,81,74,0,Regular Season,2022-02-26,Brown,1,6,5,,,,
2022,SC Upstate,Gardner-Webb,72,70,0,Regular Season,2022-02-26,SC Upstate,1,0,1,,,,
2022,Chicago St,New Mexico St,61,59,0,Regular Season,2022-02-26,Chicago St,1,1,3,,,,
2022,E Illinois,Austin Peay,52,64,0,Regular Season,2022-02-26,E Illinois,1,0,0,,,,
2022,Washington,Washington St,78,70,0,Regular Season,2022-02-26,Washington,1,1,1,,,,
2022,Wyoming,Nevada,74,61,0,Regular Season,2022-02-27,Wyoming,1,2,3,,,,
2022,UNC Greensboro,ETSU,69,73,0,Regular Season,2022-02-27,UNC Greensboro,1,2,2,,,,
2022,BYU,Pepperdine,75,59,0,Regular Season,2022-02-27,BYU,1,1,1,,,,
2022,Rice,Southern Miss,77,72,0,Regular Season,2022-02-27,Rice,1,1,1,,,,
2022,California,Stanford,53,39,0,Regular Season,2022-02-27,California,1,7,6,,,,
2022,Georgia,Tennessee,68,75,0,Regular Season,2022-03-01,Georgia,1,2,2,,,,
2022,Howard,SC State,72,62,0,Regular Season,2022-03-01,Howard,1,2,2,,,,
2022,South Carolina,Missouri,73,69,0,Regular Season,2022-03-02,South Carolina,1,3,2,,,,
2022,UAlbany,Hartford,55,67,0,Regular Season,2022-03-02,UAlbany,1,3,3,,,,
2022,Kennesaw St,E Kentucky,82,73,0,ASUN Championship - 1st Round,2022-03-02,Kennesaw St,1,3,3,,,,
2022,Michigan,Michigan St,87,70,0,Regular Season,2022-03-02,Michigan,1,2,3,,,,
2022,UMass,Fordham,81,73,0,Regular Season,2022-03-03,UMass,1,1,1,,,,
2022,Charlotte,MTSU,60,56,0,Regular Season,2022-03-03,Charlotte,1,4,3,,,,
2022,Tennessee St,SIUE,77,62,1,OVC Championship - 1st Round,2022-03-03,,0,4,4,,,,
2022,W Michigan,Ball State,63,64,0,Regular Season,2022-03-04,W Michigan,1,1,1,,,,
2022,Idaho St,Southern Utah,71,79,0,Regular Season,2022-03-04,Idaho St,1,4,1,,,,
2022,Long Beach St,UC Davis,68,65,0,Regular Season,2022-03-04,Long Beach St,1,4,4,,,,
2022,Norfolk St,Howard,83,61,0,Regular Season,2022-03-04,Norfolk St,1,2,2,,,,
2022,Lehigh,Army,91,77,0,Patriot League Championship - Quarterfinal,2022-03-04,Lehigh,1,5,5,,,,
2022,N Kentucky,Detroit Mercy,77,59,0,KEEPS Horizon League Championship - Quarterfinal,2022-03-04,N Kentucky,1,4,1,,,,
2022,Auburn,South Carolina,82,71,0,Regular Season,2022-03-05,Auburn,1,1,2,,,,
2022,Dayton,Davidson,82,76,0,Regular Season,2022-03-05,Dayton,1,3,1,,,,
2022,Harvard,Dartmouth,54,76,0,Regular Season,2022-03-05,Harvard,1,5,6,,,,
2022,Nicholls,New Orleans,92,85,0,Regular Season,2022-03-05,Nicholls,1,1,1,,,,
2022,Alcorn St,AR-Pine Bluff,100,77,0,Regular Season,2022-03-05,Alcorn St,1,0,0,,,,
2022,San José St,Utah State,52,75,0,Regular Season,2022-03-05,San José St,1,2,5,,,,
2022,Troy,Little Rock,69,62,1,Hercules Tires Sun Belt Championship - Quarterfinal,2022-03-05,,0,6,1,,,,
2022,Ohio State,Michigan,69,75,0,Regular Season,2022-03-06,Ohio State,1,1,1,,,,
2022,Hou Christian,McNeese,149,144,0,Regular Season,2022-03-06,Hou Christian,1,2,7,,,,
2022,UCLA,USC,75,68,0,Regular Season,2022-03-06,UCLA,1,4,3,,,,
2022,App State,GA Southern,73,60,1,Hercules Tires Sun Belt Championship - Quarterfinal,2022-03-06,,0,7,1,,,,
2022,N Dakota St,Denver,82,62,1,Summit League Championship - Quarterfinal,2022-03-06,,0,7,7,,,,
2022,Chattanooga,Furman,64,63,1,SoCon Championship - Final,2022-03-08,,0,1,1,,,,
2022,UNC Wilmington,Charleston,60,57,1,CAA Championship - Semifinal,2022-03-08,,0,1,0,,,,
2022,Fairfield,Canisius,72,50,1,MAAC Championship - 1st Round,2022-03-09,,0,3,3,,,,
2022,UNC Wilmington,Delaware,55,59,1,CAA Championship - Final,2022-03-09,,0,0,1,,,,
2022,Abilene Chrstn,Utah Valley,82,74,1,WAC Tournament - 2nd Round,2022-03-10,,0,3,0,,,,
2022,Long Beach St,Bakersfield,72,61,1,Hercules Tires Big West Championship - Quarterfinal,2022-03-10,,0,3,0,,,,
2022,UMBC,Hartford,80,60,0,America East Playoffs - Semifinal,2022-03-10,UMBC,1,3,3,,,,
2022,Cincinnati,East Carolina,74,63,1,Air Force Reserve American Athletic Conference Championship - 1st Round,2022-03-10,,0,5,4,,,,
2022,Colorado,Oregon,80,69,1,Pac-12 Tournament - Quarterfinal,2022-03-10,,0,3,0,,,,
2022,UConn,Seton Hall,62,52,1,Big East Tournament - Quarterfinal,2022-03-11,,0,5,0,,,,
2022,Monmouth,Niagara,61,58,1,MAAC Championship - Quarterfinal,2022-03-11,,0,5,5,,,,
2022,Florida A&M,Alabama A&M,56,61,1,SWAC Tournament - Quarterfinal,2022-03-11,,0,5,5,,,,
2022,UAB,FAU,80,66,1,C-USA Championship - Quarterfinal,2022-03-11,,0,5,0,,,,
2022,Villanova,UConn,63,60,1,Big East Tournament - Semifinal,2022-03-12,,0,0,0,,,,
2022,NC Central,Coppin St,73,79,1,MEAC Tournament - Semifinal,2022-03-12,,0,0,0,,,,
2022,Memphis,UCF,85,69,1,Air Force Reserve American Athletic Conference Championship - Quarterfinal,2022-03-12,,0,5,0,,,,
2022,Princeton,Yale,64,66,1,Ivy League Tournament Presented by TIAA - Final,2022-03-13,,0,0,0,,,,
2022,Texas Southern,Texas A&M-CC,76,67,1,Men's Basketball Championship - Midwest Region - First Four,2022-03-15,,0,2,1,,,,
2022,Washington St,Santa Clara,63,50,0,NIT - 1st Round,2022-03-16,Washington St,1,4,7,,,,
2022,Colorado St,Michigan,63,75,1,Men's Basketball Championship - South Region - 1st Round,2022-03-17,,0,4,6,,,,
2022,Youngstown St,Morgan St,70,65,0,The Basketball Classic - 1st Round,2022-03-17,Youngstown St,1,12,5,,,,
2022,LSU,Iowa State,54,59,1,Men's Basketball Championship - Midwest Region - 1st Round,2022-03-18,,0,6,6,,,,
2022,Providence,Richmond,79,51,1,Men's Basketball Championship - Midwest Region - 2nd Round,2022-03-19,,0,1,1,,,,
2022,Arkansas,New Mexico St,53,48,1,Men's Basketball Championship - West Region - 2nd Round,2022-03-20,,0,1,2,,,,
2022,UNC Wilmington,VMI,93,78,1,Roman CBI Tournament - 1st Round,2022-03-20,,0,10,12,,,,
2022,Oklahoma,St Bonaventure,68,70,0,NIT - 2nd Round,2022-03-21,Oklahoma,1,5,4,,,,
2022,Gonzaga,Arkansas,68,74,1,Men's Basketball Championship - West Region - Sweet 16,2022-03-24,,0,3,3,,,,
2022,Kansas,Miami,76,50,1,Men's Basketball Championship - Midwest Region - Elite 8,2022-03-27,,0,1,0,,,,
2023,Michigan,Purdue FW,75,56,0,Regular Season,2022-11-07,Michigan,1,,,,,,
2023,Milwaukee,MSOE,102,46,0,Regular Season,2022-11-07,Milwaukee,1,,,,,,
2023,Pitt,UT Martin,80,58,0,Regular Season,2022-11-08,Pitt,1,,,,,,
2023,Vanderbilt,Memphis,67,76,0,Regular Season,2022-11-08,Vanderbilt,1,,,,,,
2023,Maryland,Niagara,71,49,0,Regular Season,2022-11-08,Maryland,1,,,,,,
2023,UCLA,Sacramento St,76,50,0,Regular Season,2022-11-08,UCLA,1,,,,,,
2023,Liberty,Regent,104,38,0,Regular Season,2022-11-08,Liberty,1,,,,,,
2023,New Mexico,Southern Utah,89,81,0,Regular Season,2022-11-08,New Mexico,1,,,,,,
2023,St Bonaventure,Saint Francis,71,58,0,Regular Season,2022-11-08,St Bonaventure,1,,,,,,
2023,SMU,E Texas A&M,77,60,0,Regular Season,2022-11-08,SMU,1,,,,,,
2023,BYU,Idaho St,60,56,0,Regular Season,2022-11-08,BYU,1,,,,,,
2023,McNeese,Champ Chrstn,110,54,0,Regular Season,2022-11-08,McNeese,1,,,,,,
2023,Bryant,THMAS,147,39,0,Regular Season,2022-11-08,Bryant,1,,,,,,
2023,NC A&T,Edward Waters,100,61,0,Regular Season,2022-11-08,NC A&T,1,,,,,,
2023,Louisiana,Centenary (LA),106,55,0,Regular Season,2022-11-08,Louisiana,1,,,,,,
2023,Samford,Anderson SC,109,85,0,Regular Season,2022-11-08,Samford,1,,,,,,
2023,Coastal,St Mary's (MD),97,43,0,Regular Season,2022-11-08,Coastal,1,,,,,,
2023,South Carolina,SC State,80,77,0,Regular Season,2022-11-09,South Carolina,1,,,,,,
2023,South Dakota,Lipscomb,85,77,0,Regular Season,2022-11-10,South Dakota,1,1,,,,,
2023,James Madison,Hampton,106,58,0,Regular Season,2022-11-10,James Madison,1,2,,,,,
2023,Prairie View,N American,95,68,0,Regular Season,2022-11-10,Prairie View,1,2,,,,,
2023,Maryland,W Carolina,71,51,0,Regular Season,2022-11-11,Maryland,1,2,2,,,,
2023,Toledo,UAB,93,85,1,Regular Season,2022-11-11,,0,2,2,,,,
2023,UL Monroe,Dall Christian,111,59,0,Regular Season,2022-11-11,UL Monroe,1,2,,,,,
2023,The Citadel,Presbyterian,70,58,0,Regular Season,2022-11-11,The Citadel,1,2,2,,,,
2023,Lindenwood,Han LaGrange,85,58,0,Regular Season,2022-11-11,Lindenwood,1,2,,,,,
2023,Sam Houston,SW Adventist,120,33,0,Regular Season,2022-11-11,Sam Houston,1,2,,,,,
2023,Florida,Kennesaw St,88,78,0,Regular Season,2022-11-12,Florida,1,3,3,,,,
2023,Michigan,E Michigan,88,83,1,Regular Season,2022-11-12,,0,4,3,,,,
2023,DePaul,W Illinois,86,74,0,Baha Mar Hoops - Bahamas Championship - Campus Game,2022-11-12,DePaul,1,3,1,,,,
2023,Dartmouth,Bryant,70,89,0,Regular Season,2022-11-12,Dartmouth,1,3,3,,,,
2023,Navy,Princeton,74,73,0,Veterans Classic,2022-11-12,Navy,1,3,3,,,,
2023,Drexel,Old Dominion,71,59,0,Regular Season,2022-11-12,Drexel,1,,3,,,,
2023,UNC Wilmington,Allen,104,55,0,Regular Season,2022-11-12,UNC Wilmington,1,3,,,,,
2023,Purdue FW,SIUE,81,76,0,Regular Season,2022-11-12,Purdue FW,1,4,3,,,,
2023,Georgia St,Georgia Tech,57,59,0,Regular Season,2022-11-13,Georgia St,1,4,4,,,,
2023,ETSU,Louisiana,77,81,1,Asheville Championship,2022-11-13,,0,0,1,,,,
2023,LMU,UC Davis,85,75,0,Regular Season,2022-11-13,LMU,1,1,2,,,,
2023,N'Western St,Illinois St,67,69,0,Regular Season,2022-11-13,N'Western St,1,2,1,,,,
2023,So Indiana,S Illinois,71,53,0,Regular Season,2022-11-13,So Indiana,1,4,1,,,,
2023,Villanova,Delaware St,60,50,0,Regular Season,2022-11-14,Villanova,1,1,2,,,,
2023,Florida St,Troy,72,79,0,Regular Season,2022-11-15,Florida St,1,2,3,,,,
2023,Liberty,NC Central,79,63,0,Regular Season,2022-11-15,Liberty,1,2,4,,,,
2023,Coppin St,Navy,75,68,0,Regular Season,2022-11-15,Coppin St,1,2,2,,,,
2023,Arkansas St,Lyon,82,58,0,Regular Season,2022-11-15,Arkansas St,1,2,2,,,,
2023,Bethune,FL National,71,57,0,Regular Season,2022-11-15,Bethune,1,3,3,,,,
2023,North Alabama,Blue Mountain,100,60,0,Regular Season,2022-11-15,North Alabama,1,3,,,,,
2023,Michigan St,Kentucky,86,77,1,State Farm Champions Classic,2022-11-16,,0,4,3,,,,
2023,UConn,Buffalo,84,64,0,Regular Season,2022-11-16,UConn,1,4,3,,,,
2023,Rhode Island,Stony Brook,74,64,0,Regular Season,2022-11-16,Rhode Island,1,3,4,,,,
2023,Howard,James Madison,69,95,0,Regular Season,2022-11-16,Howard,1,2,3,,,,
2023,Akron,Morgan St,65,59,0,Regular Season,2022-11-16,Akron,1,3,2,,,,
2023,Texas A&M,Murray St,79,88,1,Myrtle Beach Invitational,2022-11-17,,0,4,3,,,,
2023,Canisius,Cleveland St,57,58,0,Regular Season,2022-11-17,Canisius,1,3,4,,,,
2023,Detroit Mercy,Ohio,88,74,0,Regular Season,2022-11-17,Detroit Mercy,1,5,4,,,,
2023,Stetson,Rider,78,68,1,MAAC/ASUN Dublin Challenge,2022-11-18,,0,2,5,,,,
2023,Marquette,Long Island,95,58,0,Fort Myers Tip-Off - Campus Game,2022-11-18,Marquette,1,1,3,,,,
2023,Tulsa,Loyola Chicago,85,66,1,Myrtle Beach Invitational,2022-11-18,,0,5,5,,,,
2023,Duquesne,Colgate,85,80,1,Regular Season,2022-11-18,,0,2,1,,,,
2023,Illinois St,N'Western St,67,70,0,Regular Season,2022-11-18,Illinois St,1,4,2,,,,
2023,Wright St,Defiance,99,56,0,Regular Season,2022-11-18,Wright St,1,1,10,,,,
2023,Florida St,Florida,67,76,0,Regular Season,2022-11-19,Florida St,1,3,3,,,,
2023,West Virginia,Penn,92,58,0,Regular Season,2022-11-19,West Virginia,1,2,2,,,,
2023,Davidson,South Carolina,69,60,1,Shriners Children's Charleston Classic,2022-11-19,,0,0,1,,,,
2023,Lafayette,C Connecticut,55,50,1,Regular Season,2022-11-19,,0,0,2,,,,
2023,App State,Campbell,58,63,0,Regular Season,2022-11-19,App State,1,3,6,,,,
2023,SC Upstate,Coastal,79,78,0,Regular Season,2022-11-19,SC Upstate,1,2,6,,,,
2023,Missouri St,MTSU,75,51,0,Regular Season,2022-11-19,Missouri St,1,1,2,,,,
2023,N Colorado,San José St,69,80,0,Regular Season,2022-11-19,N Colorado,1,3,0,,,,
2023,Indiana,Miami OH,86,56,1,Hoosier Tip-Off Classic,2022-11-20,,0,1,1,,,,
2023,Tulsa,Murray St,60,77,1,Myrtle Beach Invitational,2022-11-20,,0,0,1,,,,
2023,Memphis,VCU,62,47,0,Regular Season,2022-11-20,Memphis,1,3,1,,,,
2023,Longwood,SIUE,56,61,0,Regular Season,2022-11-20,Longwood,1,0,0,,,,
2023,Holy Cross,Stonehill,79,81,1,Tom Konchalski Classic,2022-11-20,,0,4,4,,,,
2023,Virginia,Illinois,70,61,1,Main Event,2022-11-20,,0,0,0,,,,
2023,Boise St,Colorado,68,55,1,Myrtle Beach Invitational,2022-11-21,,0,1,2,,,,
2023,Drexel,UT Arlington,59,38,1,Gulf Coast Showcase,2022-11-21,,0,2,1,,,,
2023,Oregon,Houston,56,66,0,Regular Season,2022-11-21,Oregon,1,4,3,,,,
2023,Kansas St,Rhode Island,77,57,1,Cayman Islands Classic,2022-11-22,,0,4,5,,,,
2023,Long Island,South Dakota,58,68,1,Fort Myers Tip-Off - Palms Division,2022-11-22,,0,3,3,,,,
2023,UNLV,S Illinois,56,49,1,SoCal Challenge,2022-11-22,,0,2,3,,,,
2023,Texas A&M-CC,Bakersfield,63,73,1,Regular Season,2022-11-22,,0,3,4,,,,
2023,Marshall,Chicago St,82,70,0,Regular Season,2022-11-22,Marshall,1,1,2,,,,
2023,Rutgers,Rider,76,46,0,Regular Season,2022-11-23,Rutgers,1,4,3,,,,
2023,Liberty,Bradley,55,44,1,Cancun Challenge - Riviera Division,2022-11-23,,0,0,0,,,,
2023,Toledo,N Kentucky,82,69,1,Gulf Coast Showcase,2022-11-23,,0,0,0,,,,
2023,UTSA,Prairie View,82,75,0,Regular Season,2022-11-23,UTSA,1,4,2,,,,
2023,William & Mary,Radford,62,51,0,Regular Season,2022-11-23,William & Mary,1,3,2,,,,
2023,Binghamton,Columbia,81,79,0,Regular Season,2022-11-23,Binghamton,1,3,2,,,,
2023,Niagara,D'Youville,91,53,0,Regular Season,2022-11-23,Niagara,1,3,,,,,
2023,Portland,North Carolina,81,89,1,Phil Knight Invitational,2022-11-24,,0,3,3,,,,
2023,Santa Barbara,North Alabama,89,71,0,Regular Season,2022-11-24,Santa Barbara,1,1,1,,,,
2023,USC,Tennessee,66,73,1,Bad Boy Mowers Battle 4 Atlantis,2022-11-24,,0,0,0,,,,
2023,UCF,Evansville,76,56,0,Regular Season,2022-11-24,UCF,1,2,4,,,,
2023,West Virginia,Purdue,68,80,1,Phil Knight Legacy,2022-11-25,,0,5,8,,,,
2023,North Texas,San José St,69,54,1,Baha Mar Hoops - Nassau Championship,2022-11-25,,0,1,5,,,,
2023,Florida,Oregon St,81,68,1,Phil Knight Legacy,2022-11-25,,0,0,0,,,,
2023,North Dakota,Utah Tech,67,52,0,Regular Season,2022-11-25,North Dakota,1,1,5,,,,
2023,James Madison,Coastal GA,100,54,1,Regular Season,2022-11-25,,0,4,12,,,,
2023,Rutgers,C Connecticut,83,49,0,Regular Season,2022-11-26,Rutgers,1,2,2,,,,
2023,Vermont,UNC Wilmington,66,68,1,Baha Mar Hoops - Nassau Championship,2022-11-26,,0,0,0,,,,
2023,Charlotte,Presbyterian,69,42,0,Regular Season,2022-11-26,Charlotte,1,2,2,,,,
2023,La Salle,Binghamton,65,62,0,Regular Season,2022-11-26,La Salle,1,5,2,,,,
2023,Fullerton,Utah Tech,60,66,1,Regular Season,2022-11-26,,0,2,0,,,,
2023,Drake,Louisiana,76,64,0,Regular Season,2022-11-26,Drake,1,3,2,,,,
2023,San Diego,New Mexico St,77,90,1,Las Vegas Classic,2022-11-26,,0,3,12,,,,
2023,Marquette,Chicago St,82,68,0,Regular Season,2022-11-27,Marquette,1,3,3,,,,
2023,Michigan St,Portland,78,77,1,Phil Knight Invitational,2022-11-27,,0,0,1,,,,
2023,Saint Peter's,FDU,77,63,0,Regular Season,2022-11-27,Saint Peter's,1,3,3,,,,
2023,Temple,Drexel,73,61,0,Regular Season,2022-11-27,Temple,1,3,3,,,,
2023,NJIT,Wagner,57,62,0,Regular Season,2022-11-27,NJIT,1,4,6,,,,
2023,Oklahoma St,Prairie View,78,53,0,Regular Season,2022-11-27,Oklahoma St,1,0,0,,,,
2023,Grand Canyon,B'tine Mesa,110,53,0,Regular Season,2022-11-27,Grand Canyon,1,4,10,,,,
2023,UTSA,Dartmouth,77,78,0,San Antonio Shootout,2022-11-28,UTSA,1,1,0,,,,
2023,UT Arlington,Howard Payne,99,41,0,Regular Season,2022-11-29,UT Arlington,1,5,,,,,
2023,Morgan St,VA Lynchburg,123,59,0,Regular Season,2022-11-29,Morgan St,1,5,12,,,,
2023,Kentucky,Bellarmine,60,41,0,Regular Season,2022-11-30,Kentucky,1,6,1,,,,
2023,San Diego St,UC Irvine,72,69,0,Regular Season,2022-11-30,San Diego St,1,5,2,,,,
2023,N Arizona,Ottawa (AZ),82,51,0,Regular Season,2022-11-30,N Arizona,1,2,,,,,
2023,Bakersfield,La Sierra,90,49,0,Regular Season,2022-11-30,Bakersfield,1,4,12,,,,
2023,UConn,Oklahoma St,74,64,0,Big East-Big 12 Battle,2022-12-01,UConn,1,2,3,,,,
2023,GA Southern,FGCU,53,70,0,Regular Season,2022-12-01,GA Southern,1,4,6,,,,
2023,Yale,Howard,86,40,0,Regular Season,2022-12-01,Yale,1,3,4,,,,
2023,Seattle U,Fullerton,69,62,0,Regular Season,2022-12-01,Seattle U,1,1,3,,,,
2023,UIC,Missouri St,51,66,0,Regular Season,2022-12-01,UIC,1,3,3,,,,
2023,Princeton,Cairn,92,58,0,Regular Season,2022-12-01,Princeton,1,4,12,,,,
2023,Cleveland St,Oakland,80,64,0,Regular Season,2022-12-02,Cleveland St,1,5,4,,,,
2023,Utah State,Utah Tech,86,81,0,Regular Season,2022-12-02,Utah State,1,8,5,,,,
2023,Oregon St,Washington,66,65,0,Regular Season,2022-12-02,Oregon St,1,3,2,,,,
2023,Vanderbilt,Wofford,65,62,0,Regular Season,2022-12-03,Vanderbilt,1,1,0,,,,
2023,Xavier,West Virginia,84,74,0,Big East-Big 12 Battle,2022-12-03,Xavier,1,1,4,,,,
2023,Dartmouth,Bakersfield,79,54,0,Regular Season,2022-12-03,Dartmouth,1,1,2,,,,
2023,Buffalo,St Bonaventure,83,66,0,Regular Season,2022-12-03,Buffalo,1,5,1,,,,
2023,E Washington,N Dakota St,78,70,0,Regular Season,2022-12-03,E Washington,1,5,5,,,,
2023,New Orleans,Louisiana,77,78,0,Regular Season,2022-12-03,New Orleans,1,7,2,,,,
2023,Binghamton,Stonehill,66,69,0,Regular Season,2022-12-03,Binghamton,1,2,1,,,,
2023,Merrimack,Boston U,54,68,0,Regular Season,2022-12-03,Merrimack,1,2,4,,,,
2023,NC Central,St. Andrews,127,40,0,Regular Season,2022-12-03,NC Central,1,0,10,,,,
2023,Memphis,Ole Miss,68,57,0,Regular Season,2022-12-04,Memphis,1,2,6,,,,
2023,FGCU,FIU,74,65,0,Regular Season,2022-12-04,FGCU,1,2,2,,,,
2023,Harvard,Tufts,76,59,0,Regular Season,2022-12-04,Harvard,1,0,,,,,
2023,Idaho St,Southern Utah,59,69,0,Regular Season,2022-12-04,Idaho St,1,3,2,,,,
2023,Valparaiso,Murray St,70,77,0,Regular Season,2022-12-04,Valparaiso,1,1,1,,,,
2023,San Francisco,Utah State,64,82,0,Regular Season,2022-12-05,San Francisco,1,3,2,,,,
2023,Mercer,Middle GA St.,100,62,0,Regular Season,2022-12-06,Mercer,1,2,3,,,,
2023,Kansas St,Abilene Chrstn,81,64,0,Regular Season,2022-12-07,Kansas St,1,2,3,,,,
2023,Pepperdine,Nevada,77,85,0,Regular Season,2022-12-07,Pepperdine,1,2,2,,,,
2023,Belmont,Trevecca,83,53,0,Regular Season,2022-12-07,Belmont,1,2,0,,,,
2023,Presbyterian,Charleston,62,67,0,Regular Season,2022-12-07,Presbyterian,1,4,3,,,,
2023,Morgan St,Wilkes-Barre,95,48,0,Regular Season,2022-12-07,Morgan St,1,3,,,,,
2023,West Virginia,Navy,85,64,0,Regular Season,2022-12-08,West Virginia,1,4,4,,,,
2023,Rhode Island,Brown,58,59,0,Regular Season,2022-12-08,Rhode Island,1,4,3,,,,
2023,SE Louisiana,Belhaven,107,71,0,Regular Season,2022-12-08,SE Louisiana,1,4,12,,,,
2023,Washington St,N Kentucky,68,47,0,Regular Season,2022-12-08,Washington St,1,3,4,,,,
2023,W Illinois,Iowa Wesleyan,84,73,0,Regular Season,2022-12-08,W Illinois,1,4,,,,,
2023,Villanova,Boston College,77,56,1,Never Forget Tribute Classic,2022-12-10,,0,1,2,,,,
2023,California,Butler,58,82,0,Regular Season,2022-12-10,California,1,1,3,,,,
2023,Providence,UAlbany,93,55,0,Regular Season,2022-12-10,Providence,1,1,3,,,,
2023,C Connecticut,Dartmouth,59,50,0,Regular Season,2022-12-10,C Connecticut,1,6,2,,,,
2023,Houston,Alabama,65,71,0,Regular Season,2022-12-10,Houston,1,2,5,,,,
2023,N'Western St,UL Monroe,91,73,0,Regular Season,2022-12-10,N'Western St,1,5,6,,,,
2023,Wichita St,Longwood,81,63,0,Regular Season,2022-12-10,Wichita St,1,5,6,,,,
2023,Illinois St,SIUE,77,71,0,Regular Season,2022-12-10,Illinois St,1,1,2,,,,
2023,Texas A&M,Oregon St,72,54,0,Regular Season,2022-12-11,Texas A&M,1,6,5,,,,
2023,Tennessee St,Lipscomb,90,85,0,Regular Season,2022-12-11,Tennessee St,1,3,0,,,,
2023,UCF,Tarleton St,75,49,0,Regular Season,2022-12-11,UCF,1,6,3,,,,
2023,N Dakota St,Waldorf,99,54,0,Regular Season,2022-12-11,N Dakota St,1,0,,,,,
2023,Marist,Boston U,70,72,0,Regular Season,2022-12-11,Marist,1,6,2,,,,
2023,Wyoming,Louisiana Tech,92,65,0,Regular Season,2022-12-11,Wyoming,1,3,7,,,,
2023,VCU,Howard,70,60,0,Regular Season,2022-12-12,VCU,1,3,8,,,,
2023,Omaha,Mid Luthrn,104,72,0,Regular Season,2022-12-13,Omaha,1,2,,,,,
2023,San Diego,UC San Diego,84,58,0,Regular Season,2022-12-13,San Diego,1,1,9,,,,
2023,Iona,Princeton,70,64,1,Regular Season,2022-12-14,,0,2,2,,,,
2023,Loyola MD,UMBC,69,72,0,Regular Season,2022-12-14,Loyola MD,1,2,3,,,,
2023,Florida A&M,Edward Waters,58,47,0,Regular Season,2022-12-14,Florida A&M,1,10,12,,,,
2023,Lipscomb,Tennessee Tech,64,63,0,Regular Season,2022-12-15,Lipscomb,1,3,4,,,,
2023,Denver,CO Christian,85,74,0,Regular Season,2022-12-15,Denver,1,4,12,,,,
2023,Jax State,Reinhardt,97,63,0,Regular Season,2022-12-15,Jax State,1,5,,,,,
2023,MTSU,Chattanooga,73,82,0,Regular Season,2022-12-16,MTSU,1,5,5,,,,
2023,Virginia Tech,Grambling,74,48,0,Regular Season,2022-12-17,Virginia Tech,1,5,6,,,,
2023,Purdue,Davidson,69,61,1,Indy Classic,2022-12-17,,0,6,8,,,,
2023,Norfolk St,Hampton,78,66,1,Chris Paul's HBCU Challenge,2022-12-17,,0,1,5,,,,
2023,E Washington,UC Davis,79,68,0,Regular Season,2022-12-17,E Washington,1,2,2,,,,
2023,SE Louisiana,Troy,71,77,0,Regular Season,2022-12-17,SE Louisiana,1,0,6,,,,
2023,Oral Roberts,Missouri St,80,77,0,Regular Season,2022-12-17,Oral Roberts,1,3,5,,,,
2023,Tennessee St,Bryan (TN),99,78,0,Regular Season,2022-12-17,Tennessee St,1,1,,,,,
2023,Manhattan,C Connecticut,67,78,0,Regular Season,2022-12-17,Manhattan,1,5,5,,,,
2023,Iowa,SE Missouri,106,75,0,Regular Season,2022-12-18,Iowa,1,6,2,,,,
2023,Air Force,Tarleton St,81,67,0,Regular Season,2022-12-18,Air Force,1,7,6,,,,
2023,Kent State,Concord,106,56,0,Regular Season,2022-12-18,Kent State,1,7,,,,,
2023,UNC Wilmington,High Point,85,82,0,Regular Season,2022-12-18,UNC Wilmington,1,7,7,,,,
2023,N Kentucky,Miami Hamilton,81,41,0,Regular Season,2022-12-18,N Kentucky,1,2,12,,,,
2023,Gardner-Webb,Bob Jones,116,55,0,Regular Season,2022-12-19,Gardner-Webb,1,1,12,,,,
2023,UConn,Georgetown,84,73,0,Regular Season,2022-12-20,UConn,1,1,3,,,,
2023,IU Indy,E Texas A&M,62,52,1,Regular Season,2022-12-20,,0,0,0,,,,
2023,Oklahoma St,Texas A&M-CC,81,58,0,Regular Season,2022-12-20,Oklahoma St,1,1,3,,,,
2023,Illinois St,Chicago St,66,52,0,Regular Season,2022-12-20,Illinois St,1,2,2,,,,
2023,Kansas St,Radford,73,65,0,Regular Season,2022-12-21,Kansas St,1,2,3,,,,
2023,Liberty,Mid Atl Chrstn,88,50,0,Regular Season,2022-12-21,Liberty,1,0,12,,,,
2023,Alabama,Jackson St,84,64,0,Regular Season,2022-12-21,Alabama,1,3,3,,,,
2023,Coppin St,James Madison,107,100,0,Regular Season,2022-12-21,Coppin St,1,7,2,,,,
2023,Valparaiso,Stonehill,77,67,0,Regular Season,2022-12-21,Valparaiso,1,2,0,,,,
2023,North Carolina,Michigan,80,76,1,Jumpman Invitational,2022-12-22,,0,4,4,,,,
2023,California,UT Arlington,73,51,0,Regular Season,2022-12-22,California,1,3,1,,,,
2023,Long Island,Purchase,95,58,0,Regular Season,2022-12-22,Long Island,1,3,,,,,
2023,Memphis,Alabama St,83,61,0,Regular Season,2022-12-22,Memphis,1,3,1,,,,
2023,SE Louisiana,Southern,80,62,0,Regular Season,2022-12-22,SE Louisiana,1,4,3,,,,
2023,Arkansas,UNC Asheville,85,51,0,Regular Season,2022-12-22,Arkansas,1,4,4,,,,
2023,Kentucky,Florida A&M,88,68,0,Regular Season,2022-12-22,Kentucky,1,4,4,,,,
2023,Washington St,G Washington,66,64,1,Hawaiian Airlines Diamond Head Classic,2022-12-23,,0,3,9,,,,
2023,South Florida,NJIT,92,73,0,Regular Season,2022-12-23,South Florida,1,2,4,,,,
2023,Utah State,SMU,74,77,1,Hawaiian Airlines Diamond Head Classic,2022-12-24,,0,1,1,,,,
2023,TCU,C Arkansas,103,57,0,Regular Season,2022-12-28,TCU,1,5,6,,,,
2023,Bellarmine,Liberty,53,70,0,Regular Season,2022-12-29,Bellarmine,1,6,7,,,,
2023,New Mexico St,Southern Utah,75,79,0,Regular Season,2022-12-29,New Mexico St,1,5,6,,,,
2023,Purdue,Florida A&M,82,49,0,Regular Season,2022-12-29,Purdue,1,6,6,,,,
2023,Richmond,Coppin St,83,65,0,Regular Season,2022-12-29,Richmond,1,6,5,,,,
2023,Lipscomb,Stetson,80,86,0,Regular Season,2022-12-30,Lipscomb,1,9,7,,,,
2023,Northeastern,NC A&T,88,76,0,Regular Season,2022-12-30,Northeastern,1,8,6,,,,
2023,Denver,Kansas City,85,83,0,Regular Season,2022-12-30,Denver,1,7,9,,,,
2023,Portland,LMU,72,92,0,Regular Season,2022-12-30,Portland,1,7,7,,,,
2023,Illinois,Bethune,85,52,0,Regular Season,2022-12-30,Illinois,1,6,7,,,,
2023,North Texas,FAU,46,50,0,Regular Season,2022-12-30,North Texas,1,6,7,,,,
2023,Miami OH,St Mary's,90,51,0,Regular Season,2022-12-30,Miami OH,1,6,12,,,,
2023,Kennesaw St,C Arkansas,82,66,0,Regular Season,2022-12-31,Kennesaw St,1,6,2,,,,
2023,Hofstra,NC A&T,79,81,0,Regular Season,2022-12-31,Hofstra,1,0,0,,,,
2023,North Dakota,N Dakota St,49,71,0,Regular Season,2022-12-31,North Dakota,1,10,9,,,,
2023,Gonzaga,Pepperdine,111,88,0,Regular Season,2022-12-31,Gonzaga,1,2,5,,,,
2023,Charleston So,SC Upstate,90,85,0,Regular Season,2022-12-31,Charleston So,1,1,1,,,,
2023,Wyoming,New Mexico,75,76,0,Regular Season,2022-12-31,Wyoming,1,1,1,,,,
2023,St Bonaventure,UMass,83,64,0,Regular Season,2022-12-31,St Bonaventure,1,8,9,,,,
2023,Fairfield,Marist,73,54,0,Regular Season,2022-12-31,Fairfield,1,12,7,,,,
2023,MTSU,Western KY,65,60,0,Regular Season,2022-12-31,MTSU,1,1,0,,,,
2023,Houston,UCF,71,65,0,Regular Season,2022-12-31,Houston,1,1,1,,,,
2023,Hawai'i,Cal Poly,57,48,0,Regular Season,2023-01-01,Hawai'i,1,1,1,,,,
2023,Dartmouth,Cornell,63,74,0,Regular Season,2023-01-01,Dartmouth,1,10,1,,,,
2023,Kansas St,West Virginia,82,76,0,Regular Season,2023-01-01,Kansas St,1,10,9,,,,
2023,Bucknell,Boston U,61,69,0,Regular Season,2023-01-02,Bucknell,1,2,2,,,,
2023,MD Eastern,St Mary's (MD),87,56,0,Regular Season,2023-01-03,MD Eastern,1,5,12,,,,
2023,Boise St,San José St,67,64,0,Regular Season,2023-01-04,Boise St,1,5,3,,,,
2023,Boston College,Notre Dame,70,63,0,Regular Season,2023-01-04,Boston College,1,3,4,,,,
2023,Furman,The Citadel,97,72,0,Regular Season,2023-01-05,Furman,1,4,4,,,,
2023,Rhode Island,Fordham,82,79,0,Regular Season,2023-01-05,Rhode Island,1,4,6,,,,
2023,Providence,UConn,73,61,0,Regular Season,2023-01-05,Providence,1,3,4,,,,
2023,Missouri St,Evansville,85,62,0,Regular Season,2023-01-05,Missouri St,1,3,3,,,,
2023,C Arkansas,E Kentucky,75,77,0,Regular Season,2023-01-06,C Arkansas,1,2,3,,,,
2023,UC Riverside,Fullerton,62,77,0,Regular Season,2023-01-06,UC Riverside,1,5,4,,,,
2023,Morehead St,So Indiana,84,80,0,Regular Season,2023-01-06,Morehead St,1,5,5,,,,
2023,Louisiana,Southern Miss,75,61,0,Regular Season,2023-01-06,Louisiana,1,5,5,,,,
2023,Sam Houston,Grand Canyon,68,72,0,Regular Season,2023-01-06,Sam Houston,1,5,6,,,,
2023,Colgate,Navy,87,73,0,Regular Season,2023-01-06,Colgate,1,3,3,,,,
2023,Boston U,Lafayette,73,69,0,Regular Season,2023-01-06,Boston U,1,3,2,,,,
2023,Drexel,Monmouth,67,35,0,Regular Season,2023-01-07,Drexel,1,0,0,,,,
2023,UT Martin,Tennessee Tech,80,84,0,Regular Season,2023-01-07,UT Martin,1,0,0,,,,
2023,Stonehill,C Connecticut,51,49,0,Regular Season,2023-01-07,Stonehill,1,0,0,,,,
2023,Gardner-Webb,Radford,59,63,0,Regular Season,2023-01-07,Gardner-Webb,1,1,1,,,,
2023,Richmond,Duquesne,75,73,0,Regular Season,2023-01-07,Richmond,1,1,1,,,,
2023,Illinois,Wisconsin,79,69,0,Regular Season,2023-01-07,Illinois,1,1,2,,,,
2023,Norfolk St,MD Eastern,57,46,0,Regular Season,2023-01-07,Norfolk St,1,1,3,,,,
2023,Cornell,Penn,88,69,0,Regular Season,2023-01-07,Cornell,1,5,3,,,,
2023,Indiana St,UIC,80,60,0,Regular Season,2023-01-07,Indiana St,1,1,1,,,,
2023,Memphis,East Carolina,69,59,0,Regular Season,2023-01-07,Memphis,1,5,1,,,,
2023,North Alabama,Stetson,85,95,0,Regular Season,2023-01-08,North Alabama,1,1,1,,,,
2023,St Thomas (MN),Omaha,80,68,0,Regular Season,2023-01-08,St Thomas (MN),1,1,1,,,,
2023,New Mexico,UNLV,77,84,0,Regular Season,2023-01-08,New Mexico,1,3,7,,,,
2023,FIU,UAB,90,87,0,Regular Season,2023-01-08,FIU,1,1,1,,,,
2023,American,Boston U,76,74,0,Regular Season,2023-01-08,American,1,1,1,,,,
2023,Delaware St,Norfolk St,65,78,0,Regular Season,2023-01-10,Delaware St,1,2,2,,,,
2023,Ohio,Ball State,76,71,0,Regular Season,2023-01-11,Ohio,1,3,3,,,,
2023,LSU,Florida,56,67,0,Regular Season,2023-01-11,LSU,1,3,3,,,,
2023,Northern Iowa,Murray St,75,67,0,Regular Season,2023-01-11,Northern Iowa,1,3,3,,,,
2023,UC Irvine,Fullerton,70,65,0,Regular Season,2023-01-12,UC Irvine,1,3,3,,,,
2023,Samford,Wofford,83,58,0,Regular Season,2023-01-12,Samford,1,4,3,,,,
2023,Rhode Island,St Bonaventure,68,67,0,Regular Season,2023-01-12,Rhode Island,1,4,4,,,,
2023,Bryant,UAlbany,86,69,0,Regular Season,2023-01-12,Bryant,1,3,3,,,,
2023,Washington St,California,66,51,0,Regular Season,2023-01-12,Washington St,1,4,4,,,,
2023,Austin Peay,Lipscomb,65,87,0,Regular Season,2023-01-13,Austin Peay,1,5,5,,,,
2023,IU Indy,Purdue FW,55,70,0,Regular Season,2023-01-13,IU Indy,1,2,5,,,,
2023,Omaha,North Dakota,69,63,0,Regular Season,2023-01-13,Omaha,1,4,5,,,,
2023,Saint Mary's,LMU,76,62,0,Regular Season,2023-01-13,Saint Mary's,1,4,4,,,,
2023,Texas A&M-CC,SE Louisiana,82,85,0,Regular Season,2023-01-13,Texas A&M-CC,1,5,5,,,,
2023,Kennesaw St,North Florida,86,72,0,Regular Season,2023-01-14,Kennesaw St,1,0,0,,,,
2023,Charleston,Elon,78,60,0,Regular Season,2023-01-14,Charleston,1,1,1,,,,
2023,UL Monroe,Texas St,61,58,0,Regular Season,2023-01-14,UL Monroe,1,0,0,,,,
2023,Furman,UNC Greensboro,80,88,0,Regular Season,2023-01-14,Furman,1,1,1,,,,
2023,St Bonaventure,Richmond,71,63,0,Regular Season,2023-01-14,St Bonaventure,1,1,1,,,,
2023,Illinois,Michigan St,75,66,0,Regular Season,2023-01-14,Illinois,1,2,2,,,,
2023,Canisius,Marist,58,76,0,Regular Season,2023-01-14,Canisius,1,5,5,,,,
2023,UMBC,Maine,85,77,0,Regular Season,2023-01-14,UMBC,1,5,1,,,,
2023,Oregon,Arizona,87,68,0,Regular Season,2023-01-14,Oregon,1,0,0,,,,
2023,Tulane,UCF,77,69,0,Regular Season,2023-01-14,Tulane,1,1,1,,,,
2023,Portland St,N Colorado,67,69,0,Regular Season,2023-01-15,Portland St,1,1,1,,,,
2023,LMU,San Diego,98,84,0,Regular Season,2023-01-15,LMU,1,1,1,,,,
2023,Wyoming,Boise St,68,85,0,Regular Season,2023-01-15,Wyoming,1,3,2,,,,
2023,Niagara,Marist,64,66,0,Regular Season,2023-01-15,Niagara,1,0,0,,,,
2023,Western KY,FIU,70,59,0,Regular Season,2023-01-15,Western KY,1,2,2,,,,
2023,Michigan St,Purdue,63,64,0,Regular Season,2023-01-16,Michigan St,1,1,1,,,,
2023,Fullerton,Bakersfield,76,46,0,Regular Season,2023-01-17,Fullerton,1,2,2,,,,
2023,Penn,Princeton,60,72,0,Regular Season,2023-01-17,Penn,1,2,2,,,,
2023,Buffalo,Bowling Green,100,71,0,Regular Season,2023-01-18,Buffalo,1,3,3,,,,
2023,Kentucky,Georgia,85,71,0,Regular Season,2023-01-18,Kentucky,1,3,3,,,,
2023,Valparaiso,UIC,76,66,0,Regular Season,2023-01-18,Valparaiso,1,3,3,,,,
2023,Charleston So,UNC Asheville,63,73,0,Regular Season,2023-01-19,Charleston So,1,4,4,,,,
2023,Nebraska,Ohio State,63,60,0,Regular Season,2023-01-19,Nebraska,1,4,3,,,,
2023,Holy Cross,Colgate,71,77,0,Regular Season,2023-01-19,Holy Cross,1,4,4,,,,
2023,N Colorado,E Washington,75,83,0,Regular Season,2023-01-20,N Colorado,1,4,2,,,,
2023,Monmouth,Charleston,55,69,0,Regular Season,2023-01-20,Monmouth,1,5,3,,,,
2023,SE Missouri,UT Martin,60,80,0,Regular Season,2023-01-20,SE Missouri,1,5,4,,,,
2023,Santa Clara,BYU,83,76,0,Regular Season,2023-01-20,Santa Clara,1,4,4,,,,
2023,Illinois,Indiana,65,80,0,Regular Season,2023-01-20,Illinois,1,3,5,,,,
2023,UTSA,FAU,64,83,0,Regular Season,2023-01-20,UTSA,1,2,2,,,,
2023,North Florida,Liberty,62,73,0,Regular Season,2023-01-21,North Florida,1,0,0,,,,
2023,Northeastern,Charleston,61,87,0,Regular Season,2023-01-21,Northeastern,1,0,0,,,,
2023,North Dakota,Oral Roberts,72,84,0,Regular Season,2023-01-21,North Dakota,1,0,0,,,,
2023,Saint Francis,St Francis BK,87,61,0,Regular Season,2023-01-21,Saint Francis,1,4,3,,,,
2023,Radford,High Point,95,80,0,Regular Season,2023-01-21,Radford,1,1,1,,,,
2023,Duquesne,Fordham,58,65,0,Regular Season,2023-01-21,Duquesne,1,1,6,,,,
2023,St John's,Villanova,49,57,0,Regular Season,2023-01-21,St John's,1,5,4,,,,
2023,Siena,Mount St Marys,72,57,0,Regular Season,2023-01-21,Siena,1,5,5,,,,
2023,North Carolina,NC State,80,69,0,Regular Season,2023-01-21,North Carolina,1,2,2,,,,
2023,Colgate,American,62,61,0,Regular Season,2023-01-21,Colgate,1,1,1,,,,
2023,West Virginia,Texas,61,69,0,Regular Season,2023-01-21,West Virginia,1,1,2,,,,
2023,Wright St,Cleveland St,77,85,0,Regular Season,2023-01-22,Wright St,1,1,1,,,,
2023,CA Baptist,Tarleton St,77,48,0,Regular Season,2023-01-22,CA Baptist,1,6,1,,,,
2023,Mount St Marys,Marist,59,55,0,Regular Season,2023-01-22,Mount St Marys,1,0,0,,,,
2023,Stanford,Oregon,71,64,0,Regular Season,2023-01-22,Stanford,1,1,2,,,,
2023,Detroit Mercy,Oakland,67,76,0,Regular Season,2023-01-24,Detroit Mercy,1,2,3,,,,
2023,NC Central,MD Eastern,58,59,0,Regular Season,2023-01-24,NC Central,1,2,2,,,,
2023,UNC Asheville,Presbyterian,88,80,0,Regular Season,2023-01-25,UNC Asheville,1,3,3,,,,
2023,Florida St,Miami,63,86,0,Regular Season,2023-01-25,Florida St,1,3,3,,,,
2023,Bellarmine,E Kentucky,72,71,0,Regular Season,2023-01-26,Bellarmine,1,4,4,,,,
2023,Gardner-Webb,SC Upstate,78,66,0,Regular Season,2023-01-26,Gardner-Webb,1,4,4,,,,
2023,Alabama,Mississippi St,66,63,0,Regular Season,2023-01-26,Alabama,1,4,3,,,,
2023,Pitt,Wake Forest,81,79,0,Regular Season,2023-01-26,Pitt,1,4,4,,,,
2023,Hartford,Stonehill,73,56,0,Regular Season,2023-01-26,Hartford,1,1,3,,,,
2023,Hawai'i,Santa Barbara,64,65,0,Regular Season,2023-01-27,Hawai'i,1,5,4,,,,
2023,UT Martin,Lindenwood,66,59,0,Regular Season,2023-01-27,UT Martin,1,5,5,,,,
2023,South Alabama,Old Dominion,64,66,0,Regular Season,2023-01-27,South Alabama,1,5,4,,,,
2023,Sam Houston,Seattle U,55,40,0,Regular Season,2023-01-27,Sam Houston,1,5,5,,,,
2023,FAU,MTSU,85,67,0,Regular Season,2023-01-27,FAU,1,4,5,,,,
2023,Queens,Stetson,71,65,0,Regular Season,2023-01-28,Queens,1,0,0,,,,
2023,Cleveland St,Purdue FW,79,74,0,Regular Season,2023-01-28,Cleveland St,1,5,1,,,,
2023,App State,Arkansas St,63,51,0,Regular Season,2023-01-28,App State,1,1,0,,,,
2023,Kent State,Buffalo,74,68,0,Regular Season,2023-01-28,Kent State,1,2,2,,,,
2023,Wofford,Samford,85,77,0,Regular Season,2023-01-28,Wofford,1,1,1,,,,
2023,Fordham,G Washington,85,70,0,Regular Season,2023-01-28,Fordham,1,1,1,,,,
2023,New Orleans,SE Louisiana,64,80,0,Regular Season,2023-01-28,New Orleans,1,0,0,,,,
2023,Cornell,Brown,80,73,0,Regular Season,2023-01-28,Cornell,1,6,6,,,,
2023,Wake Forest,NC State,77,79,0,Regular Season,2023-01-28,Wake Forest,1,1,2,,,,
2023,Grambling,Jackson St,78,66,0,Regular Season,2023-01-28,Grambling,1,3,3,,,,
2023,Cal Poly,Fullerton,36,65,0,Regular Season,2023-01-29,Cal Poly,1,1,1,,,,
2023,BYU,Saint Mary's,56,57,0,Regular Season,2023-01-29,BYU,1,6,6,,,,
2023,UT Rio Grande,CA Baptist,64,58,0,Regular Season,2023-01-29,UT Rio Grande,1,2,2,,,,
2023,Villanova,Providence,65,70,0,Regular Season,2023-01-29,Villanova,1,7,2,,,,
2023,Illinois St,S Illinois,72,66,0,Regular Season,2023-01-29,Illinois St,1,2,3,,,,
2023,Coppin St,Delaware St,66,71,0,Regular Season,2023-01-31,Coppin St,1,2,2,,,,
2023,Kansas City,S Dakota St,66,67,0,Regular Season,2023-01-31,Kansas City,1,1,2,,,,
2023,Davidson,VCU,59,61,0,Regular Season,2023-02-01,Davidson,1,3,3,,,,
2023,UMass Lowell,UAlbany,66,50,0,Regular Season,2023-02-01,UMass Lowell,1,3,2,,,,
2023,Furman,Chattanooga,79,58,0,Regular Season,2023-02-02,Furman,1,3,4,,,,
2023,George Mason,UMass,70,59,0,Regular Season,2023-02-02,George Mason,1,3,4,,,,
2023,NJIT,New Hampshire,67,74,0,Regular Season,2023-02-02,NJIT,1,6,4,,,,
2023,Boston U,Holy Cross,70,82,0,Regular Season,2023-02-02,Boston U,1,3,4,,,,
2023,E Kentucky,Jax State,69,67,0,Regular Season,2023-02-03,E Kentucky,1,4,5,,,,
2023,Hampton,William & Mary,62,57,0,Regular Season,2023-02-03,Hampton,1,5,5,,,,
2023,SIUE,UT Martin,89,75,0,Regular Season,2023-02-03,SIUE,1,5,5,,,,
2023,San Diego,Portland,61,80,0,Regular Season,2023-02-03,San Diego,1,4,4,,,,
2023,Ohio State,Wisconsin,60,65,0,Regular Season,2023-02-03,Ohio State,1,4,5,,,,
2023,Arizona,Oregon,91,76,0,Regular Season,2023-02-03,Arizona,1,5,4,,,,
2023,Stetson,C Arkansas,99,80,0,Regular Season,2023-02-04,Stetson,1,0,0,,,,
2023,Little Rock,SIUE,81,84,0,Regular Season,2023-02-04,Little Rock,1,0,0,,,,
2023,St Francis BK,Stonehill,59,65,0,Regular Season,2023-02-04,St Francis BK,1,1,0,,,,
2023,W Carolina,Chattanooga,83,68,0,Regular Season,2023-02-04,W Carolina,1,1,1,,,,
2023,Loyola Chicago,George Mason,69,61,0,Regular Season,2023-02-04,Loyola Chicago,1,2,1,,,,
2023,Marquette,Butler,60,52,0,Regular Season,2023-02-04,Marquette,1,1,6,,,,
2023,UAB,FIU,76,72,0,Regular Season,2023-02-04,UAB,1,0,0,,,,
2023,UAlbany,Vermont,68,87,0,Regular Season,2023-02-04,UAlbany,1,2,6,,,,
2023,Princeton,Cornell,89,82,0,Regular Season,2023-02-04,Princeton,1,5,0,,,,
2023,Oklahoma St,TCU,79,73,0,Regular Season,2023-02-04,Oklahoma St,1,1,2,,,,
2023,Long Beach St,UC Irvine,93,88,0,Regular Season,2023-02-05,Long Beach St,1,1,1,,,,
2023,San Diego,LMU,87,79,0,Regular Season,2023-02-05,San Diego,1,1,1,,,,
2023,St Bonaventure,Dayton,68,59,0,Regular Season,2023-02-05,St Bonaventure,1,2,3,,,,
2023,Lamar,N'Western St,68,72,0,Regular Season,2023-02-05,Lamar,1,1,1,,,,
2023,USC,Washington,80,74,0,Regular Season,2023-02-05,USC,1,1,1,,,,
2023,Milwaukee,Green Bay,79,80,0,Regular Season,2023-02-07,Milwaukee,1,4,2,,,,
2023,Northeastern,Hofstra,53,72,0,Regular Season,2023-02-08,Northeastern,1,3,3,,,,
2023,Fresno St,San José St,70,62,0,Regular Season,2023-02-08,Fresno St,1,3,2,,,,
2023,Wake Forest,North Carolina,92,85,0,Regular Season,2023-02-08,Wake Forest,1,3,3,,,,
2023,St Francis BK,Wagner,64,62,0,Regular Season,2023-02-09,St Francis BK,1,4,4,,,,
2023,Utah State,San Diego St,61,63,0,Regular Season,2023-02-09,Utah State,1,3,4,,,,
2023,Villanova,DePaul,81,65,0,Regular Season,2023-02-09,Villanova,1,3,3,,,,
2023,Evansville,Northern Iowa,71,59,0,Regular Season,2023-02-09,Evansville,1,4,4,,,,
2023,North Alabama,Austin Peay,70,57,0,Regular Season,2023-02-10,North Alabama,1,4,5,,,,
2023,UC Riverside,UC Davis,72,65,0,Regular Season,2023-02-10,UC Riverside,1,4,6,,,,
2023,N Dakota St,Omaha,84,58,0,Regular Season,2023-02-10,N Dakota St,1,5,5,,,,
2023,Santa Clara,San Diego,80,75,0,Regular Season,2023-02-10,Santa Clara,1,4,4,,,,
2023,Incarnate Word,Lamar,59,68,0,Regular Season,2023-02-10,Incarnate Word,1,5,4,,,,
2023,Stanford,Arizona St,65,69,0,Regular Season,2023-02-10,Stanford,1,3,4,,,,
2023,Elon,William & Mary,66,55,0,Regular Season,2023-02-11,Elon,1,1,6,,,,
2023,W Illinois,Oral Roberts,73,82,0,Regular Season,2023-02-11,W Illinois,1,0,0,,,,
2023,FDU,C Connecticut,73,77,0,Regular Season,2023-02-11,FDU,1,0,1,,,,
2023,Winthrop,SC Upstate,70,79,0,Regular Season,2023-02-11,Winthrop,1,2,1,,,,
2023,Ole Miss,South Carolina,61,64,0,Regular Season,2023-02-11,Ole Miss,1,2,2,,,,
2023,Creighton,UConn,56,53,0,Regular Season,2023-02-11,Creighton,1,2,3,,,,
2023,North Texas,Charlotte,67,43,0,Regular Season,2023-02-11,North Texas,1,0,0,,,,
2023,Virginia,Duke,69,62,0,Regular Season,2023-02-11,Virginia,1,2,3,,,,
2023,Delaware St,Howard,85,86,0,Regular Season,2023-02-11,Delaware St,1,2,10,,,,
2023,Southern,Prairie View,79,65,0,Regular Season,2023-02-11,Southern,1,3,3,,,,
2023,UNC Wilmington,Northeastern,71,59,0,Regular Season,2023-02-12,UNC Wilmington,1,2,3,,,,
2023,San Francisco,Pepperdine,88,80,0,Regular Season,2023-02-12,San Francisco,1,1,1,,,,
2023,Ohio State,Michigan St,41,62,0,Regular Season,2023-02-12,Ohio State,1,1,3,,,,
2023,Miami,Louisville,93,85,0,Regular Season,2023-02-12,Miami,1,4,3,,,,
2023,Wichita St,SMU,91,89,0,Regular Season,2023-02-12,Wichita St,1,2,2,,,,
2023,Seton Hall,Georgetown,76,68,0,Regular Season,2023-02-14,Seton Hall,1,1,2,,,,
2023,Southern,Texas Southern,68,79,0,Regular Season,2023-02-14,Southern,1,2,2,,,,
2023,New Mexico,Wyoming,56,70,0,Regular Season,2023-02-15,New Mexico,1,3,2,,,,
2023,Pitt,Boston College,77,58,0,Regular Season,2023-02-15,Pitt,1,3,3,,,,
2023,Oakland,IU Indy,85,81,0,Regular Season,2023-02-16,Oakland,1,3,3,,,,
2023,CA Baptist,Seattle U,84,63,0,Regular Season,2023-02-16,CA Baptist,1,3,3,,,,
2023,Rhode Island,VCU,54,55,0,Regular Season,2023-02-16,Rhode Island,1,4,7,,,,
2023,Clemson,Florida St,94,54,0,Regular Season,2023-02-16,Clemson,1,4,4,,,,
2023,East Carolina,Cincinnati,75,71,0,Regular Season,2023-02-16,East Carolina,1,11,3,,,,
2023,Sacramento St,Weber St,49,52,0,Regular Season,2023-02-17,Sacramento St,1,4,4,,,,
2023,Morehead St,Tennessee St,74,64,0,Regular Season,2023-02-17,Morehead St,1,5,5,,,,
2023,BYU,Santa Clara,74,81,0,Regular Season,2023-02-17,BYU,1,4,4,,,,
2023,Nicholls,Texas A&M-CC,74,78,0,Regular Season,2023-02-17,Nicholls,1,5,5,,,,
2023,Washington St,Oregon St,80,62,0,Regular Season,2023-02-17,Washington St,1,4,5,,,,
2023,Idaho,N Arizona,50,72,0,Regular Season,2023-02-18,Idaho,1,0,0,,,,
2023,Morehead St,Lindenwood,71,58,0,Regular Season,2023-02-18,Morehead St,1,0,0,,,,
2023,Sacred Heart,Merrimack,55,67,0,Regular Season,2023-02-18,Sacred Heart,1,0,0,,,,
2023,Charleston So,Winthrop,67,75,0,Regular Season,2023-02-18,Charleston So,1,1,1,,,,
2023,VCU,Fordham,80,61,0,Regular Season,2023-02-18,VCU,1,1,1,,,,
2023,UConn,Seton Hall,64,55,0,Regular Season,2023-02-18,UConn,1,6,3,,,,
2023,Louisiana Tech,Charlotte,67,74,0,Regular Season,2023-02-18,Louisiana Tech,1,0,0,,,,
2023,Florida St,Boston College,69,75,0,Regular Season,2023-02-18,Florida St,1,1,2,,,,
2023,Army,Lafayette,53,43,0,Regular Season,2023-02-18,Army,1,1,1,,,,
2023,Kansas St,Iowa State,61,55,0,Regular Season,2023-02-18,Kansas St,1,2,1,,,,
2023,Portland St,Weber St,57,65,0,Regular Season,2023-02-19,Portland St,1,1,1,,,,
2023,St Thomas (MN),W Illinois,82,69,0,Regular Season,2023-02-19,St Thomas (MN),1,6,7,,,,
2023,Utah State,Nevada,75,66,0,Regular Season,2023-02-19,Utah State,1,3,7,,,,
2023,Fairfield,Manhattan,72,73,0,Regular Season,2023-02-19,Fairfield,1,0,0,,,,
2023,UIC,Valparaiso,74,73,0,Regular Season,2023-02-19,UIC,1,2,3,,,,
2023,UC Davis,UC San Diego,76,66,0,Regular Season,2023-02-20,UC Davis,1,1,0,,,,
2023,MD Eastern,NC Central,63,68,0,Regular Season,2023-02-21,MD Eastern,1,2,2,,,,
2023,Robert Morris,Youngstown St,83,64,0,Regular Season,2023-02-22,Robert Morris,1,2,3,,,,
2023,Richmond,Saint Louis,81,78,0,Regular Season,2023-02-22,Richmond,1,5,2,,,,
2023,Army,Boston U,67,73,0,Regular Season,2023-02-22,Army,1,3,3,,,,
2023,North Dakota,W Illinois,70,81,0,Regular Season,2023-02-23,North Dakota,1,3,3,,,,
2023,ETSU,The Citadel,78,70,0,Regular Season,2023-02-23,ETSU,1,3,4,,,,
2023,Davidson,St Bonaventure,74,61,0,Regular Season,2023-02-23,Davidson,1,4,3,,,,
2023,NJIT,Bryant,78,79,0,Regular Season,2023-02-23,NJIT,1,3,6,,,,
2023,Lafayette,Colgate,69,73,0,Regular Season,2023-02-23,Lafayette,1,4,4,,,,
2023,Drexel,Northeastern,75,48,0,Regular Season,2023-02-24,Drexel,1,5,5,,,,
2023,SIUE,Little Rock,74,79,0,Regular Season,2023-02-24,SIUE,1,5,5,,,,
2023,Sacred Heart,St Francis BK,63,70,0,Regular Season,2023-02-24,Sacred Heart,1,5,7,,,,
2023,New Orleans,Nicholls,88,82,0,Regular Season,2023-02-24,New Orleans,1,5,2,,,,
2023,North Alabama,Jax State,83,92,0,Regular Season,2023-02-25,North Alabama,1,1,1,,,,
2023,Charleston,Stony Brook,92,52,0,Regular Season,2023-02-25,Charleston,1,0,0,,,,
2023,S Dakota St,Oral Roberts,65,69,0,Regular Season,2023-02-25,S Dakota St,1,0,0,,,,
2023,FDU,St Francis BK,86,69,0,Regular Season,2023-02-25,FDU,1,0,0,,,,
2023,Radford,Campbell,67,65,0,Regular Season,2023-02-25,Radford,1,1,1,,,,
2023,Fordham,Rhode Island,74,71,0,Regular Season,2023-02-25,Fordham,1,1,1,,,,
2023,Seton Hall,Xavier,60,82,0,Regular Season,2023-02-25,Seton Hall,1,6,3,,,,
2023,Rider,Siena,69,66,0,Regular Season,2023-02-25,Rider,1,5,6,,,,
2023,Georgia Tech,Louisville,83,67,0,Regular Season,2023-02-25,Georgia Tech,1,2,3,,,,
2023,Florida A&M,Grambling,55,69,0,Regular Season,2023-02-25,Florida A&M,1,3,6,,,,
2023,Montana,Sacramento St,74,72,0,Regular Season,2023-02-26,Montana,1,6,1,,,,
2023,Pacific,Portland,81,77,0,Regular Season,2023-02-26,Pacific,1,1,1,,,,
2023,Maryland,Northwestern,75,59,0,Regular Season,2023-02-26,Maryland,1,2,1,,,,
2023,Rider,Mount St Marys,58,63,0,Regular Season,2023-02-26,Rider,1,0,0,,,,
2023,UIC,S Illinois,65,68,0,Regular Season,2023-02-26,UIC,1,2,2,,,,
2023,SF Austin,CA Baptist,80,58,0,Regular Season,2023-02-27,SF Austin,1,3,2,,,,
2023,Bethune,Grambling,54,66,0,Regular Season,2023-02-28,Bethune,1,2,2,,,,
2023,W Michigan,Miami OH,62,77,0,Regular Season,2023-03-01,W Michigan,1,2,3,,,,
2023,Tennessee,Arkansas,75,57,0,Regular Season,2023-03-01,Tennessee,1,3,3,,,,
2023,Duke,NC State,71,67,0,Regular Season,2023-03-01,Duke,1,2,3,,,,
2023,American,Bucknell,64,59,0,PenFed Credit Union Patriot League Championship - 1st Round,2023-03-01,American,1,3,3,,,,
2023,Duquesne,UMass,88,79,0,Regular Season,2023-03-02,Duquesne,1,3,6,,,,
2023,Nicholls,Lamar,64,60,0,Regular Season,2023-03-02,Nicholls,1,4,3,,,,
2023,Sacred Heart,Wagner,67,55,0,Northeast Conference Tournament - Quarterfinal,2023-03-02,Sacred Heart,1,4,4,,,,
2023,UC Davis,Santa Barbara,86,89,0,Regular Season,2023-03-03,UC Davis,1,5,4,,,,
2023,Saint Peter's,Rider,60,73,0,Regular Season,2023-03-03,Saint Peter's,1,4,4,,,,
2023,Delaware St,MD Eastern,58,64,0,Regular Season,2023-03-03,Delaware St,1,2,2,,,,
2023,UNC Asheville,Charleston So,75,66,1,Hercules Tires Big South Championship - Quarterfinal,2023-03-03,,0,5,1,,,,
2023,Tennessee St,SE Missouri,83,91,1,OVC Championship pres. by United Fidelity Bank - Quarterfinal,2023-03-03,,0,5,0,,,,
2023,Buffalo,Miami OH,68,63,0,Regular Season,2023-03-04,Buffalo,1,2,2,,,,
2023,UMass,St Bonaventure,71,60,0,Regular Season,2023-03-04,UMass,1,1,5,,,,
2023,Providence,Seton Hall,58,82,0,Regular Season,2023-03-04,Providence,1,2,2,,,,
2023,Virginia,Louisville,75,60,0,Regular Season,2023-03-04,Virginia,1,2,2,,,,
2023,West Virginia,Kansas St,89,81,0,Regular Season,2023-03-04,West Virginia,1,3,1,,,,
2023,Drake,Murray St,74,62,1,MVC Tournament - Quarterfinal,2023-03-04,,0,5,0,,,,
2023,Kansas City,Omaha,61,73,1,Summit League Championship - 1st Round,2023-03-04,,0,5,6,,,,
2023,Utah State,Boise St,86,73,0,Regular Season,2023-03-05,Utah State,1,2,3,,,,
2023,Rider,Iona,78,80,0,Regular Season,2023-03-05,Rider,1,1,1,,,,
2023,Miss Valley St,Jackson St,60,68,0,Regular Season,2023-03-05,Miss Valley St,1,1,1,,,,
2023,Colgate,Army,91,74,0,PenFed Credit Union Patriot League Championship - Semifinal,2023-03-05,Colgate,1,1,2,,,,
2023,Portland St,N Colorado,80,84,1,Big Sky Championship - 1st Round,2023-03-05,,0,4,4,,,,
2023,Hou Christian,New Orleans,69,90,1,Southland Tournament - 1st Round,2023-03-06,,0,3,3,,,,
2023,Oral Roberts,St Thomas (MN),70,65,1,Summit League Championship - Semifinal,2023-03-07,,0,1,0,,,,
2023,Virginia Tech,Notre Dame,67,64,1,New York Life ACC Tournament - 1st Round,2023-03-08,,0,3,2,,,,
2023,Fairfield,Saint Peter's,52,70,1,Hercules Tires MAAC Championship - 1st Round,2023-03-08,,0,4,3,,,,
2023,Colorado St,Fresno St,67,65,1,Mountain West Championship - 1st Round,2023-03-08,,0,3,2,,,,
2023,Duke,Pitt,96,69,1,New York Life ACC Tournament - Quarterfinal,2023-03-09,,0,4,0,,,,
2023,Fullerton,Hawai'i,62,60,1,Big West Championship - Quarterfinal,2023-03-09,,0,11,3,,,,
2023,Seattle U,Grand Canyon,79,84,1,Hercules Tires WAC Tournament - Quarterfinal,2023-03-09,,0,4,1,,,,
2023,South Florida,East Carolina,58,73,1,American Athletic Conference Championship - 1st Round,2023-03-09,,0,3,3,,,,
2023,Virginia,North Carolina,68,59,1,New York Life ACC Tournament - Quarterfinal,2023-03-10,,0,5,0,,,,
2023,Iona,Niagara,71,59,1,Hercules Tires MAAC Championship - Semifinal,2023-03-10,,0,0,0,,,,
2023,Boise St,UNLV,87,76,1,Mountain West Championship - Quarterfinal,2023-03-10,,0,4,1,,,,
2023,Alabama,Mississippi St,72,49,1,SEC Tournament - Quarterfinal,2023-03-10,,0,5,0,,,,
2023,Marquette,Xavier,65,51,1,Big East Tournament - Final,2023-03-11,,0,0,0,,,,
2023,Purdue,Ohio State,80,66,1,Big Ten Tournament - Semifinal,2023-03-11,,0,0,0,,,,
2023,Texas A&M,Arkansas,67,61,1,SEC Tournament - Quarterfinal,2023-03-11,,0,6,0,,,,
2023,Southern Utah,Grand Canyon,66,84,1,Hercules Tires WAC Tournament - Final,2023-03-12,,0,0,0,,,,
2023,Texas Southern,FDU,61,84,1,Men's Basketball Championship - East Region - First Four,2023-03-15,,0,3,6,,,,
2023,Alabama,Texas A&M-CC,96,75,1,Men's Basketball Championship - South Region - 1st Round,2023-03-16,,0,3,1,,,,
2023,Cincinnati,Virginia Tech,81,72,0,NIT - 1st Round,2023-03-16,Cincinnati,1,4,6,,,,
2023,Purdue,FDU,58,63,1,Men's Basketball Championship - East Region - 1st Round,2023-03-17,,0,4,1,,,,
2023,Kansas,Arkansas,71,72,1,Men's Basketball Championship - West Region - 2nd Round,2023-03-18,,0,1,1,,,,
2023,UCLA,Northwestern,68,63,1,Men's Basketball Championship - West Region - 2nd Round,2023-03-19,,0,1,2,,,,
2023,Rice,Duquesne,84,78,1,Discount Tire CBI - 1st Round,2023-03-19,,0,8,9,,,,
2023,E Kentucky,Southern Utah,108,106,1,Discount Tire CBI - Semifinal,2023-03-21,,0,0,0,,,,
2023,Alabama,San Diego St,64,71,1,Men's Basketball Championship - South Region - Sweet 16,2023-03-24,,0,4,5,,,,
2023,UConn,San Diego St,76,59,1,Men's Basketball Championship - National Championship,2023-04-04,,0,1,2,,,,
2024,Hofstra,St Joseph's LI,101,48,0,Regular Season,2023-11-06,Hofstra,1,,,,,,
2024,Kansas,NC Central,99,56,0,Regular Season,2023-11-07,Kansas,1,,,,,,
2024,Saint Joseph's,Lafayette,81,60,0,Regular Season,2023-11-07,Saint Joseph's,1,,,,,,
2024,Cincinnati,UIC,69,58,0,Regular Season,2023-11-07,Cincinnati,1,,,,,,
2024,Harvard,UMass Boston,78,50,0,Regular Season,2023-11-07,Harvard,1,,,,,,
2024,Notre Dame,Niagara,70,63,0,Regular Season,2023-11-07,Notre Dame,1,,,,,,
2024,Virginia Tech,Coppin St,100,55,0,Regular Season,2023-11-07,Virginia Tech,1,,,,,,
2024,Fordham,Wagner,68,64,0,Regular Season,2023-11-07,Fordham,1,,,,,,
2024,Miami,NJIT,101,60,0,Regular Season,2023-11-07,Miami,1,,,,,,
2024,Utah,E Washington,101,66,0,Regular Season,2023-11-07,Utah,1,,,,,,
2024,Indiana St,St Mary's,90,60,0,Regular Season,2023-11-07,Indiana St,1,,,,,,
2024,CA Baptist,San Fran St,74,57,0,Regular Season,2023-11-07,CA Baptist,1,,,,,,
2024,Kent State,Malone,79,58,0,Regular Season,2023-11-07,Kent State,1,,,,,,
2024,Furman,N Greenville,84,68,0,Regular Season,2023-11-07,Furman,1,,,,,,
2024,ETSU,King (TN),73,56,0,Regular Season,2023-11-07,ETSU,1,,,,,,
2024,Creighton,Florida A&M,105,54,0,Regular Season,2023-11-08,Creighton,1,,,,,,
2024,Kennesaw St,Oakwood,93,46,0,Regular Season,2023-11-08,Kennesaw St,1,,,,,,
2024,North Texas,Northern Iowa,83,77,0,Regular Season,2023-11-08,North Texas,1,,,,,,
2024,S Dakota St,Dkta Wesleyan,83,55,0,Regular Season,2023-11-09,S Dakota St,1,1,,,,,
2024,N Dakota St,Mount Marty,93,66,0,Regular Season,2023-11-09,N Dakota St,1,1,1,,,,
2024,Rhode Island,Fairfield,93,80,0,Regular Season,2023-11-10,Rhode Island,1,2,2,,,,
2024,Washington,N Kentucky,75,67,0,Regular Season,2023-11-10,Washington,1,2,2,,,,
2024,MTSU,SF Austin,67,62,0,Regular Season,2023-11-10,MTSU,1,2,3,,,,
2024,Norfolk St,Apprentice,90,56,0,Regular Season,2023-11-10,Norfolk St,1,2,,,,,
2024,UTEP,Sci & Arts OK,123,72,0,Regular Season,2023-11-10,UTEP,1,2,,,,,
2024,E Michigan,GA Southern,70,60,0,MAC-SBC Challenge,2023-11-11,E Michigan,1,3,3,,,,
2024,Ohio State,Texas A&M,66,73,0,Regular Season,2023-11-11,Ohio State,1,3,3,,,,
2024,Iona,Sacred Heart,88,81,0,Regular Season,2023-11-11,Iona,1,3,3,,,,
2024,Arizona St,Texas Southern,63,52,0,Regular Season,2023-11-11,Arizona St,1,1,3,,,,
2024,Davidson,Maryland,64,61,1,Asheville Championship,2023-11-11,,0,3,2,,,,
2024,UConn,Stonehill,107,67,0,Regular Season,2023-11-11,UConn,1,4,0,,,,
2024,BYU,San Diego St,74,65,0,Regular Season,2023-11-11,BYU,1,3,3,,,,
2024,Longwood,St Mary's (MD),95,43,0,Regular Season,2023-11-11,Longwood,1,3,,,,,
2024,MD Eastern,Philybible,83,65,0,Regular Season,2023-11-11,MD Eastern,1,3,,,,,
2024,Saint Louis,Illinois St,80,71,0,Regular Season,2023-11-12,Saint Louis,1,2,4,,,,
2024,Purdue FW,E Texas A&M,86,64,0,Regular Season,2023-11-12,Purdue FW,1,1,0,,,,
2024,W Illinois,St. Ambrose,94,59,0,Regular Season,2023-11-12,W Illinois,1,2,,,,,
2024,Wyoming,Cal Poly,80,66,0,Regular Season,2023-11-12,Wyoming,1,3,1,,,,
2024,Saint Mary's,Weber St,57,61,0,Regular Season,2023-11-13,Saint Mary's,1,2,4,,,,
2024,UMass,Quinnipiac,102,81,0,Regular Season,2023-11-14,UMass,1,5,3,,,,
2024,Florida St,C Michigan,94,67,0,Sunshine Slam - Campus Game,2023-11-14,Florida St,1,3,2,,,,
2024,Charleston So,J&W (NC),102,61,0,Regular Season,2023-11-14,Charleston So,1,3,,,,,
2024,Creighton,Iowa,92,84,0,Gavitt Tipoff Games,2023-11-15,Creighton,1,3,3,,,,
2024,Holy Cross,Sacred Heart,77,84,0,Regular Season,2023-11-15,Holy Cross,1,2,3,,,,
2024,Georgia Tech,UMass Lowell,71,74,0,Regular Season,2023-11-15,Georgia Tech,1,4,4,,,,
2024,Ball State,Oakland City,92,51,0,Regular Season,2023-11-15,Ball State,1,3,7,,,,
2024,Indiana St,IU Indy,96,57,0,Regular Season,2023-11-15,Indiana St,1,3,3,,,,
2024,DePaul,South Dakota,72,60,0,Arizona Tip-Off - Campus Game,2023-11-15,DePaul,1,2,3,,,,
2024,Gonzaga,Eastern Oregon,123,57,0,Regular Season,2023-11-15,Gonzaga,1,3,,,,,
2024,Ohio State,Merrimack,76,52,0,Regular Season,2023-11-16,Ohio State,1,4,3,,,,
2024,Texas,Rice,80,64,0,Regular Season,2023-11-16,Texas,1,4,4,,,,
2024,Kennesaw St,Keiser,101,55,0,Regular Season,2023-11-16,Kennesaw St,1,5,,,,,
2024,Hou Christian,FIU,74,83,0,Regular Season,2023-11-16,Hou Christian,1,8,1,,,,
2024,Liberty,Furman,88,74,1,Myrtle Beach Invitational,2023-11-17,,0,6,5,,,,
2024,UL Monroe,Louisiana Tech,63,73,0,Regular Season,2023-11-17,UL Monroe,1,5,2,,,,
2024,North Florida,Presbyterian,69,81,0,Regular Season,2023-11-17,North Florida,1,2,0,,,,
2024,Texas Tech,Texas A&M-CC,73,64,0,Regular Season,2023-11-17,Texas Tech,1,4,2,,,,
2024,Vanderbilt,C Arkansas,75,71,0,Regular Season,2023-11-18,Vanderbilt,1,2,3,,,,
2024,Pepperdine,UNLV,68,82,0,Regular Season,2023-11-18,Pepperdine,1,3,5,,,,
2024,UMass,Harvard,75,78,0,Regular Season,2023-11-18,UMass,1,3,2,,,,
2024,St Bonaventure,Auburn,60,77,1,Vivid Seats Legends Classic,2023-11-18,,0,1,0,,,,
2024,Grand Canyon,San Francisco,76,72,1,Arizona Tip-Off - Cactus Division,2023-11-18,,0,5,5,,,,
2024,Kentucky,Stonehill,101,67,0,Wildcat Challenge,2023-11-18,Kentucky,1,2,2,,,,
2024,N'Western St,Presbyterian,75,78,1,Regular Season,2023-11-18,,0,0,0,,,,
2024,St Thomas (MN),Cal Poly,60,61,1,The Lancer Joust,2023-11-18,,0,5,0,,,,
2024,E Kentucky,UT Martin,74,80,0,Regular Season,2023-11-18,E Kentucky,1,6,3,,,,
2024,Georgia,Providence,64,71,1,Baha Mar Hoops - Bahamas Championshp,2023-11-19,,0,1,1,,,,
2024,Coastal,Charleston,72,80,0,Myrtle Beach Invitational,2023-11-19,Coastal,1,1,1,,,,
2024,Air Force,Omaha,58,56,0,Air Force Classic,2023-11-19,Air Force,1,1,1,,,,
2024,Cincinnati,N Kentucky,90,66,0,Regular Season,2023-11-19,Cincinnati,1,6,3,,,,
2024,San Francisco,DePaul,70,54,1,Arizona Tip-Off - Cactus Division,2023-11-19,,0,0,0,,,,
2024,FIU,Marshall,69,80,1,Cayman Islands Classic,2023-11-20,,0,0,0,,,,
2024,Illinois,Southern,88,60,0,Regular Season,2023-11-20,Illinois,1,1,1,,,,
2024,Utah Valley,Cornell,61,74,1,Jacksonville Classic,2023-11-20,,0,0,0,,,,
2024,West Virginia,SMU,58,70,1,Fort Myers Tip-Off - Beach Division,2023-11-21,,0,5,5,,,,
2024,FIU,LMU,60,61,1,Cayman Islands Classic,2023-11-21,,0,0,0,,,,
2024,East Carolina,Kennesaw St,85,84,0,Regular Season,2023-11-21,East Carolina,1,0,0,,,,
2024,Canisius,D'Youville,109,69,0,Regular Season,2023-11-21,Canisius,1,4,,,,,
2024,Richmond,UNLV,82,65,1,Sunshine Slam,2023-11-21,,0,0,0,,,,
2024,TCU,Alcorn St,93,74,0,Regular Season,2023-11-22,TCU,1,3,2,,,,
2024,Boston College,Colorado St,74,86,1,Hall of Fame Classic,2023-11-22,,0,3,3,,,,
2024,Auburn,Alabama A&M,84,54,0,Regular Season,2023-11-22,Auburn,1,3,3,,,,
2024,Presbyterian,Tennessee Tech,75,79,0,Regular Season,2023-11-22,Presbyterian,1,3,2,,,,
2024,Little Rock,Georgia St,90,93,0,Regular Season,2023-11-22,Little Rock,1,2,2,,,,
2024,Grambling,Sam Houston,68,86,1,Regular Season,2023-11-22,,0,2,0,,,,
2024,North Carolina,Villanova,81,83,1,Bad Boy Mowers Battle 4 Atlantis,2023-11-23,,0,0,0,,,,
2024,UC Irvine,Toledo,77,71,1,Ball Dawgs Classic,2023-11-23,,0,0,0,,,,
2024,Denver,CO Christian,100,68,0,Regular Season,2023-11-23,Denver,1,5,,,,,
2024,Duke,So Indiana,80,62,0,Blue Devil Challenge,2023-11-24,Duke,1,1,2,,,,
2024,North Carolina,Arkansas,87,72,1,Bad Boy Mowers Battle 4 Atlantis,2023-11-24,,0,0,0,,,,
2024,Arizona St,BYU,49,77,1,Vegas Showdown,2023-11-24,,0,6,4,,,,
2024,UNC Asheville,Lipscomb,75,86,1,Northern Classic,2023-11-24,,0,5,5,,,,
2024,Pacific,Le Moyne,73,71,0,Regular Season,2023-11-25,Pacific,1,3,2,,,,
2024,Ohio,G Washington,94,99,1,Baha Mar Hoops - Nassau Championship,2023-11-25,,0,6,6,,,,
2024,SE Louisiana,Tennessee St,77,91,1,Emerald Coast Classic,2023-11-25,,0,0,0,,,,
2024,Princeton,Northeastern,80,66,0,Regular Season,2023-11-25,Princeton,1,2,3,,,,
2024,Missouri,Loyola MD,78,70,0,Regular Season,2023-11-25,Missouri,1,1,5,,,,
2024,MTSU,Ohio,68,80,1,Baha Mar Hoops - Nassau Championship,2023-11-25,,0,0,0,,,,
2024,Pacific,Miss Valley St,68,65,0,Regular Season,2023-11-26,Pacific,1,0,0,,,,
2024,Penn,Monmouth,76,61,0,Cathedral of College Basketball Classic,2023-11-26,Penn,1,0,0,,,,
2024,Siena,UAlbany,51,86,0,Regular Season,2023-11-26,Siena,1,3,3,,,,
2024,Bradley,Vermont,79,70,0,Regular Season,2023-11-26,Bradley,1,2,2,,,,
2024,Chattanooga,SE Missouri,72,56,0,Regular Season,2023-11-26,Chattanooga,1,1,0,,,,
2024,Delaware,G Washington,71,81,1,Baha Mar Hoops - Nassau Championship,2023-11-26,,0,0,0,,,,
2024,UNC Greensboro,UIC,58,57,1,Baha Mar Hoops - Nassau Championship,2023-11-27,,0,1,0,,,,
2024,E Kentucky,Troy,77,76,0,Regular Season,2023-11-28,E Kentucky,1,6,3,,,,
2024,Syracuse,LSU,80,57,0,ACC/SEC Challenge presented by Continental Tire,2023-11-29,Syracuse,1,5,3,,,,
2024,Purdue,Texas Southern,99,67,0,Regular Season,2023-11-29,Purdue,1,6,2,,,,
2024,Youngstown St,Cleveland St,94,69,0,Regular Season,2023-11-29,Youngstown St,1,3,2,,,,
2024,The Citadel,Charleston So,81,52,0,Regular Season,2023-11-29,The Citadel,1,6,4,,,,
2024,UT Rio Grande,Grand Canyon,69,79,0,Regular Season,2023-11-30,UT Rio Grande,1,3,3,,,,
2024,Colgate,Binghamton,84,49,0,Regular Season,2023-11-30,Colgate,1,7,4,,,,
2024,Old Dominion,Radford,69,68,0,Regular Season,2023-11-30,Old Dominion,1,3,3,,,,
2024,Wright St,IU Indy,103,74,0,Regular Season,2023-11-30,Wright St,1,7,4,,,,
2024,Colorado St,Colorado,88,83,0,Regular Season,2023-11-30,Colorado St,1,6,3,,,,
2024,New Mexico,Louisiana Tech,74,65,0,Regular Season,2023-11-30,New Mexico,1,5,4,,,,
2024,Oklahoma St,Creighton,65,79,0,Big East-Big 12 Battle,2023-12-01,Oklahoma St,1,5,7,,,,
2024,Coppin St,UMBC,89,70,0,Regular Season,2023-12-01,Coppin St,1,4,2,,,,
2024,Longwood,Apprentice,95,46,0,Regular Season,2023-12-01,Longwood,1,4,12,,,,
2024,West Virginia,St John's,73,79,0,Big East-Big 12 Battle,2023-12-02,West Virginia,1,5,5,,,,
2024,Wisconsin,Marquette,75,64,0,Regular Season,2023-12-02,Wisconsin,1,3,2,,,,
2024,UMBC,Lehigh,92,87,0,Regular Season,2023-12-02,UMBC,1,0,1,,,,
2024,E Illinois,SLCP,112,50,0,Regular Season,2023-12-02,E Illinois,1,2,12,,,,
2024,Troy,SIUE,83,60,0,Regular Season,2023-12-02,Troy,1,3,2,,,,
2024,Siena,Rider,67,65,0,Regular Season,2023-12-02,Siena,1,5,2,,,,
2024,S Illinois,Saint Louis,101,62,0,Regular Season,2023-12-02,S Illinois,1,2,2,,,,
2024,Drake,Missouri St,74,57,0,Regular Season,2023-12-02,Drake,1,1,1,,,,
2024,Grand Canyon,UT Arlington,76,69,0,Regular Season,2023-12-03,Grand Canyon,1,2,2,,,,
2024,Sam Houston,Lamar,90,70,0,Regular Season,2023-12-03,Sam Houston,1,2,1,,,,
2024,Idaho St,Lindenwood,76,70,0,Regular Season,2023-12-03,Idaho St,1,3,4,,,,
2024,Tennessee St,Austin Peay,69,65,0,Regular Season,2023-12-03,Tennessee St,1,2,2,,,,
2024,Chicago St,Stetson,77,54,0,Regular Season,2023-12-03,Chicago St,1,1,2,,,,
2024,East Carolina,MD Eastern,63,52,0,Regular Season,2023-12-04,East Carolina,1,2,8,,,,
2024,Arkansas,Furman,97,83,0,Regular Season,2023-12-05,Arkansas,1,4,2,,,,
2024,Kansas,Kansas City,88,69,0,Regular Season,2023-12-06,Kansas,1,3,4,,,,
2024,UL Monroe,Champ Chrstn,110,63,0,Regular Season,2023-12-06,UL Monroe,1,6,12,,,,
2024,N Illinois,Indiana St,67,90,0,Regular Season,2023-12-06,N Illinois,1,7,3,,,,
2024,S Illinois,Oklahoma St,70,68,0,Regular Season,2023-12-06,S Illinois,1,3,4,,,,
2024,Boise St,North Texas,69,64,0,Regular Season,2023-12-06,Boise St,1,3,3,,,,
2024,Houston,Rice,75,39,0,Regular Season,2023-12-07,Houston,1,5,4,,,,
2024,Rhode Island,Brown,64,67,0,Regular Season,2023-12-07,Rhode Island,1,3,3,,,,
2024,Clemson,South Carolina,72,67,0,Regular Season,2023-12-07,Clemson,1,3,4,,,,
2024,SIUE,Green Bay,78,69,0,Regular Season,2023-12-07,SIUE,1,4,3,,,,
2024,Colgate,VT-Lyndon,115,37,0,Regular Season,2023-12-07,Colgate,1,4,,,,,
2024,Iowa State,Iowa,90,65,0,Regular Season,2023-12-08,Iowa State,1,5,2,,,,
2024,Kansas,Missouri,73,64,0,Regular Season,2023-12-09,Kansas,1,2,5,,,,
2024,Xavier,Cincinnati,84,79,0,Regular Season,2023-12-09,Xavier,1,3,5,,,,
2024,Butler,California,97,90,0,Regular Season,2023-12-09,Butler,1,2,5,,,,
2024,Monmouth,N Illinois,74,71,0,Regular Season,2023-12-09,Monmouth,1,8,2,,,,
2024,Oregon St,Utah Valley,74,71,0,Regular Season,2023-12-09,Oregon St,1,3,2,,,,
2024,Sacramento St,Fullerton,60,62,0,Regular Season,2023-12-09,Sacramento St,1,5,1,,,,
2024,DePaul,Louisville,75,68,0,Regular Season,2023-12-09,DePaul,1,1,5,,,,
2024,Penn State,Ohio State,83,80,0,Regular Season,2023-12-09,Penn State,1,1,1,,,,
2024,Texas A&M,Memphis,75,81,0,Regular Season,2023-12-10,Texas A&M,1,2,2,,,,
2024,Wake Forest,NJIT,83,59,0,Regular Season,2023-12-10,Wake Forest,1,3,2,,,,
2024,Seton Hall,Rutgers,63,70,0,Garden State Showcase,2023-12-10,Seton Hall,1,3,3,,,,
2024,William & Mary,VA Lynchburg,99,50,0,Regular Season,2023-12-10,William & Mary,1,2,0,,,,
2024,Chicago St,St Thomas (MN),50,66,0,Regular Season,2023-12-10,Chicago St,1,6,2,,,,
2024,Oklahoma St,Tulsa,72,57,1,The Battleground 2k presented by Basketball University,2023-12-10,,0,3,3,,,,
2024,Quinnipiac,Yale,66,73,0,Regular Season,2023-12-12,Quinnipiac,1,2,2,,,,
2024,Southern,Champ Chrstn,109,61,0,Regular Season,2023-12-12,Southern,1,2,5,,,,
2024,Sam Houston,UL Monroe,63,62,0,Regular Season,2023-12-13,Sam Houston,1,2,6,,,,
2024,Texas Tech,Oral Roberts,82,76,0,Regular Season,2023-12-13,Texas Tech,1,5,2,,,,
2024,UNLV,Creighton,79,64,1,Jack Jones Classic,2023-12-14,,0,3,4,,,,
2024,Little Rock,UTSA,93,84,0,Regular Season,2023-12-14,Little Rock,1,3,3,,,,
2024,Florida,East Carolina,70,65,1,Regular Season,2023-12-15,,0,5,5,,,,
2024,Pacific,UC Davis,61,82,0,Regular Season,2023-12-16,Pacific,1,5,6,,,,
2024,Michigan,E Michigan,83,66,0,Regular Season,2023-12-16,Michigan,1,5,6,,,,
2024,Bowling Green,Kansas City,79,69,0,Regular Season,2023-12-16,Bowling Green,1,5,2,,,,
2024,Liberty,St. Andrews,99,26,0,Regular Season,2023-12-16,Liberty,1,1,10,,,,
2024,Miami,La Salle,84,77,0,Regular Season,2023-12-16,Miami,1,5,6,,,,
2024,Niagara,NJIT,89,81,0,Regular Season,2023-12-16,Niagara,1,5,5,,,,
2024,Iowa,Florida A&M,88,52,0,Regular Season,2023-12-16,Iowa,1,5,6,,,,
2024,Longwood,VMI,68,49,0,Regular Season,2023-12-17,Longwood,1,2,3,,,,
2024,McNeese,Louisiana,74,72,0,Regular Season,2023-12-17,McNeese,1,2,2,,,,
2024,Illinois,Colgate,74,57,0,Regular Season,2023-12-17,Illinois,1,7,7,,,,
2024,Wofford,KCU,105,54,0,Regular Season,2023-12-17,Wofford,1,7,,,,,
2024,Abilene Chrstn,UTEP,88,82,0,Regular Season,2023-12-17,Abilene Chrstn,1,6,6,,,,
2024,Seattle U,Washington,99,100,0,Regular Season,2023-12-18,Seattle U,1,3,7,,,,
2024,UCF,Maine,74,51,0,Regular Season,2023-12-19,UCF,1,8,9,,,,
2024,Evansville,UT Martin,98,91,0,Regular Season,2023-12-19,Evansville,1,2,5,,,,
2024,Tarleton St,Jax State,62,65,0,Regular Season,2023-12-19,Tarleton St,1,5,3,,,,
2024,Memphis,Virginia,77,54,0,Regular Season,2023-12-20,Memphis,1,3,3,,,,
2024,Florida St,North Florida,91,75,0,Regular Season,2023-12-20,Florida St,1,2,3,,,,
2024,Siena,Cornell,74,95,0,Regular Season,2023-12-20,Siena,1,10,12,,,,
2024,So Indiana,St. Francis IL,79,47,0,Regular Season,2023-12-20,So Indiana,1,10,12,,,,
2024,Chicago St,Bethune,55,54,0,Regular Season,2023-12-21,Chicago St,1,1,3,,,,
2024,Toledo,Vermont,60,86,0,Regular Season,2023-12-21,Toledo,1,6,4,,,,
2024,Arizona St,Northwestern,46,65,1,Hall of Fame Series - Phoenix,2023-12-21,,0,3,4,,,,
2024,Gonzaga,Jackson St,100,76,0,Regular Season,2023-12-21,Gonzaga,1,4,2,,,,
2024,La Salle,Rosemont,107,41,0,Regular Season,2023-12-21,La Salle,1,4,,,,,
2024,Charleston So,KCU,103,79,0,Regular Season,2023-12-21,Charleston So,1,0,3,,,,
2024,VMI,PSU New Kens,82,65,0,Regular Season,2023-12-22,VMI,1,4,,,,,
2024,Brown,Siena,71,67,0,Regular Season,2023-12-22,Brown,1,11,1,,,,
2024,LSU,Lamar,87,66,0,Regular Season,2023-12-22,LSU,1,5,2,,,,
2024,UTSA,Army,53,63,0,Regular Season,2023-12-22,UTSA,1,4,4,,,,
2024,Wagner,Gwynedd Mercy,98,49,0,Regular Season,2023-12-22,Wagner,1,4,12,,,,
2024,UNLV,Hofstra,74,56,0,Regular Season,2023-12-22,UNLV,1,4,5,,,,
2024,Charlotte,Greensboro,91,44,0,Regular Season,2023-12-22,Charlotte,1,4,,,,,
2024,Hawai'i,Georgia Tech,68,73,0,Hawaiian Airlines Diamond Head Classic,2023-12-23,Hawai'i,1,0,0,,,,
2024,Austin Peay,Ohio,71,67,0,Regular Season,2023-12-23,Austin Peay,1,6,3,,,,
2024,S Illinois,So Indiana,81,50,0,Regular Season,2023-12-23,S Illinois,1,2,2,,,,
2024,North Texas,UT Arlington,78,52,0,Regular Season,2023-12-23,North Texas,1,5,1,,,,
2024,Idaho St,Montana St,66,74,0,Regular Season,2023-12-29,Idaho St,1,6,6,,,,
2024,W Michigan,Aquinas,127,71,0,Regular Season,2023-12-29,W Michigan,1,7,,,,,
2024,Wofford,S Wesleyan,75,55,0,Regular Season,2023-12-29,Wofford,1,8,,,,,
2024,Weber St,Montana St,86,64,0,Regular Season,2023-12-30,Weber St,1,0,0,,,,
2024,Florida,Quinnipiac,97,72,0,Regular Season,2023-12-30,Florida,1,7,8,,,,
2024,SF Austin,New Orleans,80,51,0,Regular Season,2023-12-30,SF Austin,1,7,8,,,,
2024,GA Southern,Southern Miss,88,67,0,Regular Season,2023-12-30,GA Southern,1,10,6,,,,
2024,Clemson,Radford,93,58,0,Regular Season,2023-12-30,Clemson,1,7,8,,,,
2024,Rhode Island,Northeastern,82,71,0,Regular Season,2023-12-30,Rhode Island,1,8,9,,,,
2024,Purdue FW,N Kentucky,73,60,0,Regular Season,2023-12-30,Purdue FW,1,8,7,,,,
2024,BYU,Wyoming,94,68,0,Regular Season,2023-12-30,BYU,1,6,7,,,,
2024,Loyola Chicago,C Michigan,73,35,0,Regular Season,2023-12-30,Loyola Chicago,1,9,7,,,,
2024,Stetson,Charlotte,79,75,0,Regular Season,2023-12-30,Stetson,1,6,7,,,,
2024,Oregon,UCLA,64,59,0,Regular Season,2023-12-30,Oregon,1,0,0,,,,
2024,S Dakota St,North Dakota,80,61,0,Regular Season,2023-12-31,S Dakota St,1,8,0,,,,
2024,Purdue FW,Detroit Mercy,91,56,0,Regular Season,2023-12-31,Purdue FW,1,0,1,,,,
2024,Southern Utah,ANTELOPE,95,78,0,Regular Season,2023-12-31,Southern Utah,1,7,,,,,
2024,Utah,Washington,95,90,0,Regular Season,2023-12-31,Utah,1,0,0,,,,
2024,Grambling,Biblical Stud,84,72,0,Regular Season,2024-01-02,Grambling,1,10,3,,,,
2024,C Michigan,Buffalo,64,76,0,Regular Season,2024-01-03,C Michigan,1,3,3,,,,
2024,Maryland,Purdue,53,67,0,Regular Season,2024-01-03,Maryland,1,4,3,,,,
2024,Pitt,North Carolina,57,70,0,Regular Season,2024-01-03,Pitt,1,3,3,,,,
2024,MTSU,Reinhardt,84,47,0,Regular Season,2024-01-04,MTSU,1,4,12,,,,
2024,VCU,St Bonaventure,78,89,0,Regular Season,2024-01-04,VCU,1,4,4,,,,
2024,Oklahoma St,Chicago St,72,53,0,Regular Season,2024-01-04,Oklahoma St,1,3,0,,,,
2024,Virginia,Louisville,77,53,0,Regular Season,2024-01-04,Virginia,1,4,12,,,,
2024,Southern Utah,Grand Canyon,75,96,0,Regular Season,2024-01-05,Southern Utah,1,4,4,,,,
2024,Morehead St,Tennessee Tech,82,57,0,Regular Season,2024-01-05,Morehead St,1,4,5,,,,
2024,Gonzaga,Pepperdine,86,60,0,Regular Season,2024-01-05,Gonzaga,1,5,5,,,,
2024,Delaware,Hampton,80,53,0,Regular Season,2024-01-05,Delaware,1,5,3,,,,
2024,Sam Houston,Louisiana Tech,81,77,0,Regular Season,2024-01-06,Sam Houston,1,3,1,,,,
2024,New Orleans,SE Louisiana,68,73,0,Regular Season,2024-01-06,New Orleans,1,6,6,,,,
2024,Princeton,Harvard,89,58,0,Regular Season,2024-01-06,Princeton,1,6,2,,,,
2024,VMI,Mercer,64,86,0,Regular Season,2024-01-06,VMI,1,1,1,,,,
2024,Delaware St,Coppin St,55,53,0,Regular Season,2024-01-06,Delaware St,1,6,7,,,,
2024,VCU,G Washington,82,84,0,Regular Season,2024-01-06,VCU,1,1,1,,,,
2024,Navy,Colgate,72,80,0,Regular Season,2024-01-06,Navy,1,1,1,,,,
2024,Stony Brook,Charleston,87,93,0,Regular Season,2024-01-06,Stony Brook,1,0,0,,,,
2024,North Texas,Tulane,70,56,0,Regular Season,2024-01-06,North Texas,1,0,1,,,,
2024,Georgia Tech,Boston College,87,95,0,Regular Season,2024-01-06,Georgia Tech,1,1,2,,,,
2024,Cal Poly,Santa Barbara,52,61,0,Regular Season,2024-01-07,Cal Poly,1,1,1,,,,
2024,Louisiana,Coastal,85,77,0,Regular Season,2024-01-07,Louisiana,1,1,1,,,,
2024,Iona,Niagara,73,75,0,Regular Season,2024-01-07,Iona,1,0,0,,,,
2024,Fresno St,Nevada,57,72,0,Regular Season,2024-01-07,Fresno St,1,2,6,,,,
2024,Arizona,Utah,92,73,0,Regular Season,2024-01-07,Arizona,1,1,1,,,,
2024,Southern,Prairie View,79,58,0,Regular Season,2024-01-09,Southern,1,2,2,,,,
2024,Bowling Green,Ohio,83,78,0,Regular Season,2024-01-10,Bowling Green,1,3,3,,,,
2024,LSU,Vanderbilt,77,69,0,Regular Season,2024-01-10,LSU,1,2,3,,,,
2024,Baylor,BYU,81,72,0,Regular Season,2024-01-10,Baylor,1,3,2,,,,
2024,Maine,New Hampshire,74,79,0,Regular Season,2024-01-11,Maine,1,4,4,,,,
2024,Saint Louis,Saint Joseph's,88,85,0,Regular Season,2024-01-11,Saint Louis,1,4,6,,,,
2024,High Point,UNC Asheville,84,79,0,Regular Season,2024-01-11,High Point,1,4,4,,,,
2024,UCF,Kansas,65,60,0,Regular Season,2024-01-11,UCF,1,4,4,,,,
2024,UC Riverside,Cal Poly,71,56,0,Regular Season,2024-01-12,UC Riverside,1,4,4,,,,
2024,North Alabama,Bellarmine,69,53,0,Regular Season,2024-01-12,North Alabama,1,4,5,,,,
2024,Alabama St,Jackson St,63,73,0,Regular Season,2024-01-12,Alabama St,1,2,5,,,,
2024,Alabama A&M,Alcorn St,71,74,0,Regular Season,2024-01-12,Alabama A&M,1,2,5,,,,
2024,Tulane,FAU,84,85,0,Regular Season,2024-01-12,Tulane,1,5,5,,,,
2024,Kennesaw St,FGCU,78,75,0,Regular Season,2024-01-13,Kennesaw St,1,1,1,,,,
2024,UMass Lowell,UMBC,86,82,0,Regular Season,2024-01-13,UMass Lowell,1,1,0,,,,
2024,Tennessee St,Lindenwood,75,60,0,Regular Season,2024-01-13,Tennessee St,1,6,0,,,,
2024,Miami OH,E Michigan,71,54,0,Regular Season,2024-01-13,Miami OH,1,2,2,,,,
2024,Rider,Manhattan,71,58,0,Regular Season,2024-01-13,Rider,1,5,5,,,,
2024,Ole Miss,Vanderbilt,69,56,0,Regular Season,2024-01-13,Ole Miss,1,1,2,,,,
2024,Creighton,St John's,66,65,0,Regular Season,2024-01-13,Creighton,1,2,2,,,,
2024,Charleston So,SC Upstate,77,70,0,Regular Season,2024-01-13,Charleston So,1,1,6,,,,
2024,TCU,Houston,68,67,0,Regular Season,2024-01-13,TCU,1,1,2,,,,
2024,Idaho,E Washington,58,79,0,Regular Season,2024-01-14,Idaho,1,9,7,,,,
2024,Southern Utah,SF Austin,82,84,0,Regular Season,2024-01-14,Southern Utah,1,7,1,,,,
2024,Iona,Mount St Marys,87,70,0,Regular Season,2024-01-14,Iona,1,6,6,,,,
2024,Murray St,Northern Iowa,60,70,0,Regular Season,2024-01-14,Murray St,1,2,2,,,,
2024,Stanford,Utah,79,73,0,Regular Season,2024-01-14,Stanford,1,1,1,,,,
2024,Minnesota,Iowa,77,86,0,Regular Season,2024-01-15,Minnesota,1,2,1,,,,
2024,Norfolk St,VA Lynchburg,118,73,0,Regular Season,2024-01-16,Norfolk St,1,6,12,,,,
2024,Toledo,Buffalo,77,66,0,Regular Season,2024-01-17,Toledo,1,2,3,,,,
2024,Boise St,UNLV,64,68,0,Regular Season,2024-01-17,Boise St,1,3,3,,,,
2024,Kansas St,Baylor,68,64,0,Regular Season,2024-01-17,Kansas St,1,3,2,,,,
2024,UNC Greensboro,The Citadel,73,67,0,Regular Season,2024-01-18,UNC Greensboro,1,3,4,,,,
2024,UConn,Creighton,62,48,0,Regular Season,2024-01-18,UConn,1,3,4,,,,
2024,UIC,Murray St,58,73,0,Regular Season,2024-01-18,UIC,1,4,3,,,,
2024,Weber St,E Washington,78,80,0,Regular Season,2024-01-19,Weber St,1,4,4,,,,
2024,SF Austin,Seattle U,89,84,0,Regular Season,2024-01-19,SF Austin,1,4,5,,,,
2024,North Dakota,Oral Roberts,87,77,0,Regular Season,2024-01-19,North Dakota,1,5,4,,,,
2024,Tennessee St,Tennessee Tech,85,53,0,Regular Season,2024-01-19,Tennessee St,1,5,5,,,,
2024,NC A&T,Northeastern,72,65,0,Regular Season,2024-01-19,NC A&T,1,2,5,,,,
2024,Santa Barbara,Fullerton,69,73,0,Regular Season,2024-01-20,Santa Barbara,1,0,0,,,,
2024,Texas A&M-CC,Nicholls,69,59,0,Regular Season,2024-01-20,Texas A&M-CC,1,3,3,,,,
2024,James Madison,Marshall,67,52,0,Regular Season,2024-01-20,James Madison,1,0,0,,,,
2024,Cleveland St,Purdue FW,75,68,0,Regular Season,2024-01-20,Cleveland St,1,5,1,,,,
2024,Bowling Green,W Michigan,84,79,0,Regular Season,2024-01-20,Bowling Green,1,2,2,,,,
2024,Lafayette,Bucknell,75,72,0,Regular Season,2024-01-20,Lafayette,1,1,1,,,,
2024,Kentucky,Georgia,105,96,0,Regular Season,2024-01-20,Kentucky,1,1,2,,,,
2024,Chicago St,East-West,131,55,0,Regular Season,2024-01-20,Chicago St,1,3,12,,,,
2024,Longwood,Presbyterian,80,70,0,Regular Season,2024-01-20,Longwood,1,1,1,,,,
2024,Houston,UCF,57,42,0,Regular Season,2024-01-20,Houston,1,1,1,,,,
2024,Delaware St,MD Eastern,67,63,0,Regular Season,2024-01-20,Delaware St,1,10,6,,,,
2024,Liberty,Sam Houston,82,66,0,Regular Season,2024-01-21,Liberty,1,1,7,,,,
2024,Le Moyne,Saint Francis,94,57,0,Regular Season,2024-01-21,Le Moyne,1,0,0,,,,
2024,Mount St Marys,Niagara,71,82,0,Regular Season,2024-01-21,Mount St Marys,1,0,0,,,,
2024,Tulane,Memphis,81,79,0,Regular Season,2024-01-21,Tulane,1,2,1,,,,
2024,Hou Christian,New Orleans,88,80,0,Regular Season,2024-01-23,Hou Christian,1,2,2,,,,
2024,Kansas,Cincinnati,74,69,0,Regular Season,2024-01-23,Kansas,1,2,2,,,,
2024,UMass,Saint Joseph's,77,78,0,Regular Season,2024-01-24,UMass,1,3,3,,,,
2024,Minnesota,Wisconsin,59,61,0,Regular Season,2024-01-24,Minnesota,1,5,3,,,,
2024,Louisville,Duke,69,83,0,Regular Season,2024-01-24,Louisville,1,3,2,,,,
2024,Old Dominion,James Madison,62,78,0,Regular Season,2024-01-25,Old Dominion,1,3,4,,,,
2024,Alabama,Auburn,79,75,0,Regular Season,2024-01-25,Alabama,1,4,3,,,,
2024,Longwood,Gardner-Webb,64,76,0,Regular Season,2024-01-25,Longwood,1,4,4,,,,
2024,Iowa State,Kansas St,78,67,0,Regular Season,2024-01-25,Iowa State,1,4,3,,,,
2024,Cal Poly,Fullerton,51,54,0,Regular Season,2024-01-26,Cal Poly,1,4,5,,,,
2024,S Dakota St,Kansas City,75,66,0,Regular Season,2024-01-26,S Dakota St,1,5,5,,,,
2024,Green Bay,Oakland,69,59,0,Regular Season,2024-01-26,Green Bay,1,5,7,,,,
2024,Quinnipiac,Mount St Marys,79,65,0,Regular Season,2024-01-26,Quinnipiac,1,4,4,,,,
2024,E Washington,N Arizona,85,70,0,Regular Season,2024-01-27,E Washington,1,0,0,,,,
2024,Tarleton St,Utah Tech,86,68,0,Regular Season,2024-01-27,Tarleton St,1,0,0,,,,
2024,Maine,Binghamton,50,51,0,Regular Season,2024-01-27,Maine,1,1,0,,,,
2024,SIUE,Tennessee Tech,74,57,0,Regular Season,2024-01-27,SIUE,1,6,0,,,,
2024,Columbia,Penn,84,81,0,Regular Season,2024-01-27,Columbia,1,6,6,,,,
2024,Navy,Loyola MD,70,74,0,Regular Season,2024-01-27,Navy,1,1,1,,,,
2024,Lafayette,Boston U,48,62,0,Regular Season,2024-01-27,Lafayette,1,1,1,,,,
2024,Maryland,Nebraska,73,51,0,Regular Season,2024-01-27,Maryland,1,1,2,,,,
2024,Radford,Presbyterian,73,58,0,Regular Season,2024-01-27,Radford,1,2,6,,,,
2024,Houston,Kansas St,74,52,0,Regular Season,2024-01-27,Houston,1,2,1,,,,
2024,MD Eastern,NC Central,57,65,0,Regular Season,2024-01-27,MD Eastern,1,3,6,,,,
2024,Hawai'i,Cal Poly,83,73,0,Regular Season,2024-01-28,Hawai'i,1,1,1,,,,
2024,Cleveland St,Robert Morris,66,64,0,Regular Season,2024-01-28,Cleveland St,1,1,7,,,,
2024,Davidson,VCU,58,63,0,Regular Season,2024-01-28,Davidson,1,2,3,,,,
2024,UAB,Memphis,97,88,0,Regular Season,2024-01-28,UAB,1,3,6,,,,
2024,Lamar,New Orleans,98,73,0,Regular Season,2024-01-30,Lamar,1,1,2,,,,
2024,MD Eastern,SC State,53,63,0,Regular Season,2024-01-30,MD Eastern,1,2,2,,,,
2024,St Bonaventure,VCU,67,62,0,Regular Season,2024-01-31,St Bonaventure,1,3,2,,,,
2024,Michigan St,Michigan,81,62,0,Regular Season,2024-01-31,Michigan St,1,3,3,,,,
2024,North Florida,Lipscomb,85,76,0,Regular Season,2024-02-01,North Florida,1,4,4,,,,
2024,Bucknell,Loyola MD,67,52,0,Regular Season,2024-02-01,Bucknell,1,4,4,,,,
2024,Rutgers,Penn State,46,61,0,Regular Season,2024-02-01,Rutgers,1,3,4,,,,
2024,North Texas,UAB,79,82,0,Regular Season,2024-02-01,North Texas,1,3,3,,,,
2024,Fullerton,Hawai'i,68,76,0,Regular Season,2024-02-02,Fullerton,1,4,4,,,,
2024,Abilene Chrstn,Tarleton St,73,76,0,Regular Season,2024-02-02,Abilene Chrstn,1,5,5,,,,
2024,GA Southern,Troy,63,84,0,Regular Season,2024-02-02,GA Southern,1,4,5,,,,
2024,Wright St,Youngstown St,77,88,0,Regular Season,2024-02-02,Wright St,1,4,4,,,,
2024,NC A&T,Hampton,59,58,0,Regular Season,2024-02-02,NC A&T,1,5,5,,,,
2024,FIU,Sam Houston,68,61,0,Regular Season,2024-02-03,FIU,1,0,0,,,,
2024,SE Louisiana,McNeese,77,74,0,Regular Season,2024-02-03,SE Louisiana,1,3,3,,,,
2024,Texas St,Southern Miss,60,55,0,Regular Season,2024-02-03,Texas St,1,0,1,,,,
2024,ETSU,The Citadel,62,60,0,Regular Season,2024-02-03,ETSU,1,1,1,,,,
2024,Merrimack,C Connecticut,71,68,0,Regular Season,2024-02-03,Merrimack,1,6,0,,,,
2024,Loyola MD,Holy Cross,67,70,0,Regular Season,2024-02-03,Loyola MD,1,1,3,,,,
2024,San Diego St,Utah State,81,67,0,Regular Season,2024-02-03,San Diego St,1,2,2,,,,
2024,Indiana,Penn State,71,85,0,Regular Season,2024-02-03,Indiana,1,2,1,,,,
2024,Missouri St,Belmont,87,80,0,Regular Season,2024-02-03,Missouri St,1,1,1,,,,
2024,Oklahoma St,Kansas St,75,72,0,Regular Season,2024-02-03,Oklahoma St,1,2,2,,,,
2024,Arizona St,California,66,81,0,Regular Season,2024-02-03,Arizona St,1,0,0,,,,
2024,New Mexico St,Jax State,67,65,0,Regular Season,2024-02-04,New Mexico St,1,1,1,,,,
2024,Milwaukee,IU Indy,87,67,0,Regular Season,2024-02-04,Milwaukee,1,1,2,,,,
2024,Marist,Saint Peter's,63,52,0,Regular Season,2024-02-04,Marist,1,0,0,,,,
2024,High Point,Presbyterian,78,68,0,Regular Season,2024-02-04,High Point,1,1,2,,,,
2024,Portland St,E Washington,77,90,0,Regular Season,2024-02-06,Portland St,1,1,1,,,,
2024,St John's,DePaul,85,57,0,Regular Season,2024-02-06,St John's,1,2,1,,,,
2024,Kent State,W Michigan,63,61,0,Regular Season,2024-02-07,Kent State,1,4,3,,,,
2024,UConn,Butler,71,62,0,Regular Season,2024-02-07,UConn,1,3,3,,,,
2024,Houston,Oklahoma St,79,63,0,Regular Season,2024-02-07,Houston,1,3,3,,,,
2024,South Alabama,GA Southern,78,65,0,Regular Season,2024-02-08,South Alabama,1,3,4,,,,
2024,Navy,Bucknell,67,80,0,Regular Season,2024-02-08,Navy,1,4,4,,,,
2024,Lafayette,Holy Cross,75,59,0,Regular Season,2024-02-08,Lafayette,1,4,4,,,,
2024,Tulsa,North Texas,55,68,0,Regular Season,2024-02-08,Tulsa,1,4,4,,,,
2024,Santa Barbara,UC Irvine,61,76,0,Regular Season,2024-02-09,Santa Barbara,1,4,4,,,,
2024,SF Austin,UT Rio Grande,92,84,0,Regular Season,2024-02-09,SF Austin,1,5,4,,,,
2024,So Indiana,E Illinois,71,81,0,Regular Season,2024-02-09,So Indiana,1,5,5,,,,
2024,Long Island,Merrimack,79,82,0,Regular Season,2024-02-09,Long Island,1,4,5,,,,
2024,Campbell,Northeastern,76,86,0,Regular Season,2024-02-09,Campbell,1,4,5,,,,
2024,Jax State,Western KY,59,70,0,Regular Season,2024-02-10,Jax State,1,0,1,,,,
2024,Hou Christian,Incarnate Word,86,83,0,Regular Season,2024-02-10,Hou Christian,1,3,3,,,,
2024,Jacksonville,North Alabama,67,63,0,Regular Season,2024-02-10,Jacksonville,1,0,0,,,,
2024,W Carolina,Mercer,79,46,0,Regular Season,2024-02-10,W Carolina,1,1,1,,,,
2024,Loyola MD,Colgate,62,76,0,Regular Season,2024-02-10,Loyola MD,1,1,1,,,,
2024,Nevada,San Diego St,70,66,0,Regular Season,2024-02-10,Nevada,1,2,2,,,,
2024,Nebraska,Michigan,79,59,0,Regular Season,2024-02-10,Nebraska,1,1,1,,,,
2024,SC Upstate,UNC Asheville,64,77,0,Regular Season,2024-02-10,SC Upstate,1,1,2,,,,
2024,Texas,West Virginia,94,58,0,Regular Season,2024-02-10,Texas,1,2,6,,,,
2024,Troy,Kent State,78,68,0,MAC-SBC Challenge,2024-02-10,Troy,1,1,2,,,,
2024,Weber St,Sacramento St,58,53,0,Regular Season,2024-02-11,Weber St,1,1,1,,,,
2024,So Indiana,SIUE,84,67,0,Regular Season,2024-02-11,So Indiana,1,1,1,,,,
2024,Texas A&M,Tennessee,85,69,0,Regular Season,2024-02-11,Texas A&M,1,2,2,,,,
2024,Tulsa,UAB,63,70,0,Regular Season,2024-02-11,Tulsa,1,2,1,,,,
2024,Bethune,Texas Southern,83,79,0,Regular Season,2024-02-13,Bethune,1,2,2,,,,
2024,Miss Valley St,Alcorn St,55,72,0,Regular Season,2024-02-13,Miss Valley St,1,1,2,,,,
2024,Vanderbilt,Texas A&M,74,73,0,Regular Season,2024-02-14,Vanderbilt,1,3,2,,,,
2024,Nevada,New Mexico,82,83,0,Regular Season,2024-02-14,Nevada,1,3,2,,,,
2024,App State,Marshall,73,58,0,Regular Season,2024-02-15,App State,1,4,6,,,,
2024,Fordham,St Bonaventure,67,85,0,Regular Season,2024-02-15,Fordham,1,7,4,,,,
2024,Stony Brook,Hampton,93,73,0,Regular Season,2024-02-15,Stony Brook,1,4,4,,,,
2024,E Washington,Idaho St,88,82,0,Regular Season,2024-02-16,E Washington,1,4,4,,,,
2024,Sam Houston,FIU,70,56,0,Regular Season,2024-02-16,Sam Houston,1,6,5,,,,
2024,Bryant,Maine,77,72,0,Regular Season,2024-02-16,Bryant,1,5,4,,,,
2024,Little Rock,Morehead St,69,68,0,Regular Season,2024-02-16,Little Rock,1,6,5,,,,
2024,Monmouth,Campbell,88,87,0,Regular Season,2024-02-16,Monmouth,1,5,5,,,,
2024,UCLA,Colorado,64,60,0,Regular Season,2024-02-16,UCLA,1,5,4,,,,
2024,SF Austin,Abilene Chrstn,62,63,0,Regular Season,2024-02-17,SF Austin,1,6,0,,,,
2024,Texas A&M-CC,E Texas A&M,86,63,0,Regular Season,2024-02-17,Texas A&M-CC,1,3,3,,,,
2024,Columbia,Harvard,75,80,0,Regular Season,2024-02-17,Columbia,1,6,0,,,,
2024,W Carolina,ETSU,70,65,0,Regular Season,2024-02-17,W Carolina,1,1,1,,,,
2024,Coppin St,Delaware St,56,66,0,Regular Season,2024-02-17,Coppin St,1,10,10,,,,
2024,G Washington,Richmond,74,90,0,Regular Season,2024-02-17,G Washington,1,2,1,,,,
2024,San Diego St,New Mexico,81,70,0,Regular Season,2024-02-17,San Diego St,1,2,2,,,,
2024,Iowa,Wisconsin,88,86,0,Regular Season,2024-02-17,Iowa,1,1,2,,,,
2024,Texas Southern,Grambling,63,66,0,Regular Season,2024-02-17,Texas Southern,1,3,3,,,,
2024,Georgia Tech,Syracuse,65,60,0,Regular Season,2024-02-17,Georgia Tech,1,1,2,,,,
2024,Grand Canyon,CA Baptist,79,76,0,Regular Season,2024-02-18,Grand Canyon,1,1,1,,,,
2024,Wofford,UNC Greensboro,47,58,0,Regular Season,2024-02-18,Wofford,1,2,2,,,,
2024,Rhode Island,Loyola Chicago,67,77,0,Regular Season,2024-02-18,Rhode Island,1,6,2,,,,
2024,S Illinois,Indiana St,74,69,0,Regular Season,2024-02-18,S Illinois,1,2,3,,,,
2024,Clemson,NC State,77,78,0,Regular Season,2024-02-18,Clemson,1,2,7,,,,
2024,Incarnate Word,E Texas A&M,72,76,0,Regular Season,2024-02-20,Incarnate Word,1,2,2,,,,
2024,Virginia Tech,Virginia,75,41,0,Regular Season,2024-02-20,Virginia Tech,1,2,2,,,,
2024,UMass,VCU,74,52,0,Regular Season,2024-02-21,UMass,1,3,3,,,,
2024,Boise St,San José St,82,50,0,Regular Season,2024-02-21,Boise St,1,2,2,,,,
2024,Maine,UMBC,62,56,0,Regular Season,2024-02-22,Maine,1,4,4,,,,
2024,Rhode Island,Richmond,77,85,0,Regular Season,2024-02-22,Rhode Island,1,3,4,,,,
2024,SC Upstate,Charleston So,60,63,0,Regular Season,2024-02-22,SC Upstate,1,4,4,,,,
2024,Cincinnati,Oklahoma St,76,80,0,Regular Season,2024-02-22,Cincinnati,1,4,4,,,,
2024,Fullerton,Cal Poly,68,50,0,Regular Season,2024-02-23,Fullerton,1,4,6,,,,
2024,FGCU,Kennesaw St,67,74,0,Regular Season,2024-02-23,FGCU,1,5,5,,,,
2024,Southern Miss,South Alabama,64,83,0,Regular Season,2024-02-23,Southern Miss,1,5,5,,,,
2024,Sacred Heart,FDU,99,91,0,Regular Season,2024-02-23,Sacred Heart,1,5,5,,,,
2024,William & Mary,UNC Wilmington,65,81,0,Regular Season,2024-02-23,William & Mary,1,2,4,,,,
2024,Abilene Chrstn,Grand Canyon,79,73,0,Regular Season,2024-02-24,Abilene Chrstn,1,0,0,,,,
2024,SE Louisiana,New Orleans,77,67,0,Regular Season,2024-02-24,SE Louisiana,1,3,3,,,,
2024,UL Monroe,Troy,78,84,0,Regular Season,2024-02-24,UL Monroe,1,0,0,,,,
2024,Milwaukee,Youngstown St,80,84,0,Regular Season,2024-02-24,Milwaukee,1,5,6,,,,
2024,Stonehill,Saint Francis,72,63,0,Regular Season,2024-02-24,Stonehill,1,6,0,,,,
2024,Saint Louis,G Washington,96,91,0,Regular Season,2024-02-24,Saint Louis,1,2,1,,,,
2024,Jacksonville,North Florida,62,50,0,Regular Season,2024-02-24,Jacksonville,1,6,6,,,,
2024,Murray St,Valparaiso,80,68,0,Regular Season,2024-02-24,Murray St,1,1,1,,,,
2024,UCF,Texas Tech,75,61,0,Regular Season,2024-02-24,UCF,1,2,2,,,,
2024,Stanford,Oregon St,73,85,0,Regular Season,2024-02-24,Stanford,1,0,0,,,,
2024,FGCU,Queens,90,81,0,Regular Season,2024-02-25,FGCU,1,1,1,,,,
2024,Wagner,Long Island,72,57,0,Regular Season,2024-02-25,Wagner,1,1,1,,,,
2024,VCU,Saint Joseph's,73,69,0,Regular Season,2024-02-25,VCU,1,3,2,,,,
2024,Nebraska,Minnesota,73,55,0,Regular Season,2024-02-25,Nebraska,1,2,1,,,,
2024,Wyoming,Boise St,72,92,0,Regular Season,2024-02-25,Wyoming,1,3,3,,,,
2024,Howard,Coppin St,78,69,0,Regular Season,2024-02-27,Howard,1,2,2,,,,
2024,SC State,MD Eastern,64,56,0,Regular Season,2024-02-27,SC State,1,2,2,,,,
2024,St Bonaventure,Loyola Chicago,79,64,0,Regular Season,2024-02-28,St Bonaventure,1,3,3,,,,
2024,Lehigh,Boston U,62,64,0,Regular Season,2024-02-28,Lehigh,1,3,2,,,,
2024,Syracuse,Virginia Tech,84,71,0,Regular Season,2024-02-28,Syracuse,1,3,3,,,,
2024,Cleveland St,Green Bay,61,69,0,Regular Season,2024-02-29,Cleveland St,1,3,3,,,,
2024,Tennessee,Auburn,92,84,0,Regular Season,2024-02-29,Tennessee,1,3,4,,,,
2024,Ohio State,Nebraska,78,69,0,Regular Season,2024-02-29,Ohio State,1,3,3,,,,
2024,UTSA,Tulsa,89,73,0,Regular Season,2024-02-29,UTSA,1,4,3,,,,
2024,Jax State,UTEP,65,72,0,Regular Season,2024-03-01,Jax State,1,5,4,,,,
2024,St Thomas (MN),Omaha,88,61,0,Regular Season,2024-03-01,St Thomas (MN),1,5,4,,,,
2024,UT Martin,Tennessee Tech,80,69,0,Regular Season,2024-03-01,UT Martin,1,5,5,,,,
2024,UNC Wilmington,Hofstra,58,69,0,Regular Season,2024-03-01,UNC Wilmington,1,2,4,,,,
2024,Idaho,Montana,57,80,0,Regular Season,2024-03-02,Idaho,1,0,0,,,,
2024,Brown,Harvard,71,68,0,Regular Season,2024-03-02,Brown,1,6,5,,,,
2024,Vermont,UMass Lowell,74,62,0,Regular Season,2024-03-02,Vermont,1,5,1,,,,
2024,W Illinois,SIUE,76,65,0,Regular Season,2024-03-02,W Illinois,1,0,2,,,,
2024,Ball State,W Michigan,76,78,0,Regular Season,2024-03-02,Ball State,1,2,2,,,,
2024,Niagara,Rider,61,71,0,Regular Season,2024-03-02,Niagara,1,6,5,,,,
2024,Kentucky,Arkansas,111,102,0,Regular Season,2024-03-02,Kentucky,1,2,2,,,,
2024,Providence,Villanova,60,71,0,Regular Season,2024-03-02,Providence,1,1,3,,,,
2024,Nevada,Fresno St,74,66,0,Regular Season,2024-03-02,Nevada,1,2,2,,,,
2024,Texas,Oklahoma St,81,65,0,Regular Season,2024-03-02,Texas,1,2,1,,,,
2024,Washington,USC,75,82,0,Regular Season,2024-03-02,Washington,1,0,0,,,,
2024,Southern Utah,Tarleton St,83,88,0,Regular Season,2024-03-03,Southern Utah,1,1,1,,,,
2024,San Diego,Pacific,81,69,0,Regular Season,2024-03-03,San Diego,1,1,6,,,,
2024,UConn,Seton Hall,91,61,0,Regular Season,2024-03-03,UConn,1,6,2,,,,
2024,Memphis,UAB,106,87,0,Regular Season,2024-03-03,Memphis,1,1,2,,,,
2024,Portland St,Idaho,72,57,0,Regular Season,2024-03-05,Portland St,1,2,2,,,,
2024,Coppin St,SC State,58,61,0,Regular Season,2024-03-05,Coppin St,1,2,2,,,,
2024,MTSU,Liberty,69,61,0,Regular Season,2024-03-06,MTSU,1,2,2,,,,
2024,VCU,Duquesne,59,69,0,Regular Season,2024-03-06,VCU,1,3,3,,,,
2024,Oklahoma,Cincinnati,74,71,0,Regular Season,2024-03-06,Oklahoma,1,2,2,,,,
2024,Stetson,Queens,83,71,0,ASUN Championship - Quarterfinal,2024-03-06,Stetson,1,3,0,,,,
2024,Rhode Island,George Mason,51,69,0,Regular Season,2024-03-07,Rhode Island,1,4,4,,,,
2024,New Mexico,Fresno St,79,58,0,Regular Season,2024-03-07,New Mexico,1,3,4,,,,
2024,South Alabama,GA Southern,71,76,1,Sun Belt Championship - 2nd Round,2024-03-07,,0,4,4,,,,
2024,UC San Diego,UC Davis,63,70,0,Regular Season,2024-03-08,UC San Diego,1,4,6,,,,
2024,Fairfield,Canisius,74,62,0,Regular Season,2024-03-08,Fairfield,1,5,4,,,,
2024,Morgan St,Coppin St,78,60,0,Regular Season,2024-03-08,Morgan St,1,2,2,,,,
2024,Morehead St,SIUE,78,63,1,OVC Championship - Quarterfinal,2024-03-08,,0,5,0,,,,
2024,Oakland,Purdue FW,75,65,0,Barbasol Horizon League Championship - Quarterfinal,2024-03-08,Oakland,1,5,1,,,,
2024,Tarleton St,Seattle U,69,66,0,Regular Season,2024-03-09,Tarleton St,1,0,0,,,,
2024,Miami OH,Ohio,59,72,0,Regular Season,2024-03-09,Miami OH,1,2,2,,,,
2024,Fordham,Rhode Island,50,58,0,Regular Season,2024-03-09,Fordham,1,1,1,,,,
2024,Villanova,Creighton,67,69,0,Regular Season,2024-03-09,Villanova,1,2,6,,,,
2024,Texas,Oklahoma,94,80,0,Regular Season,2024-03-09,Texas,1,3,2,,,,
2024,UNC Asheville,Gardner-Webb,83,72,1,Big South Championship - Semifinal,2024-03-09,,0,0,0,,,,
2024,Bryant,Maine,84,58,0,America East Playoffs - Quarterfinal,2024-03-09,Bryant,1,2,3,,,,
2024,Stony Brook,Northeastern,75,65,1,CAA Championship - 2nd Round,2024-03-09,,0,6,6,,,,
2024,Iowa,Illinois,61,73,0,Regular Season,2024-03-10,Iowa,1,7,3,,,,
2024,Pitt,NC State,81,73,0,Regular Season,2024-03-10,Pitt,1,3,4,,,,
2024,Chattanooga,ETSU,84,85,1,SoCon Championship - Semifinal,2024-03-10,,0,0,0,,,,
2024,Colgate,Bucknell,68,65,0,Patriot League Championship - Semifinal,2024-03-10,Colgate,1,1,1,,,,
2024,Weber St,Montana St,82,91,1,Big Sky Championship - Quarterfinal,2024-03-11,,0,5,5,,,,
2024,Fordham,Davidson,71,63,1,Atlantic 10 Championship - 1st Round,2024-03-12,,0,2,2,,,,
2024,N Kentucky,Milwaukee,75,82,1,Barbasol Horizon League Championship - Semifinal,2024-03-12,,0,3,3,,,,
2024,Temple,UTSA,64,61,1,American Athletic Conference Championship - 1st Round,2024-03-13,,0,2,2,,,,
2024,Duquesne,Saint Louis,83,73,1,Atlantic 10 Championship - 2nd Round,2024-03-13,,0,3,0,,,,
2024,Alcorn St,Alabama A&M,63,75,1,SWAC Tournament - Quarterfinal,2024-03-13,,0,3,3,,,,
2024,LSU,Mississippi St,60,70,1,SEC Tournament - 2nd Round,2024-03-14,,0,3,4,,,,
2024,Toledo,Kent State,59,67,1,MAC Championship - Quarterfinal,2024-03-14,,0,4,4,,,,
2024,Loyola Chicago,St Bonaventure,74,75,1,Atlantic 10 Championship - Quarterfinal,2024-03-14,,0,4,0,,,,
2024,Penn State,Michigan,66,57,1,Big Ten Tournament - 1st Round,2024-03-14,,0,3,3,,,,
2024,Kentucky,Texas A&M,87,97,1,SEC Tournament - Quarterfinal,2024-03-15,,0,5,0,,,,
2024,UT Arlington,SF Austin,109,78,1,WAC Tournament - Quarterfinal,2024-03-15,,0,6,0,,,,
2024,Quinnipiac,Saint Peter's,60,62,1,MAAC Championship - Semifinal,2024-03-15,,0,1,0,,,,
2024,Florida,Texas A&M,95,90,1,SEC Tournament - Semifinal,2024-03-16,,0,0,0,,,,
2024,UC Davis,Hawai'i,68,65,1,Big West Championship - Semifinal,2024-03-16,,0,6,0,,,,
2024,Fairfield,Saint Peter's,63,68,1,MAAC Championship - Final,2024-03-16,,0,0,0,,,,
2024,Yale,Brown,62,61,1,Ivy League Tournament pres. by TIAA - Final,2024-03-17,,0,0,0,,,,
2024,Utah,UC Irvine,84,75,0,NIT - 1st Round,2024-03-20,Utah,1,4,3,,,,
2024,Arizona,Long Beach St,85,65,1,Men's Basketball Championship - West Region - 1st Round,2024-03-21,,0,4,3,,,,
2024,Villanova,VCU,61,70,0,NIT - 1st Round,2024-03-21,Villanova,1,5,3,,,,
2024,Clemson,New Mexico,77,56,1,Men's Basketball Championship - West Region - 1st Round,2024-03-22,,0,7,5,,,,
2024,Utah State,TCU,88,72,1,Men's Basketball Championship - Midwest Region - 1st Round,2024-03-23,,0,6,8,,,,
2024,Seton Hall,North Texas,72,58,0,NIT - 2nd Round,2024-03-23,Seton Hall,1,2,3,,,,
2024,Presbyterian,Montana,79,82,1,Ro CBI - 1st Round,2024-03-24,,0,12,9,,,,
2024,UNLV,Boston College,79,70,0,NIT - 2nd Round,2024-03-25,UNLV,1,3,5,,,,
2024,Utah,VCU,74,54,0,NIT - Quarterfinal,2024-03-28,Utah,1,2,3,,,,
2024,Seton Hall,Georgia,84,67,1,NIT - Semifinal,2024-04-03,,0,6,7,,,,
2025,S Dakota St,McNeese,80,73,1,Field of 68 Showcase,2024-11-04,,0,,,,,,
2025,Jax State,LaGrange,112,48,0,Regular Season,2024-11-04,Jax State,1,,,,,,
2025,SMU,Tarleton St,96,62,0,Regular Season,2024-11-05,SMU,1,,,,,,
2025,Kansas,Howard,87,57,0,Regular Season,2024-11-05,Kansas,1,,,,,,
2025,Stetson,New College FL,94,75,0,Regular Season,2024-11-05,Stetson,1,,,,,,
2025,Northwestern,Lehigh,90,46,0,Regular Season,2024-11-05,Northwestern,1,,,,,,
2025,Pitt,Radford,96,56,0,Regular Season,2024-11-05,Pitt,1,,,,,,
2025,Rhode Island,Fairfield,96,58,0,Regular Season,2024-11-05,Rhode Island,1,,,,,,
2025,Idaho,Northwest U,94,60,0,Regular Season,2024-11-05,Idaho,1,,,,,,
2025,South Alabama,C Michigan,70,74,0,MAC-SBC Challenge,2024-11-05,South Alabama,1,,,,,,
2025,Cornell,Marywood,93,52,0,Regular Season,2024-11-05,Cornell,1,,,,,,
2025,East Carolina,NC Wesleyan,97,70,0,Regular Season,2024-11-05,East Carolina,1,,,,,,
2025,Belmont,Maryville TN,93,70,0,Regular Season,2024-11-05,Belmont,1,,,,,,
2025,Southern Utah,Western NM,96,68,0,Regular Season,2024-11-05,Southern Utah,1,,,,,,
2025,Gonzaga,Baylor,101,63,0,Findlay Auto Tip-Off,2024-11-05,Gonzaga,1,,,,,,
2025,SIUE,Westminster MO,95,42,0,Regular Season,2024-11-05,SIUE,1,,,,,,
2025,Grambling,Southern NO,92,42,0,Regular Season,2024-11-05,Grambling,1,,,,,,
2025,North Texas,Evansville,80,63,0,Regular Season,2024-11-06,North Texas,1,,,,,,
2025,Georgetown,Lehigh,85,77,0,Regular Season,2024-11-07,Georgetown,1,,1,,,,
2025,Utah State,Alcorn St,101,46,0,Regular Season,2024-11-07,Utah State,1,,1,,,,
2025,Delaware,Robert Morris,81,77,0,Regular Season,2024-11-07,Delaware,1,2,1,,,,
2025,North Florida,Charleston So,90,66,0,Regular Season,2024-11-08,North Florida,1,2,2,,,,
2025,Loyola Chicago,Detroit Mercy,87,65,0,Regular Season,2024-11-08,Loyola Chicago,1,2,2,,,,
2025,FDU,Purchase,112,72,0,Regular Season,2024-11-08,FDU,1,2,,,,,
2025,Towson,Wilkes-Barre,89,34,0,Regular Season,2024-11-08,Towson,1,2,2,,,,
2025,Clemson,Saint Francis,88,62,0,Regular Season,2024-11-09,Clemson,1,3,3,,,,
2025,West Virginia,UMass,75,69,0,Regular Season,2024-11-09,West Virginia,1,3,3,,,,
2025,South Carolina,SC State,86,64,0,Regular Season,2024-11-09,South Carolina,1,3,3,,,,
2025,UCF,Purdue FW,75,68,0,Regular Season,2024-11-09,UCF,1,3,3,,,,
2025,Bryant,Siena,88,90,0,Regular Season,2024-11-09,Bryant,1,3,3,,,,
2025,Miami OH,Wright St,68,81,0,Regular Season,2024-11-09,Miami OH,1,4,1,,,,
2025,FAU,Coastal GA,99,49,0,Regular Season,2024-11-09,FAU,1,3,,,,,
2025,Washington St,Bradley,91,74,0,Regular Season,2024-11-09,Washington St,1,3,3,,,,
2025,Nicholls,Miss for Women,93,44,0,Regular Season,2024-11-09,Nicholls,1,0,0,,,,
2025,Georgia Tech,North Florida,93,105,0,Regular Season,2024-11-10,Georgia Tech,1,2,1,,,,
2025,Loyola Chicago,Eureka,105,53,0,Regular Season,2024-11-10,Loyola Chicago,1,1,1,,,,
2025,Loyola MD,Lncstr Bible,83,42,0,Regular Season,2024-11-10,Loyola MD,1,4,,,,,
2025,South Dakota,Mount Marty,77,47,0,Regular Season,2024-11-10,South Dakota,1,2,,,,,
2025,UMBC,Valley Forge,120,61,0,Regular Season,2024-11-11,UMBC,1,2,,,,,
2025,Kansas,Michigan St,77,69,1,State Farm Champions Classic,2024-11-12,,0,2,3,,,,
2025,Marquette,C Michigan,70,62,0,Marquette Challenge,2024-11-12,Marquette,1,2,3,,,,
2025,Tulane,Alcorn St,84,51,0,Regular Season,2024-11-12,Tulane,1,2,2,,,,
2025,IU Indy,Goshen,97,55,0,Regular Season,2024-11-12,IU Indy,1,3,,,,,
2025,Mississippi St,SE Louisiana,80,59,0,Regular Season,2024-11-13,Mississippi St,1,3,2,,,,
2025,Stanford,N Arizona,90,64,0,Regular Season,2024-11-13,Stanford,1,4,3,,,,
2025,New Mexico,Texas A&M-CC,100,81,1,Regular Season,2024-11-13,,0,3,3,,,,
2025,Purdue FW,Bethune,91,69,0,Regular Season,2024-11-13,Purdue FW,1,3,2,,,,
2025,Indiana St,SIUE,72,77,0,Regular Season,2024-11-13,Indiana St,1,4,3,,,,
2025,Southern Miss,Loyola (LA),104,65,0,Regular Season,2024-11-13,Southern Miss,1,4,,,,,
2025,Colorado,Fullerton,83,53,0,Regular Season,2024-11-14,Colorado,1,4,5,,,,
2025,Longwood,Milwaukee,76,62,0,Regular Season,2024-11-14,Longwood,1,4,5,,,,
2025,Alabama A&M,Fisk,103,69,0,Regular Season,2024-11-14,Alabama A&M,1,1,8,,,,
2025,Santa Clara,N Dakota St,80,88,0,Regular Season,2024-11-14,Santa Clara,1,4,1,,,,
2025,Washington,Seattle Pac,77,62,0,Regular Season,2024-11-14,Washington,1,3,,,,,
2025,Oklahoma St,S Illinois,85,78,0,Regular Season,2024-11-15,Oklahoma St,1,4,5,,,,
2025,UNLV,Omaha,80,69,0,Regular Season,2024-11-15,UNLV,1,5,5,,,,
2025,Penn,Saint Joseph's,69,86,0,Big 5 Classic - Campus Game,2024-11-16,Penn,1,2,3,,,,
2025,Indiana,South Carolina,87,71,0,Regular Season,2024-11-16,Indiana,1,5,2,,,,
2025,Iowa,Washington St,76,66,1,Regular Season,2024-11-16,,0,2,3,,,,
2025,Manhattan,Fordham,78,76,0,Regular Season,2024-11-16,Manhattan,1,2,2,,,,
2025,San Diego,Idaho St,66,78,0,Regular Season,2024-11-16,San Diego,1,2,3,,,,
2025,South Florida,West Georgia,74,55,0,Regular Season,2024-11-16,South Florida,1,2,2,,,,
2025,Furman,Tulane,75,67,0,Regular Season,2024-11-16,Furman,1,3,3,,,,
2025,Stony Brook,St Joseph's LI,93,45,0,Regular Season,2024-11-16,Stony Brook,1,3,,,,,
2025,Boise St,Clemson,84,71,0,Regular Season,2024-11-17,Boise St,1,3,3,,,,
2025,Charleston,Liberty,47,68,0,Field of 68 Tip-Off,2024-11-17,Charleston,1,0,0,,,,
2025,FDU,Manhattan,85,82,0,Metro NY/NJ Classic,2024-11-17,FDU,1,2,0,,,,
2025,Nevada,Santa Clara,85,59,0,Regular Season,2024-11-17,Nevada,1,2,2,,,,
2025,Marshall,Bellarmine,83,62,0,Regular Season,2024-11-17,Marshall,1,4,3,,,,
2025,Hawai'i,Weber St,73,68,0,Regular Season,2024-11-18,Hawai'i,1,5,3,,,,
2025,Pitt,VMI,93,48,0,Regular Season,2024-11-19,Pitt,1,2,2,,,,
2025,UAB,AU Montgomery,109,64,0,Regular Season,2024-11-19,UAB,1,2,,,,,
2025,S Dakota St,Mount Marty,89,41,0,Regular Season,2024-11-19,S Dakota St,1,3,8,,,,
2025,Florida,Florida A&M,84,60,0,Regular Season,2024-11-20,Florida,1,4,7,,,,
2025,Florida St,Hofstra,79,61,0,Regular Season,2024-11-20,Florida St,1,4,2,,,,
2025,Mercyhurst,MT ALOY,98,45,0,Regular Season,2024-11-20,Mercyhurst,1,3,,,,,
2025,Santa Clara,UC Riverside,96,54,0,Regular Season,2024-11-20,Santa Clara,1,2,4,,,,
2025,Indiana,UNC Greensboro,69,58,0,Regular Season,2024-11-21,Indiana,1,4,4,,,,
2025,MTSU,Ohio,83,81,1,Myrtle Beach Invitational,2024-11-21,,0,4,4,,,,
2025,W Michigan,South Dakota,76,80,0,Regular Season,2024-11-21,W Michigan,1,3,5,,,,
2025,Arizona St,Cal Poly,93,89,0,Regular Season,2024-11-21,Arizona St,1,2,2,,,,
2025,Saint Peter's,St Elizabeth,116,51,0,Regular Season,2024-11-21,Saint Peter's,1,4,,,,,
2025,Wisconsin,UCF,86,70,1,Greenbrier Tip-Off - Mountain Division,2024-11-22,,0,2,1,,,,
2025,Oakland,E Michigan,64,68,0,Regular Season,2024-11-22,Oakland,1,5,5,,,,
2025,Nevada,Vanderbilt,71,73,1,Shriners Children’s Charleston Classic,2024-11-22,,0,4,5,,,,
2025,W Illinois,Monmouthil,73,46,0,Regular Season,2024-11-22,W Illinois,1,1,,,,,
2025,Portland,Ohio,73,85,1,Myrtle Beach Invitational,2024-11-22,,0,0,0,,,,
2025,Illinois,MD Eastern,87,40,0,Regular Season,2024-11-23,Illinois,1,1,1,,,,
2025,Northwestern,Pepperdine,68,50,0,Regular Season,2024-11-23,Northwestern,1,2,1,,,,
2025,Saint Louis,Wichita St,63,88,1,Hall of Fame Classic,2024-11-23,,0,5,3,,,,
2025,Alabama St,Lamar,77,75,1,Akron Basketball Classic,2024-11-23,,0,3,0,,,,
2025,Davidson,VMI,93,66,0,Regular Season,2024-11-23,Davidson,1,6,3,,,,
2025,Bakersfield,FIU,73,76,1,Homewood Suites Classic,2024-11-23,,0,0,0,,,,
2025,Monmouth,Presbyterian,61,71,1,Axe 'Em Classic,2024-11-23,,0,0,0,,,,
2025,Nevada,VCU,64,61,1,Shriners Children’s Charleston Classic,2024-11-23,,0,0,1,,,,
2025,ETSU,Queens,82,67,0,Regular Season,2024-11-24,ETSU,1,0,0,,,,
2025,C Arkansas,UNC Asheville,92,83,0,Regular Season,2024-11-24,C Arkansas,1,1,0,,,,
2025,Delaware,Yale,100,94,1,Basketball Hall of Fame Tip-Off Tournament,2024-11-24,,0,0,0,,,,
2025,Utah Tech,CSU Northridge,79,89,1,Stew Morrill Classic,2024-11-24,,0,1,6,,,,
2025,Bradley,MTSU,80,69,1,Myrtle Beach Invitational - Championship,2024-11-24,,0,1,1,,,,
2025,Chicago St,Radford,48,63,1,Sunshine Slam - Ocean Division,2024-11-25,,0,1,2,,,,
2025,Duquesne,Hampton,59,64,1,Cayman Islands Classic,2024-11-25,,0,0,0,,,,
2025,Iona,Cornell,68,84,0,Regular Season,2024-11-26,Iona,1,4,4,,,,
2025,South Alabama,Incarnate Word,84,63,0,Jaguar Classic,2024-11-26,South Alabama,1,6,2,,,,
2025,Tennessee St,Bryant,85,97,1,Coke Classic,2024-11-26,,0,5,1,,,,
2025,South Dakota,Randall,112,50,0,Regular Season,2024-11-26,South Dakota,1,2,11,,,,
2025,Missouri St,S Dakota St,55,75,1,Cayman Islands Classic - 3rd Place Game,2024-11-26,,0,0,0,,,,
2025,Liberty,McNeese,62,58,1,Paradise Jam - Championship,2024-11-26,,0,0,1,,,,
2025,Missouri,Lindenwood,81,61,0,Regular Season,2024-11-27,Missouri,1,2,4,,,,
2025,Houston,Alabama,80,85,1,Players Era Festival - Impact Tournament,2024-11-27,,0,3,5,,,,
2025,Valparaiso,N Illinois,87,82,0,DePaul Classic,2024-11-27,Valparaiso,1,2,3,,,,
2025,UMBC,Morgan St,92,69,0,Regular Season,2024-11-27,UMBC,1,1,2,,,,
2025,Samford,N Dakota St,103,98,0,Samford Thanksgiving Invitational,2024-11-27,Samford,1,6,0,,,,
2025,Detroit Mercy,Rhode Island,75,81,1,Jacksonville Classic,2024-11-27,,0,0,2,,,,
2025,Arkansas,Illinois,77,90,1,Thanksgiving Hoops Showcase,2024-11-28,,0,1,1,,,,
2025,St Bonaventure,Utah State,67,72,1,NIT Season Tip-Off,2024-11-28,,0,3,4,,,,
2025,N Dakota St,Utah Valley,83,63,1,Samford Thanksgiving Invitational,2024-11-28,,0,0,0,,,,
2025,Rhode Island,UT Arlington,83,78,1,Jacksonville Classic,2024-11-28,,0,0,0,,,,
2025,G Washington,VMI,77,64,0,Regular Season,2024-11-29,G Washington,1,3,1,,,,
2025,Elon,Maine,56,69,1,Cathedral Classic Invitational,2024-11-29,,0,5,4,,,,
2025,Providence,Davidson,58,69,1,Bad Boy Mowers Battle 4 Atlantis,2024-11-29,,0,1,0,,,,
2025,VCU,Elizabeth City,103,58,0,Regular Season,2024-11-30,VCU,1,5,,,,,
2025,St John's,Harvard,77,64,0,Regular Season,2024-11-30,St John's,1,5,2,,,,
2025,Idaho,UC Riverside,80,68,0,Regular Season,2024-11-30,Idaho,1,5,5,,,,
2025,Long Island,Binghamton,70,75,1,Lafayette Tournament,2024-11-30,,0,0,0,,,,
2025,Howard,Mount St Marys,75,79,0,Regular Season,2024-11-30,Howard,1,4,6,,,,
2025,Northern Iowa,St Bonaventure,56,68,1,NIT Season Tip-Off - 3rd Place Game,2024-11-30,,0,0,1,,,,
2025,UConn,MD Eastern,99,45,0,Regular Season,2024-12-01,UConn,1,2,2,,,,
2025,Lamar,Lady of Lake,88,54,0,Regular Season,2024-12-01,Lamar,1,6,,,,,
2025,Saint Francis,Radford,70,79,0,Regular Season,2024-12-01,Saint Francis,1,3,4,,,,
2025,Texas Southern,Texas St,59,72,0,Regular Season,2024-12-01,Texas Southern,1,3,5,,,,
2025,San Francisco,Mercyhurst,87,59,0,Regular Season,2024-12-02,San Francisco,1,5,0,,,,
2025,Miss Valley St,Oakwood,91,71,0,Regular Season,2024-12-03,Miss Valley St,1,2,12,,,,
2025,Saint Joseph's,Princeton,69,77,0,Regular Season,2024-12-04,Saint Joseph's,1,6,6,,,,
2025,South Florida,Stetson,74,72,0,Regular Season,2024-12-04,South Florida,1,9,10,,,,
2025,Loyola Chicago,E Michigan,76,54,0,Regular Season,2024-12-04,Loyola Chicago,1,10,2,,,,
2025,UCLA,Washington,69,58,0,Regular Season,2024-12-04,UCLA,1,6,4,,,,
2025,S Illinois,Bradley,60,83,0,Regular Season,2024-12-04,S Illinois,1,6,4,,,,
2025,Fairfield,Rider,78,75,0,Regular Season,2024-12-05,Fairfield,1,3,4,,,,
2025,Seton Hall,NJIT,67,56,0,Regular Season,2024-12-05,Seton Hall,1,4,3,,,,
2025,Oral Roberts,N Arizona,83,76,0,Big Sky-Summit Challenge,2024-12-05,Oral Roberts,1,3,6,,,,
2025,W Carolina,Bellarmine,86,74,0,SoCon/ASUN Challenge,2024-12-05,W Carolina,1,4,4,,,,
2025,Long Island,York (NY),103,53,0,Regular Season,2024-12-05,Long Island,1,3,,,,,
2025,W Illinois,St. Ambrose,97,64,0,Regular Season,2024-12-05,W Illinois,1,7,10,,,,
2025,Hou Christian,E Texas A&M,83,79,0,Regular Season,2024-12-06,Hou Christian,1,5,5,,,,
2025,Incarnate Word,N'Western St,70,72,0,Regular Season,2024-12-06,Incarnate Word,1,8,5,,,,
2025,Indiana,Miami OH,76,57,0,Regular Season,2024-12-07,Indiana,1,2,3,,,,
2025,Arkansas,UTSA,75,60,0,Regular Season,2024-12-07,Arkansas,1,2,2,,,,
2025,Oregon St,Idaho,78,62,0,Regular Season,2024-12-07,Oregon St,1,5,1,,,,
2025,Toledo,Defiance,111,49,0,Regular Season,2024-12-07,Toledo,1,5,12,,,,
2025,Yale,Vermont,65,50,0,Regular Season,2024-12-07,Yale,1,3,2,,,,
2025,Belmont,MTSU,82,79,0,Regular Season,2024-12-07,Belmont,1,1,1,,,,
2025,UTEP,Seattle U,88,72,0,Regular Season,2024-12-07,UTEP,1,8,1,,,,
2025,W Illinois,East-West,96,49,0,Regular Season,2024-12-07,W Illinois,1,1,1,,,,
2025,Missouri,Kansas,76,67,0,Regular Season,2024-12-08,Missouri,1,3,2,,,,
2025,Mississippi St,Prairie View,91,84,0,Regular Season,2024-12-08,Mississippi St,1,2,0,,,,
2025,N Dakota St,N Colorado,82,70,0,Big Sky-Summit Challenge,2024-12-08,N Dakota St,1,2,2,,,,
2025,New Hampshire,Harvard,62,72,0,Regular Season,2024-12-08,New Hampshire,1,3,3,,,,
2025,Texas St,Rice,75,66,0,Regular Season,2024-12-08,Texas St,1,2,6,,,,
2025,La Salle,Saint Joseph's,68,82,1,Big 5 Classic,2024-12-08,,0,3,3,,,,
2025,Baylor,Abilene Chrstn,88,57,0,Regular Season,2024-12-10,Baylor,1,5,4,,,,
2025,DePaul,Providence,63,70,0,Regular Season,2024-12-11,DePaul,1,5,3,,,,
2025,Fullerton,La Sierra,61,55,0,Regular Season,2024-12-11,Fullerton,1,2,12,,,,
2025,UNC Asheville,Bluefield,92,46,0,Regular Season,2024-12-11,UNC Asheville,1,3,12,,,,
2025,Notre Dame,Dartmouth,77,65,0,Regular Season,2024-12-12,Notre Dame,1,4,3,,,,
2025,UL Monroe,AR-Pine Bluff,89,73,0,Regular Season,2024-12-12,UL Monroe,1,8,3,,,,
2025,N Dakota St,UW Stout,91,62,0,Regular Season,2024-12-13,N Dakota St,1,2,,,,,
2025,Purdue,Texas A&M,66,70,1,Indy Classic,2024-12-14,,0,5,5,,,,
2025,Ole Miss,Southern Miss,77,46,1,Regular Season,2024-12-14,,0,5,2,,,,
2025,Richmond,Belmont,86,93,0,Regular Season,2024-12-14,Richmond,1,5,6,,,,
2025,Marshall,Ohio,79,70,0,Regular Season,2024-12-14,Marshall,1,1,6,,,,
2025,FAU,Texas St,89,80,0,Regular Season,2024-12-14,FAU,1,2,5,,,,
2025,South Dakota,W Illinois,89,66,0,Regular Season,2024-12-14,South Dakota,1,2,6,,,,
2025,BYU,Wyoming,68,49,1,Regular Season,2024-12-15,,0,2,3,,,,
2025,North Dakota,UTSA,85,95,0,Regular Season,2024-12-15,North Dakota,1,0,0,,,,
2025,Kent State,Mercyhurst,82,57,0,Regular Season,2024-12-15,Kent State,1,7,3,,,,
2025,Boise St,Saint Mary's,67,65,1,Regular Season,2024-12-15,,0,7,6,,,,
2025,Little Rock,UIC,69,77,0,Regular Season,2024-12-15,Little Rock,1,3,6,,,,
2025,UT Martin,Champ Chrstn,123,56,0,Regular Season,2024-12-15,UT Martin,1,2,12,,,,
2025,Rice,Alcorn St,77,75,0,Regular Season,2024-12-17,Rice,1,8,8,,,,
2025,Marshall,WV Wesleyan,93,63,0,Regular Season,2024-12-17,Marshall,1,2,,,,,
2025,UCLA,Prairie View,111,75,0,Regular Season,2024-12-18,UCLA,1,3,2,,,,
2025,Villanova,Seton Hall,79,67,0,Regular Season,2024-12-18,Villanova,1,5,3,,,,
2025,Oakland,Michigan St,58,77,1,Regular Season,2024-12-18,,0,10,10,,,,
2025,Western KY,Seattle U,86,73,0,WAC/CUSA Challenge,2024-12-18,Western KY,1,3,2,,,,
2025,Saint Joseph's,American,84,57,0,Regular Season,2024-12-19,Saint Joseph's,1,7,12,,,,
2025,Incarnate Word,Schreiner,101,57,0,Regular Season,2024-12-19,Incarnate Word,1,3,,,,,
2025,Weber St,Lincoln U (CA),128,58,0,Regular Season,2024-12-19,Weber St,1,4,8,,,,
2025,Temple,Davidson,62,61,0,Regular Season,2024-12-19,Temple,1,3,3,,,,
2025,Long Island,Mount St Marys,72,80,0,Regular Season,2024-12-19,Long Island,1,4,3,,,,
2025,Little Rock,SIUE,60,56,0,Regular Season,2024-12-20,Little Rock,1,4,4,,,,
2025,W Michigan,Valparaiso,73,76,0,Regular Season,2024-12-20,W Michigan,1,4,1,,,,
2025,N'Western St,Southern NO,89,79,0,Regular Season,2024-12-20,N'Western St,1,5,8,,,,
2025,BYU,Florida A&M,103,57,0,Regular Season,2024-12-21,BYU,1,5,2,,,,
2025,Southern Miss,Marshall,68,66,0,Regular Season,2024-12-21,Southern Miss,1,2,3,,,,
2025,Pitt,Sam Houston,110,78,0,Regular Season,2024-12-21,Pitt,1,8,3,,,,
2025,Butler,UConn,74,78,0,Regular Season,2024-12-21,Butler,1,1,1,,,,
2025,Pacific,Idaho,72,95,0,Regular Season,2024-12-21,Pacific,1,1,1,,,,
2025,Alabama A&M,Samford,90,97,0,Regular Season,2024-12-21,Alabama A&M,1,1,1,,,,
2025,UTEP,Jackson St,67,61,0,Don Haskins Basketball Invitational,2024-12-21,UTEP,1,3,12,,,,
2025,UNLV,UC Riverside,66,53,0,Regular Season,2024-12-21,UNLV,1,2,1,,,,
2025,FIU,IU Indy,75,69,0,Regular Season,2024-12-21,FIU,1,2,6,,,,
2025,VCU,William & Mary,90,70,0,Regular Season,2024-12-22,VCU,1,2,2,,,,
2025,Long Beach St,La Sierra,83,57,0,Regular Season,2024-12-22,Long Beach St,1,1,5,,,,
2025,Oakland,Loyola Chicago,72,71,1,Hawaiian Airlines Diamond Head Classic,2024-12-22,,0,1,2,,,,
2025,USC,Southern,82,51,0,Regular Season,2024-12-22,USC,1,2,0,,,,
2025,Valparaiso,Calumet,107,57,0,Regular Season,2024-12-22,Valparaiso,1,1,12,,,,
2025,Wagner,PSU Scranton,120,30,0,Regular Season,2024-12-23,Wagner,1,1,,,,,
2025,Nebraska,Oregon St,78,66,1,Hawaiian Airlines Diamond Head Classic - Championship,2024-12-26,,0,1,1,,,,
2025,Georgia Tech,Alabama A&M,92,49,0,Regular Season,2024-12-28,Georgia Tech,1,6,6,,,,
2025,Duquesne,Cleary,93,45,0,Regular Season,2024-12-28,Duquesne,1,6,12,,,,
2025,NC A&T,NC Central,85,72,0,Regular Season,2024-12-28,NC A&T,1,6,6,,,,
2025,Illinois,Chicago St,117,64,0,Regular Season,2024-12-29,Illinois,1,6,7,,,,
2025,Minnesota,Morgan St,90,68,0,Regular Season,2024-12-29,Minnesota,1,7,6,,,,
2025,Kent State,Heidelberg,84,80,0,Regular Season,2024-12-29,Kent State,1,6,,,,,
2025,Tarleton St,Florida A&M,70,60,0,Regular Season,2024-12-29,Tarleton St,1,7,7,,,,
2025,Illinois St,UIC,67,73,0,Regular Season,2024-12-29,Illinois St,1,6,8,,,,
2025,UNLV,Fresno St,87,77,0,Regular Season,2024-12-29,UNLV,1,7,7,,,,
2025,Sacramento St,Bethesda,78,38,0,Regular Season,2024-12-30,Sacramento St,1,7,1,,,,
2025,Washington St,LMU,73,59,0,Regular Season,2024-12-31,Washington St,1,1,1,,,,
2025,Portland St,Walla Walla,96,39,0,Regular Season,2024-12-31,Portland St,1,8,12,,,,
2025,Vermont,Elms,121,37,0,Regular Season,2024-12-31,Vermont,1,9,,,,,
2025,Duke,Virginia Tech,88,65,0,Regular Season,2024-12-31,Duke,1,9,9,,,,
2025,Texas Tech,UCF,83,87,0,Regular Season,2024-12-31,Texas Tech,1,9,9,,,,
2025,Mercer,Chattanooga,99,94,0,Regular Season,2025-01-01,Mercer,1,3,10,,,,
2025,Pitt,California,86,74,0,Regular Season,2025-01-01,Pitt,1,10,9,,,,
2025,Missouri St,Valparaiso,72,73,0,Regular Season,2025-01-02,Missouri St,1,3,3,,,,
2025,SIUE,W Illinois,77,66,0,Regular Season,2025-01-03,SIUE,1,12,12,,,,
2025,Saint Mary's,Pepperdine,71,41,0,Regular Season,2025-01-03,Saint Mary's,1,4,2,,,,
2025,Charleston,Hampton,94,67,0,Regular Season,2025-01-03,Charleston,1,8,5,,,,
2025,GA Southern,UL Monroe,90,82,0,Regular Season,2025-01-03,GA Southern,1,12,12,,,,
2025,Navy,American,81,58,0,Regular Season,2025-01-03,Navy,1,4,4,,,,
2025,SIUE,Lindenwood,58,47,0,Regular Season,2025-01-04,SIUE,1,0,0,,,,
2025,ETSU,Wofford,78,81,0,Regular Season,2025-01-04,ETSU,1,2,2,,,,
2025,LSU,Vanderbilt,72,80,0,Regular Season,2025-01-04,LSU,1,4,3,,,,
2025,Stony Brook,William & Mary,76,83,0,Regular Season,2025-01-04,Stony Brook,1,0,0,,,,
2025,SE Louisiana,Texas A&M-CC,71,80,0,Regular Season,2025-01-04,SE Louisiana,1,3,5,,,,
2025,New Orleans,UT Rio Grande,64,76,0,Regular Season,2025-01-04,New Orleans,1,3,3,,,,
2025,Ohio State,Michigan St,62,69,0,Regular Season,2025-01-04,Ohio State,1,5,4,,,,
2025,Boise St,San Diego St,68,76,0,Regular Season,2025-01-04,Boise St,1,2,6,,,,
2025,Fordham,St Bonaventure,66,86,0,Regular Season,2025-01-04,Fordham,1,3,3,,,,
2025,UAB,Tulsa,83,51,0,Regular Season,2025-01-04,UAB,1,3,2,,,,
2025,UNC Asheville,High Point,103,99,0,Regular Season,2025-01-04,UNC Asheville,1,4,0,,,,
2025,Tarleton St,UT Arlington,77,74,0,Regular Season,2025-01-05,Tarleton St,1,6,6,,,,
2025,Purdue FW,Youngstown St,90,81,0,Regular Season,2025-01-05,Purdue FW,1,3,3,,,,
2025,Cornell,PSU Schuylkill,123,71,0,Regular Season,2025-01-05,Cornell,1,5,12,,,,
2025,Illinois St,S Illinois,85,54,0,Regular Season,2025-01-05,Illinois St,1,1,3,,,,
2025,Xavier,St John's,72,82,0,Regular Season,2025-01-07,Xavier,1,2,2,,,,
2025,E Texas A&M,Nicholls,61,83,0,Regular Season,2025-01-07,E Texas A&M,1,2,2,,,,
2025,Florida,Tennessee,73,43,0,Regular Season,2025-01-08,Florida,1,3,3,,,,
2025,Army,Loyola MD,74,72,0,Regular Season,2025-01-08,Army,1,2,2,,,,
2025,Iowa State,Utah,82,59,0,Regular Season,2025-01-08,Iowa State,1,3,2,,,,
2025,St Thomas (MN),S Dakota St,73,72,0,Regular Season,2025-01-09,St Thomas (MN),1,4,5,,,,
2025,Illinois,Penn State,91,52,0,Regular Season,2025-01-09,Illinois,1,3,3,,,,
2025,Belmont,S Illinois,90,86,0,Regular Season,2025-01-09,Belmont,1,4,3,,,,
2025,East Carolina,Temple,80,79,0,Regular Season,2025-01-09,East Carolina,1,3,4,,,,
2025,Western KY,Jax State,67,73,0,Regular Season,2025-01-10,Western KY,1,5,5,,,,
2025,Southern Utah,Tarleton St,66,74,0,Regular Season,2025-01-10,Southern Utah,1,4,4,,,,
2025,Hampton,Campbell,55,66,0,Regular Season,2025-01-10,Hampton,1,4,4,,,,
2025,Southern Miss,UL Monroe,84,67,0,Regular Season,2025-01-10,Southern Miss,1,5,5,,,,
2025,Sam Houston,FIU,81,74,0,Regular Season,2025-01-11,Sam Houston,1,0,0,,,,
2025,Ball State,Bowling Green,91,69,0,Regular Season,2025-01-11,Ball State,1,2,2,,,,
2025,Missouri,Vanderbilt,75,66,0,Regular Season,2025-01-11,Missouri,1,2,2,,,,
2025,William & Mary,NC A&T,81,78,0,Regular Season,2025-01-11,William & Mary,1,0,0,,,,
2025,South Alabama,Old Dominion,63,71,0,Regular Season,2025-01-11,South Alabama,1,0,0,,,,
2025,Bryant,Vermont,73,53,0,Regular Season,2025-01-11,Bryant,1,6,1,,,,
2025,Harvard,Princeton,64,68,0,Regular Season,2025-01-11,Harvard,1,5,6,,,,
2025,Air Force,San José St,62,69,0,Regular Season,2025-01-11,Air Force,1,1,2,,,,
2025,St Bonaventure,La Salle,82,83,0,Regular Season,2025-01-11,St Bonaventure,1,1,2,,,,
2025,UTSA,Wichita St,88,75,0,Regular Season,2025-01-11,UTSA,1,2,3,,,,
2025,SC Upstate,Radford,67,80,0,Regular Season,2025-01-11,SC Upstate,1,1,6,,,,
2025,Chattanooga,VMI,91,66,0,Regular Season,2025-01-12,Chattanooga,1,2,1,,,,
2025,Stony Brook,Northeastern,66,70,0,Regular Season,2025-01-12,Stony Brook,1,1,1,,,,
2025,Chicago St,Stonehill,52,68,0,Regular Season,2025-01-12,Chicago St,1,6,0,,,,
2025,S Illinois,Missouri St,88,78,0,Regular Season,2025-01-12,S Illinois,1,2,3,,,,
2025,Elon,Campbell,81,68,0,Regular Season,2025-01-14,Elon,1,3,3,,,,
2025,Grambling,Florida A&M,79,72,0,Regular Season,2025-01-14,Grambling,1,2,2,,,,
2025,Akron,Toledo,85,78,0,Regular Season,2025-01-15,Akron,1,3,3,,,,
2025,Indiana,Illinois,69,94,0,Regular Season,2025-01-15,Indiana,1,2,3,,,,
2025,Syracuse,Louisville,61,85,0,Regular Season,2025-01-15,Syracuse,1,3,3,,,,
2025,Army,Lafayette,70,68,0,Regular Season,2025-01-15,Army,1,3,3,,,,
2025,Delaware,Stony Brook,84,74,0,Regular Season,2025-01-16,Delaware,1,4,3,,,,
2025,Washington,Purdue,58,69,0,Regular Season,2025-01-16,Washington,1,3,3,,,,
2025,Loyola Chicago,Rhode Island,81,77,0,Regular Season,2025-01-16,Loyola Chicago,1,4,4,,,,
2025,Radford,Gardner-Webb,79,75,0,Regular Season,2025-01-16,Radford,1,4,3,,,,
2025,Siena,Sacred Heart,93,75,0,Regular Season,2025-01-17,Siena,1,5,4,,,,
2025,UT Arlington,Utah Valley,83,85,0,Regular Season,2025-01-17,UT Arlington,1,4,5,,,,
2025,Towson,Hofstra,65,60,0,Regular Season,2025-01-17,Towson,1,5,5,,,,
2025,James Madison,Marshall,67,64,0,Regular Season,2025-01-17,James Madison,1,5,5,,,,
2025,Kennesaw St,Louisiana Tech,78,76,0,Regular Season,2025-01-18,Kennesaw St,1,0,0,,,,
2025,N Illinois,C Michigan,66,71,0,Regular Season,2025-01-18,N Illinois,1,2,2,,,,
2025,South Dakota,N Dakota St,77,103,0,Regular Season,2025-01-18,South Dakota,1,0,0,,,,
2025,North Florida,North Alabama,84,90,0,Regular Season,2025-01-18,North Florida,1,0,0,,,,
2025,Texas St,Southern Miss,85,82,0,Regular Season,2025-01-18,Texas St,1,1,1,,,,
2025,McNeese,Lamar,75,64,0,Regular Season,2025-01-18,McNeese,1,3,3,,,,
2025,Ohio State,Indiana,76,77,0,Regular Season,2025-01-18,Ohio State,1,2,2,,,,
2025,Long Island,Saint Francis,64,51,0,Regular Season,2025-01-18,Long Island,1,5,5,,,,
2025,Illinois St,Missouri St,74,68,0,Regular Season,2025-01-18,Illinois St,1,1,1,,,,
2025,Pitt,Clemson,75,78,0,Regular Season,2025-01-18,Pitt,1,1,2,,,,
2025,UCF,Houston,68,69,0,Regular Season,2025-01-18,UCF,1,2,1,,,,
2025,Grand Canyon,Tarleton St,88,64,0,Regular Season,2025-01-19,Grand Canyon,1,1,1,,,,
2025,UC Riverside,UC San Diego,85,81,0,Regular Season,2025-01-19,UC Riverside,1,1,1,,,,
2025,Michigan,Northwestern,80,76,0,Regular Season,2025-01-19,Michigan,1,1,1,,,,
2025,High Point,Presbyterian,77,66,0,Regular Season,2025-01-19,High Point,1,1,7,,,,
2025,Penn State,Rutgers,80,72,0,Regular Season,2025-01-20,Penn State,1,3,2,,,,
2025,Montana St,E Washington,74,64,0,Regular Season,2025-01-21,Montana St,1,1,1,,,,
2025,W Michigan,N Illinois,72,70,0,Regular Season,2025-01-22,W Michigan,1,3,3,,,,
2025,UCLA,Wisconsin,85,83,0,Regular Season,2025-01-22,UCLA,1,3,3,,,,
2025,SMU,Louisville,73,98,0,Regular Season,2025-01-22,SMU,1,3,3,,,,
2025,UNC Greensboro,Mercer,78,79,0,Regular Season,2025-01-23,UNC Greensboro,1,4,4,,,,
2025,Old Dominion,James Madison,60,74,0,Regular Season,2025-01-23,Old Dominion,1,4,4,,,,
2025,Evansville,UIC,67,78,0,Regular Season,2025-01-23,Evansville,1,4,4,,,,
2025,TCU,Kansas,61,74,0,Regular Season,2025-01-23,TCU,1,3,4,,,,
2025,Lindenwood,SE Missouri,72,68,0,Regular Season,2025-01-24,Lindenwood,1,5,6,,,,
2025,Omaha,St Thomas (MN),89,78,0,Regular Season,2025-01-24,Omaha,1,7,4,,,,
2025,CSU Northridge,Long Beach St,86,76,0,Regular Season,2025-01-24,CSU Northridge,1,6,4,,,,
2025,UC Riverside,UC Irvine,84,80,0,Regular Season,2025-01-24,UC Riverside,1,4,4,,,,
2025,Illinois,Maryland,70,91,0,Regular Season,2025-01-24,Illinois,1,4,4,,,,
2025,Canisius,Marist,47,70,0,Regular Season,2025-01-25,Canisius,1,0,1,,,,
2025,Samford,Wofford,77,61,0,Regular Season,2025-01-25,Samford,1,0,1,,,,
2025,Queens,Jacksonville,77,87,0,Regular Season,2025-01-25,Queens,1,0,0,,,,
2025,Arkansas St,Texas St,80,65,0,Regular Season,2025-01-25,Arkansas St,1,0,1,,,,
2025,Portland St,Idaho St,76,59,0,Regular Season,2025-01-25,Portland St,1,0,0,,,,
2025,Stonehill,Chicago St,75,73,0,Regular Season,2025-01-25,Stonehill,1,3,3,,,,
2025,Boston U,Bucknell,85,82,0,Regular Season,2025-01-25,Boston U,1,1,3,,,,
2025,Bradley,Illinois St,61,57,0,Regular Season,2025-01-25,Bradley,1,2,2,,,,
2025,NC State,SMU,57,63,0,Regular Season,2025-01-25,NC State,1,6,2,,,,
2025,Kansas,Houston,86,92,0,Regular Season,2025-01-25,Kansas,1,1,2,,,,
2025,C Michigan,W Michigan,73,52,0,Regular Season,2025-01-26,C Michigan,1,3,3,,,,
2025,Auburn,Tennessee,53,51,0,Regular Season,2025-01-26,Auburn,1,7,3,,,,
2025,Montana,Montana St,77,70,0,Regular Season,2025-01-26,Montana,1,4,4,,,,
2025,San José St,Wyoming,67,58,0,Regular Season,2025-01-26,San José St,1,7,3,,,,
2025,Michigan,Penn State,76,72,0,Regular Season,2025-01-27,Michigan,1,1,1,,,,
2025,Ohio State,Iowa,82,65,0,Regular Season,2025-01-28,Ohio State,1,5,2,,,,
2025,Kent State,Bowling Green,75,57,0,Regular Season,2025-01-29,Kent State,1,3,4,,,,
2025,Seton Hall,Providence,67,69,0,Regular Season,2025-01-29,Seton Hall,1,3,3,,,,
2025,South Florida,Rice,69,64,0,Regular Season,2025-01-29,South Florida,1,3,3,,,,
2025,South Dakota,Omaha,91,87,0,Regular Season,2025-01-30,South Dakota,1,4,3,,,,
2025,UConn,DePaul,72,61,0,Regular Season,2025-01-30,UConn,1,3,4,,,,
2025,Illinois St,Belmont,81,78,0,Regular Season,2025-01-30,Illinois St,1,4,4,,,,
2025,Miami,Virginia,71,82,0,Regular Season,2025-01-30,Miami,1,3,4,,,,
2025,Jax State,FIU,71,67,0,Regular Season,2025-01-31,Jax State,1,4,5,,,,
2025,Grand Canyon,Seattle U,83,74,0,Regular Season,2025-01-31,Grand Canyon,1,4,4,,,,
2025,Campbell,William & Mary,96,55,0,Regular Season,2025-01-31,Campbell,1,5,5,,,,
2025,South Alabama,UL Monroe,58,62,0,Regular Season,2025-01-31,South Alabama,1,2,2,,,,
2025,FDU,Le Moyne,78,74,0,Regular Season,2025-01-31,FDU,1,4,5,,,,
2025,Lindenwood,E Illinois,70,76,0,Regular Season,2025-02-01,Lindenwood,1,0,0,,,,
2025,W Michigan,E Michigan,61,54,0,Regular Season,2025-02-01,W Michigan,1,2,2,,,,
2025,Ole Miss,Auburn,82,92,0,Regular Season,2025-02-01,Ole Miss,1,1,1,,,,
2025,UC Irvine,UC Davis,73,66,0,Regular Season,2025-02-01,UC Irvine,1,0,0,,,,
2025,Weber St,E Washington,49,72,0,Regular Season,2025-02-01,Weber St,1,0,0,,,,
2025,Cornell,Dartmouth,76,64,0,Regular Season,2025-02-01,Cornell,1,6,6,,,,
2025,USC,Michigan St,70,64,0,Regular Season,2025-02-01,USC,1,3,2,,,,
2025,Grambling,Jackson St,50,65,0,Regular Season,2025-02-01,Grambling,1,3,3,,,,
2025,St Bonaventure,Fordham,74,72,0,Regular Season,2025-02-01,St Bonaventure,1,2,1,,,,
2025,SMU,Stanford,85,61,0,Regular Season,2025-02-01,SMU,1,1,1,,,,
2025,Boise St,Fresno St,82,60,0,Regular Season,2025-02-01,Boise St,1,1,2,,,,
2025,C Michigan,Bowling Green,90,71,0,Regular Season,2025-02-02,C Michigan,1,3,3,,,,
2025,South Carolina,Texas A&M,72,76,0,Regular Season,2025-02-02,South Carolina,1,3,3,,,,
2025,DePaul,Seton Hall,74,57,0,Regular Season,2025-02-02,DePaul,1,2,3,,,,
2025,Rice,Memphis,83,86,0,Regular Season,2025-02-02,Rice,1,3,1,,,,
2025,Idaho St,N Colorado,72,86,0,Regular Season,2025-02-04,Idaho St,1,2,2,,,,
2025,AR-Pine Bluff,Texas Southern,69,68,0,Regular Season,2025-02-04,AR-Pine Bluff,1,2,2,,,,
2025,Auburn,Oklahoma,98,70,0,Regular Season,2025-02-05,Auburn,1,3,3,,,,
2025,Michigan,Oregon,80,76,0,Regular Season,2025-02-05,Michigan,1,3,1,,,,
2025,Clemson,Georgia Tech,86,89,0,Regular Season,2025-02-05,Clemson,1,3,3,,,,
2025,Tennessee,Missouri,85,81,0,Regular Season,2025-02-06,Tennessee,1,4,4,,,,
2025,GA Southern,Louisiana,83,82,0,Regular Season,2025-02-06,GA Southern,1,4,3,,,,
2025,Bucknell,American,71,49,0,Regular Season,2025-02-06,Bucknell,1,4,4,,,,
2025,Boston College,Louisville,58,84,0,Regular Season,2025-02-06,Boston College,1,4,4,,,,
2025,Presbyterian,SC Upstate,75,64,0,Regular Season,2025-02-06,Presbyterian,1,4,4,,,,
2025,Mount St Marys,Iona,67,70,0,Regular Season,2025-02-07,Mount St Marys,1,4,4,,,,
2025,Utah Tech,Abilene Chrstn,72,86,0,Regular Season,2025-02-07,Utah Tech,1,5,6,,,,
2025,Monmouth,Hampton,68,63,0,Regular Season,2025-02-07,Monmouth,1,5,5,,,,
2025,C Connecticut,FDU,87,66,0,Regular Season,2025-02-07,C Connecticut,1,5,5,,,,
2025,Tennessee St,Lindenwood,84,76,0,Regular Season,2025-02-08,Tennessee St,1,0,0,,,,
2025,Kansas City,North Dakota,80,69,0,Regular Season,2025-02-08,Kansas City,1,0,0,,,,
2025,Stetson,E Kentucky,58,83,0,Regular Season,2025-02-08,Stetson,1,0,0,,,,
2025,N Kentucky,Robert Morris,76,81,0,Regular Season,2025-02-08,N Kentucky,1,1,1,,,,
2025,Maine,UMBC,73,50,0,Regular Season,2025-02-08,Maine,1,1,0,,,,
2025,Minnesota,Illinois,74,95,0,Regular Season,2025-02-08,Minnesota,1,2,1,,,,
2025,Jackson St,Miss Valley St,92,44,0,Regular Season,2025-02-08,Jackson St,1,3,6,,,,
2025,Duquesne,Loyola Chicago,69,56,0,Regular Season,2025-02-08,Duquesne,1,1,2,,,,
2025,Charlotte,Rice,78,75,0,Regular Season,2025-02-08,Charlotte,1,2,1,,,,
2025,Gardner-Webb,Charleston So,72,79,0,Regular Season,2025-02-08,Gardner-Webb,1,0,1,,,,
2025,Akron,South Alabama,80,67,0,MAC-SBC Challenge,2025-02-08,Akron,1,2,1,,,,
2025,Southern Utah,Abilene Chrstn,70,84,0,Regular Season,2025-02-09,Southern Utah,1,1,1,,,,
2025,UC Irvine,UC San Diego,67,85,0,Regular Season,2025-02-09,UC Irvine,1,7,1,,,,
2025,Colorado St,San Diego St,68,63,0,Regular Season,2025-02-09,Colorado St,1,2,6,,,,
2025,Campbell,NC A&T,66,62,0,Regular Season,2025-02-11,Campbell,1,3,4,,,,
2025,Nevada,Fresno St,94,69,0,Regular Season,2025-02-11,Nevada,1,5,2,,,,
2025,Miami OH,Toledo,92,80,0,Regular Season,2025-02-12,Miami OH,1,3,3,,,,
2025,Creighton,UConn,66,70,0,Regular Season,2025-02-12,Creighton,1,3,3,,,,
2025,Murray St,UIC,63,53,0,Regular Season,2025-02-12,Murray St,1,3,3,,,,
2025,UCF,Iowa State,65,77,0,Regular Season,2025-02-12,UCF,1,3,3,,,,
2025,Stony Brook,Monmouth,69,79,0,Regular Season,2025-02-13,Stony Brook,1,4,4,,,,
2025,New Mexico,Wyoming,71,67,0,Regular Season,2025-02-13,New Mexico,1,4,4,,,,
2025,Wake Forest,Florida St,70,72,0,Regular Season,2025-02-13,Wake Forest,1,4,7,,,,
2025,UTEP,FIU,77,63,0,Regular Season,2025-02-14,UTEP,1,4,5,,,,
2025,Tarleton St,Grand Canyon,60,64,0,Regular Season,2025-02-14,Tarleton St,1,5,4,,,,
2025,North Alabama,North Florida,83,70,0,Regular Season,2025-02-14,North Alabama,1,5,5,,,,
2025,Coastal,App State,46,64,0,Regular Season,2025-02-14,Coastal,1,5,5,,,,
2025,Le Moyne,Wagner,72,68,0,Regular Season,2025-02-14,Le Moyne,1,5,5,,,,
2025,Sacred Heart,Quinnipiac,90,99,0,Regular Season,2025-02-15,Sacred Heart,1,5,6,,,,
2025,Mercer,VMI,71,80,0,Regular Season,2025-02-15,Mercer,1,1,1,,,,
2025,Austin Peay,Stetson,76,63,0,Regular Season,2025-02-15,Austin Peay,1,0,0,,,,
2025,Green Bay,N Kentucky,60,73,0,Regular Season,2025-02-15,Green Bay,1,5,6,,,,
2025,Seton Hall,UConn,69,68,0,Regular Season,2025-02-15,Seton Hall,1,6,2,,,,
2025,Dartmouth,Cornell,88,49,0,Regular Season,2025-02-15,Dartmouth,1,0,6,,,,
2025,Harvard,Cornell,75,73,0,Regular Season,2025-02-15,Harvard,1,6,0,,,,
2025,Colorado St,Wyoming,88,53,0,Regular Season,2025-02-15,Colorado St,1,2,1,,,,
2025,UMass,St Bonaventure,59,73,0,Regular Season,2025-02-15,UMass,1,1,1,,,,
2025,Tulane,Rice,81,78,0,Regular Season,2025-02-15,Tulane,1,6,2,,,,
2025,Western KY,MTSU,77,87,0,Regular Season,2025-02-16,Western KY,1,7,7,,,,
2025,South Dakota,S Dakota St,91,94,0,Regular Season,2025-02-16,South Dakota,1,1,1,,,,
2025,CSU Northridge,Cal Poly,89,85,0,Regular Season,2025-02-16,CSU Northridge,1,6,1,,,,
2025,Montana St,Idaho St,74,69,0,Regular Season,2025-02-16,Montana St,1,1,1,,,,
2025,Temple,FAU,81,83,0,Regular Season,2025-02-16,Temple,1,2,4,,,,
2025,E Michigan,Miami OH,76,66,0,Regular Season,2025-02-18,E Michigan,1,2,2,,,,
2025,Bethune,Jackson St,71,84,0,Regular Season,2025-02-18,Bethune,1,2,2,,,,
2025,UT Martin,Tennessee St,75,86,0,Regular Season,2025-02-19,UT Martin,1,3,3,,,,
2025,Queens,C Arkansas,89,72,0,Regular Season,2025-02-19,Queens,1,3,3,,,,
2025,San Diego St,Fresno St,83,60,0,Regular Season,2025-02-19,San Diego St,1,2,2,,,,
2025,ETSU,UNC Greensboro,65,49,0,Regular Season,2025-02-20,ETSU,1,3,4,,,,
2025,Bellarmine,E Kentucky,80,74,0,Regular Season,2025-02-20,Bellarmine,1,1,0,,,,
2025,Iowa,Oregon,78,80,0,Regular Season,2025-02-20,Iowa,1,3,2,,,,
2025,Duquesne,Fordham,73,64,0,Regular Season,2025-02-20,Duquesne,1,4,4,,,,
2025,Longwood,Gardner-Webb,90,77,0,Regular Season,2025-02-20,Longwood,1,4,4,,,,
2025,Toledo,Bowling Green,68,69,0,Regular Season,2025-02-21,Toledo,1,1,1,,,,
2025,Hofstra,Monmouth,62,68,0,Regular Season,2025-02-21,Hofstra,1,5,5,,,,
2025,Idaho St,Portland St,82,74,0,Regular Season,2025-02-21,Idaho St,1,4,5,,,,
2025,MTSU,Sam Houston,74,70,0,Regular Season,2025-02-22,MTSU,1,0,0,,,,
2025,Siena,Niagara,94,60,0,Regular Season,2025-02-22,Siena,1,5,7,,,,
2025,Utah Valley,Seattle U,61,55,0,Regular Season,2025-02-22,Utah Valley,1,0,5,,,,
2025,Hampton,UNC Wilmington,83,70,0,Regular Season,2025-02-22,Hampton,1,6,5,,,,
2025,James Madison,GA Southern,78,73,0,Regular Season,2025-02-22,James Madison,1,0,1,,,,
2025,UMBC,NJIT,95,91,0,Regular Season,2025-02-22,UMBC,1,1,6,,,,
2025,Wisconsin,Oregon,73,77,0,Regular Season,2025-02-22,Wisconsin,1,2,1,,,,
2025,Air Force,Fresno St,72,69,0,Regular Season,2025-02-22,Air Force,1,2,2,,,,
2025,Fordham,Davidson,69,80,0,Regular Season,2025-02-22,Fordham,1,1,2,,,,
2025,Rice,Tulsa,71,50,0,Regular Season,2025-02-22,Rice,1,1,1,,,,
2025,So Indiana,SIUE,82,68,0,Regular Season,2025-02-23,So Indiana,1,1,1,,,,
2025,UT Arlington,Tarleton St,67,57,0,Regular Season,2025-02-23,UT Arlington,1,7,6,,,,
2025,Robert Morris,Milwaukee,72,59,0,Regular Season,2025-02-23,Robert Morris,1,0,0,,,,
2025,Idaho St,Sacramento St,83,66,0,Regular Season,2025-02-23,Idaho St,1,1,1,,,,
2025,Northern Iowa,Drake,58,64,0,Regular Season,2025-02-23,Northern Iowa,1,2,2,,,,
2025,Hampton,Stony Brook,81,49,0,Regular Season,2025-02-24,Hampton,1,1,1,,,,
2025,New Orleans,E Texas A&M,71,73,0,Regular Season,2025-02-25,New Orleans,1,2,2,,,,
2025,Florida St,North Carolina,85,96,0,Regular Season,2025-02-25,Florida St,1,2,2,,,,
2025,Alabama,Mississippi St,111,73,0,Regular Season,2025-02-26,Alabama,1,3,3,,,,
2025,Wisconsin,Washington,88,62,0,Regular Season,2025-02-26,Wisconsin,1,3,3,,,,
2025,Miami,Duke,60,97,0,Regular Season,2025-02-26,Miami,1,3,2,,,,
2025,Oregon St,San Francisco,72,74,0,Regular Season,2025-02-27,Oregon St,1,4,5,,,,
2025,Louisiana,Arkansas St,64,83,0,Regular Season,2025-02-27,Louisiana,1,3,4,,,,
2025,Loyola MD,Bucknell,67,70,0,Regular Season,2025-02-27,Loyola MD,1,3,3,,,,
2025,Stanford,Boston College,78,60,0,Regular Season,2025-02-27,Stanford,1,3,4,,,,
2025,Liberty,Jax State,59,55,0,Regular Season,2025-02-28,Liberty,1,5,5,,,,
2025,St Thomas (MN),North Dakota,86,71,0,Regular Season,2025-02-28,St Thomas (MN),1,4,5,,,,
2025,Towson,William & Mary,88,73,0,Regular Season,2025-02-28,Towson,1,5,3,,,,
2025,Milwaukee,Oakland,71,66,0,Regular Season,2025-02-28,Milwaukee,1,4,4,,,,
2025,Harvard,Brown,52,59,0,Regular Season,2025-02-28,Harvard,1,5,5,,,,
2025,Tennessee Tech,Lindenwood,74,76,0,Regular Season,2025-03-01,Tennessee Tech,1,0,2,,,,
2025,N Illinois,W Michigan,70,74,0,Regular Season,2025-03-01,N Illinois,1,2,2,,,,
2025,Ole Miss,Oklahoma,87,84,0,Regular Season,2025-03-01,Ole Miss,1,1,1,,,,
2025,IU Indy,Wright St,91,84,0,Regular Season,2025-03-01,IU Indy,1,1,0,,,,
2025,Texas A&M-CC,SE Louisiana,68,54,0,Regular Season,2025-03-01,Texas A&M-CC,1,3,3,,,,
2025,UMass Lowell,Binghamton,79,53,0,Regular Season,2025-03-01,UMass Lowell,1,1,6,,,,
2025,Nebraska,Minnesota,65,67,0,Regular Season,2025-03-01,Nebraska,1,3,2,,,,
2025,Navy,Loyola MD,81,68,0,Regular Season,2025-03-01,Navy,1,1,1,,,,
2025,Dayton,Richmond,74,64,0,Regular Season,2025-03-01,Dayton,1,1,2,,,,
2025,Tulsa,Tulane,77,79,0,Regular Season,2025-03-01,Tulsa,1,6,1,,,,
2025,Liberty,Kennesaw St,80,85,0,Regular Season,2025-03-02,Liberty,1,1,1,,,,
2025,Saint Mary's,Oregon St,74,64,0,Regular Season,2025-03-02,Saint Mary's,1,1,2,,,,
2025,Lamar,McNeese,66,68,0,Regular Season,2025-03-02,Lamar,1,4,4,,,,
2025,Duke,Florida St,100,65,0,Regular Season,2025-03-02,Duke,1,3,4,,,,
2025,Niagara,Manhattan,70,85,0,Regular Season,2025-03-02,Niagara,1,1,0,,,,
2025,SF Austin,McNeese,64,95,0,Regular Season,2025-03-04,SF Austin,1,2,1,,,,
2025,NC Central,Norfolk St,91,87,0,Regular Season,2025-03-04,NC Central,1,2,2,,,,
2025,Ball State,C Michigan,67,69,0,Regular Season,2025-03-05,Ball State,1,3,4,,,,
2025,Binghamton,NJIT,72,75,0,Regular Season,2025-03-05,Binghamton,1,3,3,,,,
2025,Virginia Tech,North Carolina,59,91,0,Regular Season,2025-03-05,Virginia Tech,1,3,3,,,,
2025,Wright St,IU Indy,98,85,0,Barbasol Horizon League Championship - 1st Round,2025-03-05,Wright St,1,3,3,,,,
2025,USC,Washington,92,61,0,Regular Season,2025-03-06,USC,1,4,4,,,,
2025,UCF,Oklahoma St,83,70,0,Regular Season,2025-03-06,UCF,1,4,3,,,,
2025,Georgia St,GA Southern,80,71,1,Sun Belt Championship - 3rd Round,2025-03-06,,0,4,0,,,,
2025,CA Baptist,Tarleton St,68,48,0,Regular Season,2025-03-07,CA Baptist,1,4,6,,,,
2025,AR-Pine Bluff,Jackson St,69,76,0,Regular Season,2025-03-07,AR-Pine Bluff,1,4,2,,,,
2025,North Alabama,Jacksonville,78,63,0,ASUN Championship - Semifinal,2025-03-07,North Alabama,1,2,2,,,,
2025,Little Rock,UT Martin,82,77,1,OVC Championship - Quarterfinal,2025-03-07,,0,5,0,,,,
2025,Hofstra,NC A&T,77,55,1,CAA Championship - 1st Round,2025-03-07,,0,5,5,,,,
2025,Kent State,E Michigan,76,70,0,Regular Season,2025-03-08,Kent State,1,2,2,,,,
2025,UConn,Seton Hall,81,50,0,Regular Season,2025-03-08,UConn,1,1,2,,,,
2025,Princeton,Penn,95,71,0,Regular Season,2025-03-08,Princeton,1,5,6,,,,
2025,Rhode Island,Fordham,86,67,0,Regular Season,2025-03-08,Rhode Island,1,1,1,,,,
2025,Kansas St,Iowa State,57,73,0,Regular Season,2025-03-08,Kansas St,1,1,2,,,,
2025,Northern Iowa,Valparaiso,63,64,1,MVC Tournament - Quarterfinal,2025-03-08,,0,5,0,,,,
2025,Arkansas St,Marshall,77,74,1,Sun Belt Championship - Quarterfinal,2025-03-08,,0,6,0,,,,
2025,CA Baptist,UT Arlington,70,68,0,Regular Season,2025-03-09,CA Baptist,1,1,7,,,,
2025,Rutgers,Minnesota,75,67,0,Regular Season,2025-03-09,Rutgers,1,3,2,,,,
2025,Baylor,Houston,61,65,0,Regular Season,2025-03-09,Baylor,1,3,4,,,,
2025,Troy,Old Dominion,75,59,1,Sun Belt Championship - Quarterfinal,2025-03-09,,0,7,0,,,,
2025,UNC Wilmington,Hampton,79,65,1,CAA Championship - Quarterfinal,2025-03-09,,0,6,0,,,,
2025,Charleston,Monmouth,79,78,1,CAA Championship - Quarterfinal,2025-03-10,,0,8,0,,,,
2025,C Connecticut,Saint Francis,43,46,0,Northeast Conference Tournament - Final,2025-03-11,C Connecticut,1,2,2,,,,
2025,Georgia Tech,Virginia,66,60,1,T. Rowe Price ACC Tournament - 2nd Round,2025-03-12,,0,3,2,,,,
2025,Minnesota,Northwestern,64,72,1,Big Ten Tournament - 1st Round,2025-03-12,,0,2,3,,,,
2025,Florida A&M,Prairie View,75,66,1,SWAC Tournament - 1st Round,2025-03-12,,0,3,3,,,,
2025,Duke,Georgia Tech,78,70,1,T. Rowe Price ACC Tournament - Quarterfinal,2025-03-13,,0,4,0,,,,
2025,St John's,Butler,78,57,1,Big East Tournament - Quarterfinal,2025-03-13,,0,4,0,,,,
2025,Howard,Morgan St,90,91,1,MEAC Tournament - Quarterfinal,2025-03-13,,0,5,5,,,,
2025,Kennesaw St,New Mexico St,80,77,1,CUSA Championship - Quarterfinal,2025-03-13,,0,4,4,,,,
2025,Loyola Chicago,Saint Louis,72,64,1,Atlantic 10 Championship - Quarterfinal,2025-03-14,,0,5,0,,,,
2025,UC Riverside,Cal Poly,83,96,1,Big West Championship - Quarterfinal,2025-03-14,,0,4,0,,,,
2025,Alabama St,Grambling,64,62,1,SWAC Tournament - Semifinal,2025-03-14,,0,0,1,,,,
2025,Miami OH,Kent State,72,64,1,MAC Championship - Semifinal,2025-03-14,,0,0,0,,,,
2025,UC Irvine,Cal Poly,96,78,1,Big West Championship - Semifinal,2025-03-15,,0,5,0,,,,
2025,Florida,Alabama,104,82,1,SEC Tournament - Semifinal,2025-03-15,,0,0,0,,,,
2025,UC San Diego,UC Irvine,75,61,1,Big West Championship - Final,2025-03-16,,0,0,0,,,,
2025,Oklahoma St,Wichita St,89,79,0,NIT - 1st Round,2025-03-19,Oklahoma St,1,7,4,,,,
2025,BYU,VCU,80,71,1,Men's Basketball Championship - East Region - 1st Round,2025-03-20,,0,5,3,,,,
2025,Bradley,North Alabama,71,62,0,NIT - 1st Round,2025-03-20,Bradley,1,10,10,,,,
2025,Arizona,Akron,93,65,1,Men's Basketball Championship - East Region - 1st Round,2025-03-21,,0,5,5,,,,
2025,St John's,Arkansas,66,75,1,Men's Basketball Championship - West Region - 2nd Round,2025-03-22,,0,0,1,,,,
2025,Florida,UConn,77,75,1,Men's Basketball Championship - West Region - 2nd Round,2025-03-23,,0,1,0,,,,
2025,Michigan St,New Mexico,71,63,1,Men's Basketball Championship - South Region - 2nd Round,2025-03-24,,0,1,2,,,,
2025,Cleveland St,Illinois St,68,79,1,Purple CBI Championship,2025-03-26,,0,0,0,,,,
2025,Auburn,Michigan St,70,64,1,Men's Basketball Championship - South Region - Elite 8,2025-03-30,,0,0,1,,,,
2025,Boise St,Butler,100,93,1,College Basketball Crown - 2nd Round,2025-04-02,,0,1,1,,,,
2026,St Bonaventure,Bradley,69,63,1,Field of 68 Opening Day Marathon,2025-11-03,,0,,,,,,
2026,Stony Brook,Farmingdale St,66,59,0,Regular Season,2025-11-03,Stony Brook,1,,,,,,
2026,Alabama,North Dakota,91,62,0,Regular Season,2025-11-04,Alabama,1,,,,,,
2026,UCLA,E Washington,80,74,0,Regular Season,2025-11-04,UCLA,1,,,,,,
2026,Syracuse,Binghamton,85,47,0,Regular Season,2025-11-04,Syracuse,1,,,,,,
2026,Georgia Tech,MD Eastern,56,52,0,Regular Season,2025-11-04,Georgia Tech,1,,,,,,
2026,Marquette,UAlbany,80,53,0,Regular Season,2025-11-04,Marquette,1,,,,,,
2026,Bowling Green,Texas St,83,48,0,MAC-SBC Challenge,2025-11-04,Bowling Green,1,,,,,,
2026,Boise St,Hawaii Pac,78,79,0,Regular Season,2025-11-04,Boise St,1,,,,,,
2026,Nebraska,West Georgia,86,53,0,Regular Season,2025-11-04,Nebraska,1,,,,,,
2026,South Florida,Florida A&M,102,67,0,Regular Season,2025-11-04,South Florida,1,,,,,,
2026,Grambling,Huston Till,91,47,0,Regular Season,2025-11-04,Grambling,1,,,,,,
2026,Montana,NW Indian,106,41,0,Regular Season,2025-11-04,Montana,1,,,,,,
2026,FIU,FL National,101,49,0,Regular Season,2025-11-04,FIU,1,,,,,,
2026,Miami OH,Old Dominion,87,72,0,MAC-SBC Challenge,2025-11-04,Miami OH,1,,,,,,
2026,Binghamton,RIT,66,56,0,Regular Season,2025-11-05,Binghamton,1,0,,,,,
2026,San Diego,Occidental,88,59,0,Regular Season,2025-11-05,San Diego,1,,,,,,
2026,Sacramento St,Dominican CA,103,79,0,Regular Season,2025-11-05,Sacramento St,1,,,,,,
2026,Loyola MD,PSU Abington,96,60,0,Regular Season,2025-11-06,Loyola MD,1,1,,,,,
2026,UC Davis,N Dakota St,80,68,0,Regular Season,2025-11-06,UC Davis,1,1,1,,,,
2026,Lafayette,Dicknsn PA,79,44,0,Regular Season,2025-11-06,Lafayette,1,1,,,,,
2026,Canisius,Allegheny,84,43,0,Regular Season,2025-11-07,Canisius,1,2,,,,,
2026,Charleston So,Toccoa Falls,106,71,0,Regular Season,2025-11-07,Charleston So,1,2,,,,,
2026,Northwestern,Boston U,76,52,0,Regular Season,2025-11-07,Northwestern,1,2,2,,,,
2026,E Kentucky,Midway,122,60,0,Regular Season,2025-11-07,E Kentucky,1,,2,,,,
2026,St John's,Alabama,96,103,0,Regular Season,2025-11-08,St John's,1,4,3,,,,
2026,Richmond,East Carolina,87,72,0,Regular Season,2025-11-08,Richmond,1,1,2,,,,
2026,Cincinnati,Georgia St,74,64,0,Regular Season,2025-11-08,Cincinnati,1,3,4,,,,
2026,La Salle,Monmouth,73,60,0,Regular Season,2025-11-08,La Salle,1,2,2,,,,
2026,Illinois,FGCU,113,70,0,Regular Season,2025-11-08,Illinois,1,3,3,,,,
2026,New Mexico,UT Arlington,74,56,0,Regular Season,2025-11-08,New Mexico,1,1,3,,,,
2026,Stetson,Ft Lauderdale,106,77,0,Regular Season,2025-11-08,Stetson,1,3,,,,,
2026,Seton Hall,Wagner,68,61,0,Regular Season,2025-11-08,Seton Hall,1,3,3,,,,
2026,Florida A&M,Kennesaw St,72,92,0,Regular Season,2025-11-08,Florida A&M,1,3,3,,,,
2026,Miami OH,Trinity (IL),129,49,0,Regular Season,2025-11-08,Miami OH,1,3,,,,,
2026,Kansas St,Bellarmine,98,71,0,Regular Season,2025-11-09,Kansas St,1,3,4,,,,
2026,Bowling Green,Le Moyne,83,60,0,Regular Season,2025-11-09,Bowling Green,1,1,1,,,,
2026,Portland,UC Davis,67,63,0,Regular Season,2025-11-09,Portland,1,1,2,,,,
2026,Loyola Chicago,North Texas,62,64,1,Regular Season,2025-11-09,,0,1,1,,,,
2026,Hawai'i,E Texas A&M,100,74,0,Regular Season,2025-11-10,Hawai'i,1,4,3,,,,
2026,Utah,Holy Cross,87,69,0,Regular Season,2025-11-11,Utah,1,1,1,,,,
2026,Seton Hall,Fairfield,82,59,0,Regular Season,2025-11-11,Seton Hall,1,2,2,,,,
2026,Tennessee Tech,VA Lynchburg,118,58,0,Regular Season,2025-11-11,Tennessee Tech,1,2,2,,,,
2026,UC Irvine,Lincoln U (CA),130,63,0,Regular Season,2025-11-11,UC Irvine,1,2,6,,,,
2026,Richmond,William & Mary,90,86,0,Regular Season,2025-11-12,Richmond,1,3,3,,,,
2026,Georgetown,Binghamton,83,70,0,Regular Season,2025-11-12,Georgetown,1,4,3,,,,
2026,Detroit Mercy,Cleary,92,54,0,Regular Season,2025-11-12,Detroit Mercy,1,3,,,,,
2026,Pepperdine,Lincoln U (CA),113,76,0,Regular Season,2025-11-12,Pepperdine,1,3,0,,,,
2026,Sacramento St,Santa Barbara,87,92,0,Regular Season,2025-11-12,Sacramento St,1,3,3,,,,
2026,North Dakota,Mayville St,128,58,0,Regular Season,2025-11-12,North Dakota,1,2,,,,,
2026,Virginia Tech,Saint Joseph's,94,59,0,Regular Season,2025-11-13,Virginia Tech,1,4,4,,,,
2026,W Michigan,Purdue FW,83,71,0,Regular Season,2025-11-13,W Michigan,1,3,3,,,,
2026,Utah State,Weber St,83,73,0,Regular Season,2025-11-13,Utah State,1,4,3,,,,
2026,Kennesaw St,Point,111,60,0,Regular Season,2025-11-13,Kennesaw St,1,4,,,,,
2026,Wichita St,Loyola Chicago,95,74,0,Regular Season,2025-11-14,Wichita St,1,4,4,,,,
2026,W Carolina,Voorhees,95,44,0,Regular Season,2025-11-14,W Carolina,1,5,,,,,
2026,GA Southern,Johnson C Smth,98,79,0,Regular Season,2025-11-14,GA Southern,1,1,,,,,
2026,UCLA,Arizona,65,69,1,Hall of Fame Series - Los Angeles,2025-11-15,,0,3,2,,,,
2026,Brown,Hampton,63,72,0,College Hill Classic,2025-11-15,Brown,1,1,2,,,,
2026,La Salle,Penn State,69,83,1,Regular Season,2025-11-15,,0,2,3,,,,
2026,VMI,Jacksonville,67,69,0,ASUN/SoCon Challenge,2025-11-15,VMI,1,2,2,,,,
2026,Ole Miss,Bakersfield,82,60,0,Regular Season,2025-11-15,Ole Miss,1,2,2,,,,
2026,UC Riverside,North Dakota,74,76,0,Regular Season,2025-11-15,UC Riverside,1,2,2,,,,
2026,Texas St,Texas Southern,77,67,0,Regular Season,2025-11-15,Texas St,1,1,1,,,,
2026,Drake,SIUE,59,61,0,Regular Season,2025-11-15,Drake,1,3,3,,,,
2026,UMass,C Connecticut,84,77,0,Regular Season,2025-11-16,UMass,1,1,3,,,,
2026,Utah,Sam Houston,85,79,0,Regular Season,2025-11-16,Utah,1,4,7,,,,
2026,Omaha,Southern Utah,90,85,0,Regular Season,2025-11-16,Omaha,1,6,3,,,,
2026,Nebraska,Oklahoma,105,99,1,Regular Season,2025-11-16,,0,3,3,,,,
2026,Arkansas St,Christian Bros,95,67,0,Regular Season,2025-11-16,Arkansas St,1,3,,,,,
2026,Le Moyne,Niagara,74,68,0,Regular Season,2025-11-18,Le Moyne,1,3,7,,,,
2026,Gonzaga,Southern Utah,122,50,0,Regular Season,2025-11-18,Gonzaga,1,2,1,,,,
2026,Kentucky,Michigan St,66,83,1,State Farm Champions Classic,2025-11-18,,0,2,4,,,,
2026,Pepperdine,New Orleans,90,79,0,Acrisure Holiday Invitational - Campus Game,2025-11-19,Pepperdine,1,2,3,,,,
2026,North Carolina,Navy,73,61,0,Regular Season,2025-11-19,North Carolina,1,3,4,,,,
2026,Michigan,MTSU,86,61,0,Regular Season,2025-11-19,Michigan,1,3,5,,,,
2026,Boise St,Wichita St,62,59,0,Regular Season,2025-11-19,Boise St,1,3,4,,,,
2026,San Francisco,N'Western St,84,64,0,Regular Season,2025-11-19,San Francisco,1,2,4,,,,
2026,Oral Roberts,Haskell,84,64,0,Regular Season,2025-11-19,Oral Roberts,1,2,,,,,
2026,Oklahoma St,South Florida,103,95,0,Regular Season,2025-11-20,Oklahoma St,1,3,3,,,,
2026,Quinnipiac,City (NY),112,52,0,Regular Season,2025-11-20,Quinnipiac,1,3,,,,,
2026,Bowling Green,William & Mary,74,82,0,Regular Season,2025-11-20,Bowling Green,1,4,4,,,,
2026,Portland St,Evergreen,90,61,0,Regular Season,2025-11-20,Portland St,1,1,,,,,
2026,E Texas A&M,Dall Christian,115,44,0,Regular Season,2025-11-20,E Texas A&M,1,4,,,,,
2026,UCF,Pitt,77,67,1,Skyscanner Legends Classic,2025-11-21,,0,2,2,,,,
2026,Akron,Iona,96,75,1,U.S. Virgin Islands Paradise Jam,2025-11-21,,0,3,1,,,,
2026,FAU,Pacific,82,59,0,Sunshine Slam - Campus Game,2025-11-21,FAU,1,2,5,,,,
2026,William & Mary,Regent,104,57,0,Regular Season,2025-11-21,William & Mary,1,0,12,,,,
2026,Old Dominion,Morgan St,88,56,0,Regular Season,2025-11-22,Old Dominion,1,2,2,,,,
2026,SMU,Arkansas St,100,69,0,Regular Season,2025-11-22,SMU,1,2,1,,,,
2026,Portland,Fullerton,103,85,0,Portland Invitational,2025-11-22,Portland,1,5,6,,,,
2026,Purdue,Texas Tech,86,56,1,Baha Mar Championship - Championship,2025-11-22,,0,1,0,,,,
2026,ETSU,Morehead St,77,62,0,Regular Season,2025-11-22,ETSU,1,6,5,,,,
2026,Norfolk St,Hampton,62,60,0,Regular Season,2025-11-22,Norfolk St,1,6,2,,,,
2026,Nebraska,Kansas St,86,85,1,Hall of Fame Classic - Championship,2025-11-22,,0,0,0,,,,
2026,Virginia,Butler,73,80,1,Greenbrier Tip-Off - Mountain Division,2025-11-23,,0,1,1,,,,
2026,Southern Miss,North Florida,92,83,1,Pensacola Invitational,2025-11-23,,0,3,2,,,,
2026,Oklahoma,Alcorn St,72,53,0,Regular Season,2025-11-23,Oklahoma,1,1,3,,,,
2026,High Point,Incarnate Word,91,80,1,Boardwalk Battle - Championship,2025-11-23,,0,2,2,,,,
2026,MTSU,G Washington,79,92,1,Cayman Islands Classic,2025-11-24,,0,4,0,,,,
2026,Pacific,Stony Brook,86,58,1,Sunshine Slam - Ocean Division,2025-11-24,,0,2,3,,,,
2026,Youngstown St,GA Southern,67,61,1,Jacksonville Classic,2025-11-24,,0,0,2,,,,
2026,Bradley,Princeton,88,64,1,Terry's Chocolate ESPN Events Invitational - Adventure Bracket,2025-11-25,,0,4,3,,,,
2026,Texas,Arizona St,86,87,1,Southwest Maui Invitational,2025-11-25,,0,5,3,,,,
2026,Oregon,Auburn,73,84,1,Players Era Festival,2025-11-25,,0,6,4,,,,
2026,Illinois,UT Rio Grande,87,73,0,Regular Season,2025-11-25,Illinois,1,2,2,,,,
2026,Abilene Chrstn,UTSA,61,50,1,Jacksonville Classic,2025-11-25,,0,0,6,,,,
2026,Alabama,UNLV,115,76,1,Players Era Festival,2025-11-26,,0,0,0,,,,
2026,Indiana,Kansas St,86,69,0,Regular Season,2025-11-26,Indiana,1,5,3,,,,
2026,Stonehill,UMass Lowell,64,75,0,Regular Season,2025-11-26,Stonehill,1,4,3,,,,
2026,VMI,Bowling Green,48,81,1,Fort Myers Tip-Off - Palms Division,2025-11-26,,0,1,1,,,,
2026,Utah Tech,Portland St,63,68,0,Regular Season,2025-11-26,Utah Tech,1,3,5,,,,
2026,Incarnate Word,Texas Lutheran,117,55,0,Regular Season,2025-11-26,Incarnate Word,1,2,0,,,,
2026,Cornell,Misericordia,114,70,0,Regular Season,2025-11-26,Cornell,1,4,6,,,,
2026,Chaminade,Texas,78,119,0,Southwest Maui Invitational,2025-11-26,Chaminade,1,0,0,,,,
2026,Louisville,NJIT,104,47,0,Regular Season,2025-11-27,Louisville,1,1,1,,,,
2026,Memphis,S Illinois,74,58,0,Regular Season,2025-11-27,Memphis,1,4,2,,,,
2026,Vanderbilt,VCU,89,74,1,Marriott Bonvoy Battle 4 Atlantis,2025-11-27,,0,0,0,,,,
2026,Rutgers,UNLV,80,65,1,Players Era Festival,2025-11-27,,0,1,0,,,,
2026,Butler,Wright St,94,69,0,Regular Season,2025-11-28,Butler,1,4,1,,,,
2026,Gardner-Webb,SE Louisiana,68,76,1,Regular Season,2025-11-28,,0,1,0,,,,
2026,Lehigh,Santa Barbara,70,72,1,Resorts World Classic,2025-11-28,,0,1,2,,,,
2026,Florida,Providence,90,78,1,Rady Children's Invitational - Consolation Game,2025-11-28,,0,0,0,,,,
2026,Navy,SE Louisiana,65,69,1,Regular Season,2025-11-29,,0,0,0,,,,
2026,UCF,VMI,82,57,0,Regular Season,2025-11-29,UCF,1,2,2,,,,
2026,SE Missouri,Lipscomb,77,88,0,Regular Season,2025-11-29,SE Missouri,1,1,2,,,,
2026,N'Western St,Southern,73,75,0,Regular Season,2025-11-29,N'Western St,1,6,6,,,,
2026,So Indiana,Kentucky St,93,56,0,Regular Season,2025-11-29,So Indiana,1,2,,,,,
2026,Saint Peter's,Dartmouth,61,87,0,Regular Season,2025-11-29,Saint Peter's,1,6,9,,,,
2026,Maine,Siena,60,64,1,Capital Thanksgiving Classic,2025-11-30,,0,0,0,,,,
2026,Lafayette,Monmouth,74,88,0,Lafayette Classic,2025-11-30,Lafayette,1,0,0,,,,
2026,New Haven,Mitchell,92,69,0,Regular Season,2025-11-30,New Haven,1,3,,,,,
2026,Southern,LA Christian,101,48,0,Regular Season,2025-12-01,Southern,1,1,,,,,
2026,MTSU,UAB,76,61,0,Regular Season,2025-12-02,MTSU,1,6,6,,,,
2026,Syracuse,Tennessee,62,60,0,ACC/SEC Men's Challenge,2025-12-03,Syracuse,1,6,5,,,,
2026,Dayton,ETSU,88,71,0,Regular Season,2025-12-03,Dayton,1,3,3,,,,
2026,Butler,E Michigan,84,68,0,Regular Season,2025-12-03,Butler,1,4,4,,,,
2026,Lipscomb,Tennessee Tech,83,80,0,Regular Season,2025-12-03,Lipscomb,1,3,3,,,,
2026,North Texas,Hou Christian,77,75,0,Regular Season,2025-12-03,North Texas,1,2,3,,,,
2026,Alabama,Clemson,90,84,0,ACC/SEC Men's Challenge,2025-12-04,Alabama,1,6,4,,,,
2026,Seton Hall,C Connecticut,77,61,0,Regular Season,2025-12-04,Seton Hall,1,7,3,,,,
2026,Delaware St,Navy,59,66,0,Regular Season,2025-12-04,Delaware St,1,4,4,,,,
2026,Idaho,North Dakota,90,58,0,Big Sky-Summit Challenge,2025-12-04,Idaho,1,4,4,,,,
2026,Wisconsin,Northwestern,85,73,0,Regular Season,2025-12-04,Wisconsin,1,5,5,,,,
2026,SC Upstate,Coastal,85,78,0,Regular Season,2025-12-04,SC Upstate,1,4,3,,,,
2026,Hawai'i,UC Davis,75,69,0,Regular Season,2025-12-05,Hawai'i,1,5,9,,,,
2026,Bucknell,UMBC,66,73,0,Regular Season,2025-12-06,Bucknell,1,1,1,,,,
2026,Virginia,Dayton,86,73,1,Regular Season,2025-12-06,,0,1,2,,,,
2026,Purdue FW,N Kentucky,79,77,0,Regular Season,2025-12-06,Purdue FW,1,1,1,,,,
2026,Kansas St,Seton Hall,67,78,0,Regular Season,2025-12-06,Kansas St,1,3,1,,,,
2026,Wisconsin,Marquette,96,76,0,Regular Season,2025-12-06,Wisconsin,1,1,2,,,,
2026,Oregon St,Southern Utah,81,70,0,Regular Season,2025-12-06,Oregon St,1,1,3,,,,
2026,West Georgia,Tennessee Tech,59,87,0,Regular Season,2025-12-06,West Georgia,1,3,2,,,,
2026,Gardner-Webb,GA Southern,84,88,0,Regular Season,2025-12-06,Gardner-Webb,1,1,1,,,,
2026,E Kentucky,IU East,122,67,0,Regular Season,2025-12-06,E Kentucky,1,1,2,,,,
2026,SE Louisiana,N'Western St,68,76,0,Regular Season,2025-12-07,SE Louisiana,1,7,0,,,,
2026,Northeastern,C Connecticut,73,56,0,Regular Season,2025-12-07,Northeastern,1,3,2,,,,
2026,Wright St,Green Bay,86,58,0,Regular Season,2025-12-07,Wright St,1,3,1,,,,
2026,Nebraska,Creighton,71,50,0,Regular Season,2025-12-07,Nebraska,1,7,3,,,,
2026,Houston,Florida St,82,67,1,Houston Hoops Showdown,2025-12-07,,0,10,3,,,,
2026,St John's,Ole Miss,63,58,0,Regular Season,2025-12-07,St John's,1,9,3,,,,
2026,Penn,Lafayette,74,72,0,Regular Season,2025-12-08,Penn,1,0,1,,,,
2026,Michigan,Villanova,89,61,0,Regular Season,2025-12-09,Michigan,1,2,1,,,,
2026,Yale,UAlbany,93,82,1,Basketball Hall of Fame Classic,2025-12-10,,0,2,3,,,,
2026,Colorado St,Dartmouth,76,55,0,Regular Season,2025-12-10,Colorado St,1,3,3,,,,
2026,Omaha,Doane,79,70,0,Regular Season,2025-12-10,Omaha,1,3,,,,,
2026,Boston U,Maine,59,69,0,Regular Season,2025-12-11,Boston U,1,3,4,,,,
2026,Nicholls,Biblical Stud,117,49,0,Regular Season,2025-12-11,Nicholls,1,4,12,,,,
2026,Hofstra,Old Westbury,92,23,0,Regular Season,2025-12-11,Hofstra,1,3,,,,,
2026,GA Southern,Coastal GA,100,58,0,Regular Season,2025-12-12,GA Southern,1,5,12,,,,
2026,Utah State,Illinois St,83,78,1,Salt Lake Slam,2025-12-13,,0,5,5,,,,
2026,North Carolina,SC Upstate,80,62,0,Regular Season,2025-12-13,North Carolina,1,5,6,,,,
2026,Fordham,Manhattan,82,53,0,Regular Season,2025-12-13,Fordham,1,1,5,,,,
2026,Stony Brook,C Michigan,78,55,0,Regular Season,2025-12-13,Stony Brook,1,2,5,,,,
2026,Vanderbilt,C Arkansas,83,72,0,Regular Season,2025-12-13,Vanderbilt,1,8,5,,,,
2026,Portland St,George Fox,94,50,0,Regular Season,2025-12-13,Portland St,1,6,,,,,
2026,Drake,N Dakota St,94,99,0,Regular Season,2025-12-13,Drake,1,6,0,,,,
2026,Loyola Chicago,Chicago St,75,84,0,Regular Season,2025-12-14,Loyola Chicago,1,7,6,,,,
2026,UNLV,Tennessee St,60,63,0,Jack Jones Classic,2025-12-14,UNLV,1,6,9,,,,
2026,Bakersfield,Pepperdine,62,70,0,Regular Season,2025-12-14,Bakersfield,1,1,7,,,,
2026,UC San Diego,Tulane,93,67,1,Jack Jones Classic,2025-12-14,,0,6,2,,,,
2026,South Carolina,The Citadel,71,55,0,Regular Season,2025-12-14,South Carolina,1,7,3,,,,
2026,Western KY,Campbellsville,102,59,0,Regular Season,2025-12-16,Western KY,1,4,,,,,
2026,N Dakota St,Minn Crook,101,67,0,Regular Season,2025-12-16,N Dakota St,1,2,,,,,
2026,Tennessee,Louisville,83,62,0,Regular Season,2025-12-17,Tennessee,1,9,3,,,,
2026,Wright St,Miami OH,76,83,0,Regular Season,2025-12-17,Wright St,1,3,3,,,,
2026,Rice,SW Christian U,94,47,0,Regular Season,2025-12-17,Rice,1,3,12,,,,
2026,Texas St,Arkansas St,70,89,0,Regular Season,2025-12-18,Texas St,1,6,4,,,,
2026,NC State,Texas Southern,108,72,0,Regular Season,2025-12-18,NC State,1,4,3,,,,
2026,Charleston So,North Florida,113,90,0,Regular Season,2025-12-18,Charleston So,1,8,3,,,,
2026,Oregon,Portland,94,69,0,Regular Season,2025-12-18,Oregon,1,4,3,,,,
2026,USC,UTSA,97,70,0,Regular Season,2025-12-18,USC,1,2,4,,,,
2026,Tennessee St,UT Martin,78,71,0,Regular Season,2025-12-19,Tennessee St,1,4,4,,,,
2026,Providence,Seton Hall,67,72,0,Regular Season,2025-12-19,Providence,1,5,4,,,,
2026,Hampton,Grambling,72,81,1,Toyota Chris Paul HBCU Classic,2025-12-19,,0,0,9,,,,
2026,App State,Georgia St,63,70,0,Regular Season,2025-12-20,App State,1,1,0,,,,
2026,UC Irvine,Belmont,58,84,0,Regular Season,2025-12-20,UC Irvine,1,12,2,,,,
2026,N Illinois,C Michigan,74,73,0,Regular Season,2025-12-20,N Illinois,1,2,1,,,,
2026,Mercyhurst,Binghamton,82,61,0,Regular Season,2025-12-20,Mercyhurst,1,1,1,,,,
2026,Washington St,Mercer,84,78,0,Regular Season,2025-12-20,Washington St,1,1,1,,,,
2026,Georgia Tech,Lafayette,95,81,0,Regular Season,2025-12-20,Georgia Tech,1,2,0,,,,
2026,N'Western St,Southern NO,108,55,0,Regular Season,2025-12-20,N'Western St,1,6,,,,,
2026,Saint Louis,New Hampshire,93,79,0,Regular Season,2025-12-21,Saint Louis,1,2,3,,,,
2026,Iowa State,Long Beach St,91,60,0,Regular Season,2025-12-21,Iowa State,1,6,1,,,,
2026,Georgetown,Xavier,77,80,0,Regular Season,2025-12-21,Georgetown,1,2,3,,,,
2026,Boston U,UMass Lowell,88,76,0,Regular Season,2025-12-21,Boston U,1,7,4,,,,
2026,UAlbany,Cornell,75,83,0,Regular Season,2025-12-21,UAlbany,1,2,12,,,,
2026,Delaware St,Holy Family,73,61,0,Regular Season,2025-12-21,Delaware St,1,1,,,,,
2026,Cal Poly,Idaho,80,83,0,Regular Season,2025-12-22,Cal Poly,1,1,7,,,,
2026,Texas Southern,Abilene Chrstn,68,75,0,Regular Season,2025-12-22,Texas Southern,1,3,1,,,,
2026,Saint Peter's,Centenary (NJ),116,50,0,Regular Season,2025-12-22,Saint Peter's,1,8,,,,,
2026,BYU,E Washington,109,81,0,Regular Season,2025-12-23,BYU,1,2,1,,,,
2026,Fairfield,City (NY),121,58,0,Regular Season,2025-12-23,Fairfield,1,3,12,,,,
2026,Temple,Princeton,65,61,0,Regular Season,2025-12-23,Temple,1,3,12,,,,
2026,South Dakota,Mount Marty,85,61,0,Regular Season,2025-12-28,South Dakota,1,7,12,,,,
2026,Bryant,Worcester St,95,59,0,Regular Season,2025-12-28,Bryant,1,4,12,,,,
2026,San Diego,Pacific,66,54,0,Regular Season,2025-12-28,San Diego,1,4,5,,,,
2026,Delaware,Missouri St,43,61,0,Regular Season,2025-12-29,Delaware,1,11,5,,,,
2026,Oregon,Omaha,80,57,0,Regular Season,2025-12-29,Oregon,1,7,7,,,,
2026,Utah Tech,Southern Utah,80,66,0,Regular Season,2025-12-30,Utah Tech,1,6,10,,,,
2026,TCU,Jackson St,115,64,0,Regular Season,2025-12-30,TCU,1,8,9,,,,
2026,Robert Morris,N Kentucky,77,79,0,Regular Season,2025-12-30,Robert Morris,1,9,8,,,,
2026,Purdue,Kent State,101,60,0,Regular Season,2025-12-30,Purdue,1,9,9,,,,
2026,Mississippi St,Alabama St,94,56,0,Regular Season,2025-12-30,Mississippi St,1,9,6,,,,
2026,Northern Iowa,Valparaiso,58,48,0,Regular Season,2025-12-30,Northern Iowa,1,6,8,,,,
2026,W Carolina,Wofford,74,79,0,Regular Season,2025-12-31,W Carolina,1,11,2,,,,
2026,Columbia,PSU Abington,106,51,0,Regular Season,2025-12-31,Columbia,1,2,12,,,,
2026,Wisconsin,Milwaukee,80,60,0,Regular Season,2025-12-31,Wisconsin,1,7,0,,,,
2026,Holy Cross,Bucknell,65,58,0,Regular Season,2025-12-31,Holy Cross,1,10,10,,,,
2026,Dayton,Fordham,63,56,0,Regular Season,2025-12-31,Dayton,1,10,8,,,,
2026,Seattle U,Washington St,69,55,0,Regular Season,2025-12-31,Seattle U,1,1,2,,,,
2026,North Alabama,Stetson,67,70,0,Regular Season,2026-01-01,North Alabama,1,11,8,,,,
2026,N Kentucky,IU Indy,81,72,0,Regular Season,2026-01-01,N Kentucky,1,1,1,,,,
2026,SE Missouri,E Illinois,68,59,0,Regular Season,2026-01-02,SE Missouri,1,12,10,,,,
2026,Cornell,Alfred St,133,65,0,Regular Season,2026-01-02,Cornell,1,2,,,,,
2026,Little Rock,Tennessee St,79,84,0,Regular Season,2026-01-03,Little Rock,1,1,2,,,,
2026,Texas A&M,LSU,75,72,0,Regular Season,2026-01-03,Texas A&M,1,3,3,,,,
2026,Troy,South Alabama,59,49,0,Regular Season,2026-01-03,Troy,1,2,2,,,,
2026,VMI,Chattanooga,79,71,0,Regular Season,2026-01-03,VMI,1,1,1,,,,
2026,Stonehill,New Haven,55,70,0,Regular Season,2026-01-03,Stonehill,1,10,3,,,,
2026,Detroit Mercy,Robert Morris,77,85,0,Regular Season,2026-01-03,Detroit Mercy,1,4,3,,,,
2026,Pitt,Clemson,68,73,0,Regular Season,2026-01-03,Pitt,1,2,2,,,,
2026,Presbyterian,SC Upstate,86,77,0,Regular Season,2026-01-03,Presbyterian,1,5,2,,,,
2026,AR-Pine Bluff,Alabama A&M,95,83,0,Regular Season,2026-01-03,AR-Pine Bluff,1,12,3,,,,
2026,Rice,Memphis,70,76,0,Regular Season,2026-01-03,Rice,1,2,2,,,,
2026,Saint Mary's,Portland,78,57,0,Regular Season,2026-01-03,Saint Mary's,1,2,2,,,,
2026,Missouri,Florida,76,74,0,Regular Season,2026-01-04,Missouri,1,11,5,,,,
2026,Merrimack,Manhattan,73,66,0,Regular Season,2026-01-04,Merrimack,1,1,0,,,,
2026,UConn,Marquette,73,57,0,Regular Season,2026-01-04,UConn,1,3,3,,,,
2026,Murray St,Bradley,86,66,0,Regular Season,2026-01-04,Murray St,1,1,1,,,,
2026,San Francisco,Portland,73,68,0,Regular Season,2026-01-05,San Francisco,1,1,1,,,,
2026,Ohio,UMass,86,83,0,Regular Season,2026-01-06,Ohio,1,2,2,,,,
2026,LSU,South Carolina,68,78,0,Regular Season,2026-01-07,LSU,1,3,3,,,,
2026,Boston College,NC State,71,79,0,Regular Season,2026-01-07,Boston College,1,3,3,,,,
2026,Houston,Texas Tech,69,65,0,Regular Season,2026-01-07,Houston,1,3,3,,,,
2026,Kentucky,Missouri,68,73,0,Regular Season,2026-01-08,Kentucky,1,4,3,,,,
2026,St Thomas (MN),South Dakota,99,86,0,Regular Season,2026-01-08,St Thomas (MN),1,3,7,,,,
2026,Lafayette,Boston U,67,83,0,Regular Season,2026-01-08,Lafayette,1,4,4,,,,
2026,Loyola Chicago,Davidson,64,79,0,Regular Season,2026-01-08,Loyola Chicago,1,4,4,,,,
2026,New Mexico St,Western KY,80,64,0,Regular Season,2026-01-09,New Mexico St,1,4,4,,,,
2026,FGCU,Austin Peay,71,82,0,Regular Season,2026-01-09,FGCU,1,5,5,,,,
2026,Louisiana,UL Monroe,85,79,0,Regular Season,2026-01-09,Louisiana,1,5,5,,,,
2026,Vermont,Binghamton,60,59,0,Regular Season,2026-01-09,Vermont,1,5,5,,,,
2026,Illinois,Rutgers,81,55,0,Regular Season,2026-01-09,Illinois,1,4,2,,,,
2026,UT Arlington,Abilene Chrstn,82,72,0,Regular Season,2026-01-10,UT Arlington,1,5,0,,,,
2026,Auburn,Arkansas,95,73,0,Regular Season,2026-01-10,Auburn,1,2,1,,,,
2026,South Alabama,GA Southern,87,71,0,Regular Season,2026-01-10,South Alabama,1,6,6,,,,
2026,Furman,VMI,69,48,0,Regular Season,2026-01-10,Furman,1,2,1,,,,
2026,New Haven,FDU,65,55,0,Regular Season,2026-01-10,New Haven,1,0,1,,,,
2026,Bowling Green,Akron,67,77,0,Regular Season,2026-01-10,Bowling Green,1,2,2,,,,
2026,Navy,Lafayette,76,50,0,Regular Season,2026-01-10,Navy,1,1,1,,,,
2026,Coppin St,NC Central,77,88,0,Regular Season,2026-01-10,Coppin St,1,6,6,,,,
2026,SC Upstate,Winthrop,50,71,0,Regular Season,2026-01-10,SC Upstate,1,6,2,,,,
2026,Arizona St,Kansas St,87,84,0,Regular Season,2026-01-10,Arizona St,1,1,1,,,,
2026,Morgan St,SC State,72,67,0,Regular Season,2026-01-10,Morgan St,1,6,6,,,,
2026,CA Baptist,Southern Utah,58,55,0,Regular Season,2026-01-11,CA Baptist,1,1,1,,,,
2026,Mount St Marys,Siena,50,67,0,Regular Season,2026-01-11,Mount St Marys,1,0,0,,,,
2026,San Diego St,Fresno St,71,52,0,Regular Season,2026-01-11,San Diego St,1,3,3,,,,
2026,East Carolina,UAB,85,87,0,Regular Season,2026-01-11,East Carolina,1,2,2,,,,
2026,McNeese,Nicholls,94,68,0,Regular Season,2026-01-13,McNeese,1,2,2,,,,
2026,Bethune,Southern,73,77,0,Regular Season,2026-01-13,Bethune,1,2,1,,,,
2026,Wofford,Chattanooga,67,76,0,Regular Season,2026-01-14,Wofford,1,3,3,,,,
2026,Xavier,Butler,89,75,0,Regular Season,2026-01-14,Xavier,1,3,6,,,,
2026,Houston,West Virginia,77,48,0,Regular Season,2026-01-14,Houston,1,3,3,,,,
2026,Kennesaw St,FIU,89,86,0,Regular Season,2026-01-15,Kennesaw St,1,4,4,,,,
2026,App State,James Madison,80,65,0,Regular Season,2026-01-15,App State,1,4,4,,,,
2026,Loyola MD,Colgate,80,86,0,Regular Season,2026-01-15,Loyola MD,1,4,4,,,,
2026,Washington,Michigan,72,82,0,Regular Season,2026-01-15,Washington,1,3,4,,,,
2026,Saint Louis,Fordham,78,56,0,Regular Season,2026-01-15,Saint Louis,1,4,4,,,,
2026,Abilene Chrstn,CA Baptist,58,74,0,Regular Season,2026-01-16,Abilene Chrstn,1,5,4,,,,
2026,FGCU,Queens,74,85,0,Regular Season,2026-01-16,FGCU,1,5,5,,,,
2026,Stony Brook,Hofstra,76,71,0,Regular Season,2026-01-16,Stony Brook,1,5,5,,,,
2026,South Dakota,Kansas City,99,83,0,Regular Season,2026-01-16,South Dakota,1,5,4,,,,
2026,Western KY,Kennesaw St,65,81,0,Regular Season,2026-01-17,Western KY,1,1,1,,,,
2026,Auburn,South Carolina,71,67,0,Regular Season,2026-01-17,Auburn,1,1,1,,,,
2026,UL Monroe,Georgia St,57,77,0,Regular Season,2026-01-17,UL Monroe,1,6,6,,,,
2026,Furman,Wofford,70,74,0,Regular Season,2026-01-17,Furman,1,1,2,,,,
2026,Manhattan,Siena,59,74,0,Regular Season,2026-01-17,Manhattan,1,1,1,,,,
2026,N Dakota St,St Thomas (MN),68,65,0,Regular Season,2026-01-17,N Dakota St,1,1,0,,,,
2026,SMU,Virginia,68,72,0,Regular Season,2026-01-17,SMU,1,1,2,,,,
2026,Lafayette,Holy Cross,74,55,0,Regular Season,2026-01-17,Lafayette,1,1,2,,,,
2026,AR-Pine Bluff,Florida A&M,67,71,0,Regular Season,2026-01-17,AR-Pine Bluff,1,3,3,,,,
2026,Oregon St,Pacific,64,81,0,Regular Season,2026-01-17,Oregon St,1,1,1,,,,
2026,Utah Tech,Tarleton St,75,71,0,Regular Season,2026-01-18,Utah Tech,1,1,1,,,,
2026,N Kentucky,Robert Morris,89,92,0,Regular Season,2026-01-18,N Kentucky,1,1,2,,,,
2026,Oklahoma St,Kansas St,84,83,0,Regular Season,2026-01-18,Oklahoma St,1,3,2,,,,
2026,Santa Clara,Saint Mary's,62,54,0,Regular Season,2026-01-18,Santa Clara,1,2,3,,,,
2026,Le Moyne,Long Island,83,77,0,Regular Season,2026-01-19,Le Moyne,1,1,0,,,,
2026,Saint Peter's,Iona,77,63,0,Regular Season,2026-01-19,Saint Peter's,1,1,3,,,,
2026,Nicholls,SF Austin,62,79,0,Regular Season,2026-01-20,Nicholls,1,2,2,,,,
2026,Morgan St,VA Lynchburg,128,53,0,Regular Season,2026-01-20,Morgan St,1,2,12,,,,
2026,Ohio,N Illinois,80,77,0,Regular Season,2026-01-21,Ohio,1,3,3,,,,
2026,Michigan,Indiana,86,72,0,Regular Season,2026-01-21,Michigan,1,3,3,,,,
2026,SC State,Mid Atl Chrstn,56,50,0,Regular Season,2026-01-21,SC State,1,3,12,,,,
2026,Kentucky,Texas,85,80,0,Regular Season,2026-01-22,Kentucky,1,4,4,,,,
2026,UMass Lowell,Vermont,68,77,0,Regular Season,2026-01-22,UMass Lowell,1,6,2,,,,
2026,Grand Canyon,San Diego St,70,69,0,Regular Season,2026-01-22,Grand Canyon,1,4,3,,,,
2026,Rice,Temple,65,69,0,Regular Season,2026-01-22,Rice,1,6,3,,,,
2026,Illinois St,Northern Iowa,59,54,0,Regular Season,2026-01-22,Illinois St,1,4,4,,,,
2026,Lipscomb,FGCU,86,71,0,Regular Season,2026-01-23,Lipscomb,1,0,0,,,,
2026,UC Riverside,UC Irvine,66,80,0,Regular Season,2026-01-23,UC Riverside,1,4,5,,,,
2026,Fairfield,Niagara,62,61,0,Regular Season,2026-01-23,Fairfield,1,3,3,,,,
2026,North Texas,East Carolina,59,63,0,Regular Season,2026-01-23,North Texas,1,0,0,,,,
2026,Jacksonville,E Kentucky,81,76,0,Regular Season,2026-01-24,Jacksonville,1,0,0,,,,
2026,Coastal,Southern Miss,85,67,0,Regular Season,2026-01-24,Coastal,1,0,0,,,,
2026,W Carolina,VMI,88,58,0,Regular Season,2026-01-24,W Carolina,1,1,2,,,,
2026,C Connecticut,FDU,66,76,0,Regular Season,2026-01-24,C Connecticut,1,4,4,,,,
2026,E Michigan,Kent State,75,76,0,Regular Season,2026-01-24,E Michigan,1,6,2,,,,
2026,Navy,Army,84,56,0,Regular Season,2026-01-24,Navy,1,1,1,,,,
2026,Norfolk St,Coppin St,103,76,0,Regular Season,2026-01-24,Norfolk St,1,3,6,,,,
2026,Colgate,Boston U,80,79,0,Regular Season,2026-01-24,Colgate,1,1,2,,,,
2026,Baylor,TCU,90,97,0,Regular Season,2026-01-24,Baylor,1,2,2,,,,
2026,Rhode Island,George Mason,74,65,0,Regular Season,2026-01-24,Rhode Island,1,1,4,,,,
2026,Alabama,Tennessee,73,79,0,Regular Season,2026-01-25,Alabama,1,7,7,,,,
2026,Fresno St,Grand Canyon,57,68,0,Regular Season,2026-01-25,Fresno St,1,2,2,,,,
2026,Bradley,UIC,70,85,0,Regular Season,2026-01-25,Bradley,1,2,3,,,,
2026,Rutgers,Michigan St,79,88,0,Regular Season,2026-01-27,Rutgers,1,3,2,,,,
2026,Kent State,Ohio,72,57,0,Regular Season,2026-01-28,Kent State,1,3,3,,,,
2026,Indiana,Purdue,72,67,0,Regular Season,2026-01-28,Indiana,1,4,3,,,,
2026,UNLV,New Mexico,61,89,0,Regular Season,2026-01-28,UNLV,1,3,2,,,,
2026,LSU,Mississippi St,66,80,0,Regular Season,2026-01-29,LSU,1,4,4,,,,
2026,Kansas City,Denver,61,69,0,Regular Season,2026-01-29,Kansas City,1,3,4,,,,
2026,Wisconsin,Minnesota,67,63,0,Regular Season,2026-01-29,Wisconsin,1,3,4,,,,
2026,Pepperdine,San Diego,88,92,0,Regular Season,2026-01-29,Pepperdine,1,4,3,,,,
2026,Tarleton St,Utah Valley,55,83,0,Regular Season,2026-01-30,Tarleton St,1,7,4,,,,
2026,Southern Miss,App State,63,70,0,Regular Season,2026-01-30,Southern Miss,1,5,6,,,,
2026,Hofstra,Charleston,64,66,0,Regular Season,2026-01-30,Hofstra,1,5,5,,,,
2026,Youngstown St,IU Indy,85,76,0,Regular Season,2026-01-30,Youngstown St,1,5,0,,,,
2026,Cornell,Princeton,87,64,0,Regular Season,2026-01-30,Cornell,1,5,5,,,,
2026,Tennessee Tech,Little Rock,87,77,0,Regular Season,2026-01-31,Tennessee Tech,1,6,0,,,,
2026,South Carolina,LSU,87,92,0,Regular Season,2026-01-31,South Carolina,1,1,1,,,,
2026,SF Austin,SE Louisiana,85,58,0,Regular Season,2026-01-31,SF Austin,1,3,2,,,,
2026,UMass Lowell,Maine,91,77,0,Regular Season,2026-01-31,UMass Lowell,1,1,6,,,,
2026,Toledo,Ball State,73,55,0,Regular Season,2026-01-31,Toledo,1,2,6,,,,
2026,Columbia,Princeton,68,80,0,Regular Season,2026-01-31,Columbia,1,0,0,,,,
2026,Louisville,SMU,88,74,0,Regular Season,2026-01-31,Louisville,1,3,6,,,,
2026,Grand Canyon,Boise St,86,69,0,Regular Season,2026-01-31,Grand Canyon,1,2,2,,,,
2026,Jackson St,Grambling,66,69,0,Regular Season,2026-01-31,Jackson St,1,3,12,,,,
2026,VCU,Loyola Chicago,89,75,0,Regular Season,2026-01-31,VCU,1,2,2,,,,
2026,Northern Iowa,Evansville,71,55,0,Regular Season,2026-01-31,Northern Iowa,1,1,1,,,,
2026,CSU Northridge,UC San Diego,81,64,0,Regular Season,2026-02-01,CSU Northridge,1,1,1,,,,
2026,Green Bay,Wright St,75,83,0,Regular Season,2026-02-01,Green Bay,1,0,0,,,,
2026,Colorado,TCU,87,61,0,Regular Season,2026-02-01,Colorado,1,1,2,,,,
2026,St Thomas (MN),Kansas City,99,64,0,Regular Season,2026-02-01,St Thomas (MN),1,1,2,,,,
2026,SF Austin,McNeese,67,60,0,Regular Season,2026-02-03,SF Austin,1,2,1,,,,
2026,Alcorn St,Grambling,50,74,0,Regular Season,2026-02-03,Alcorn St,1,2,2,,,,
2026,Toledo,Kent State,72,75,0,Regular Season,2026-02-04,Toledo,1,3,4,,,,
2026,UCLA,Rutgers,98,66,0,Regular Season,2026-02-04,UCLA,1,3,2,,,,
2026,Illinois St,S Illinois,50,54,0,Regular Season,2026-02-04,Illinois St,1,5,2,,,,
2026,James Madison,Louisiana,61,64,0,Regular Season,2026-02-05,James Madison,1,4,4,,,,
2026,Kansas City,South Dakota,75,82,0,Regular Season,2026-02-05,Kansas City,1,3,4,,,,
2026,Radford,Winthrop,78,80,0,Regular Season,2026-02-05,Radford,1,4,4,,,,
2026,FAU,Tulsa,76,78,0,Regular Season,2026-02-05,FAU,1,3,3,,,,
2026,New Mexico,Utah State,66,86,0,Regular Season,2026-02-05,New Mexico,1,3,4,,,,
2026,Queens,Jacksonville,93,84,0,Regular Season,2026-02-06,Queens,1,5,5,,,,
2026,Samford,The Citadel,78,64,0,Regular Season,2026-02-06,Samford,1,4,5,,,,
2026,C Connecticut,Chicago St,78,67,0,Regular Season,2026-02-06,C Connecticut,1,5,5,,,,
2026,UAB,Memphis,80,90,0,Regular Season,2026-02-06,UAB,1,4,4,,,,
2026,Tennessee St,W Illinois,83,56,0,Regular Season,2026-02-07,Tennessee St,1,0,0,,,,
2026,Texas,Ole Miss,79,68,0,Regular Season,2026-02-07,Texas,1,2,2,,,,
2026,VMI,ETSU,70,87,0,Regular Season,2026-02-07,VMI,1,2,1,,,,
2026,Long Island,Stonehill,61,54,0,Regular Season,2026-02-07,Long Island,1,0,0,,,,
2026,S Dakota St,South Dakota,67,68,0,Regular Season,2026-02-07,S Dakota St,1,1,1,,,,
2026,Wake Forest,Louisville,80,88,0,Regular Season,2026-02-07,Wake Forest,1,6,1,,,,
2026,Presbyterian,Gardner-Webb,68,62,0,Regular Season,2026-02-07,Presbyterian,1,6,1,,,,
2026,Iowa State,Baylor,72,69,0,Regular Season,2026-02-07,Iowa State,1,5,1,,,,
2026,Oregon St,Gonzaga,61,81,0,Regular Season,2026-02-07,Oregon St,1,1,1,,,,
2026,Arkansas St,Bowling Green,91,54,0,MAC-SBC Challenge,2026-02-07,Arkansas St,1,1,2,,,,
2026,Jax State,Kennesaw St,77,58,0,Regular Season,2026-02-08,Jax State,1,1,7,,,,
2026,UAlbany,UMass Lowell,79,89,0,Regular Season,2026-02-08,UAlbany,1,2,1,,,,
2026,UCLA,Washington,77,73,0,Regular Season,2026-02-08,UCLA,1,3,2,,,,
2026,Tulane,Wichita St,61,75,0,Regular Season,2026-02-08,Tulane,1,6,2,,,,
2026,St John's,Xavier,87,82,0,Regular Season,2026-02-09,St John's,1,1,4,,,,
2026,Louisville,NC State,118,77,0,Regular Season,2026-02-10,Louisville,1,2,2,,,,
2026,Drake,Valparaiso,76,81,0,Regular Season,2026-02-10,Drake,1,2,2,,,,
2026,Villanova,Marquette,77,74,0,Regular Season,2026-02-11,Villanova,1,3,3,,,,
2026,Richmond,George Mason,82,70,0,Regular Season,2026-02-11,Richmond,1,3,3,,,,
2026,Stetson,Jacksonville,67,62,0,Regular Season,2026-02-12,Stetson,1,4,4,,,,
2026,Mercer,Furman,69,64,0,Regular Season,2026-02-12,Mercer,1,4,3,,,,
2026,South Dakota,North Dakota,71,72,0,Regular Season,2026-02-12,South Dakota,1,4,4,,,,
2026,Washington,Penn State,60,63,0,Regular Season,2026-02-12,Washington,1,3,3,,,,
2026,Santa Clara,Seattle U,84,72,0,Regular Season,2026-02-12,Santa Clara,1,4,3,,,,
2026,Idaho,Weber St,72,83,0,Regular Season,2026-02-13,Idaho,1,5,4,,,,
2026,Charleston,Hofstra,62,66,0,Regular Season,2026-02-13,Charleston,1,2,5,,,,
2026,Denver,S Dakota St,79,61,0,Regular Season,2026-02-13,Denver,1,5,5,,,,
2026,Belmont,Northern Iowa,91,86,0,Regular Season,2026-02-13,Belmont,1,2,2,,,,
2026,E Illinois,Little Rock,78,72,0,Regular Season,2026-02-14,E Illinois,1,2,0,,,,
2026,Tennessee,LSU,73,63,0,Regular Season,2026-02-14,Tennessee,1,1,2,,,,
2026,Incarnate Word,Nicholls,83,91,0,Regular Season,2026-02-14,Incarnate Word,1,3,3,,,,
2026,Binghamton,UAlbany,74,77,0,Regular Season,2026-02-14,Binghamton,1,1,5,,,,
2026,Harvard,Brown,56,53,0,Regular Season,2026-02-14,Harvard,1,6,6,,,,
2026,Dartmouth,Yale,70,83,0,Regular Season,2026-02-14,Dartmouth,1,6,0,,,,
2026,Syracuse,SMU,79,78,0,Regular Season,2026-02-14,Syracuse,1,1,2,,,,
2026,Gardner-Webb,High Point,87,112,0,Regular Season,2026-02-14,Gardner-Webb,1,0,0,,,,
2026,Texas Southern,Grambling,82,79,0,Regular Season,2026-02-14,Texas Southern,1,3,3,,,,
2026,Loyola Chicago,Saint Louis,59,86,0,Regular Season,2026-02-14,Loyola Chicago,1,7,6,,,,
2026,Arkansas,Auburn,88,75,0,Regular Season,2026-02-15,Arkansas,1,3,3,,,,
2026,Canisius,Manhattan,65,69,0,Regular Season,2026-02-15,Canisius,1,0,1,,,,
2026,Loyola MD,Holy Cross,83,73,0,Regular Season,2026-02-15,Loyola MD,1,2,3,,,,
2026,Wichita St,Tulsa,81,77,0,Regular Season,2026-02-15,Wichita St,1,2,2,,,,
2026,Northern Iowa,Drake,86,62,0,Regular Season,2026-02-15,Northern Iowa,1,1,1,,,,
2026,Hou Christian,Nicholls,72,68,0,Regular Season,2026-02-17,Hou Christian,1,2,2,,,,
2026,Purdue,Michigan,80,91,0,Regular Season,2026-02-17,Purdue,1,2,2,,,,
2026,Florida,South Carolina,76,62,0,Regular Season,2026-02-18,Florida,1,3,2,,,,
2026,Miami,Virginia Tech,67,66,0,Regular Season,2026-02-18,Miami,1,3,3,,,,
2026,Kansas St,Baylor,90,74,0,Regular Season,2026-02-18,Kansas St,1,3,3,,,,
2026,Bellarmine,Lipscomb,72,75,0,Regular Season,2026-02-19,Bellarmine,1,4,4,,,,
2026,UMass Lowell,New Hampshire,78,56,0,Regular Season,2026-02-19,UMass Lowell,1,6,4,,,,
2026,Utah State,Boise St,75,56,0,Regular Season,2026-02-19,Utah State,1,3,4,,,,
2026,George Mason,Dayton,67,82,0,Regular Season,2026-02-19,George Mason,1,4,3,,,,
2026,Indiana St,Northern Iowa,60,81,0,Regular Season,2026-02-19,Indiana St,1,3,3,,,,
2026,W Illinois,So Indiana,70,77,0,Regular Season,2026-02-20,W Illinois,1,6,5,,,,
2026,Hawai'i,Cal Poly,75,86,0,Regular Season,2026-02-20,Hawai'i,1,4,4,,,,
2026,New Haven,Stonehill,64,51,0,Regular Season,2026-02-20,New Haven,1,5,5,,,,
2026,Bethune,Alabama St,82,71,0,Regular Season,2026-02-20,Bethune,1,2,2,,,,
2026,UT Arlington,Utah Valley,54,66,0,Regular Season,2026-02-21,UT Arlington,1,0,0,,,,
2026,LSU,Alabama,83,90,0,Regular Season,2026-02-21,LSU,1,2,1,,,,
2026,UL Monroe,Arkansas St,94,102,0,Regular Season,2026-02-21,UL Monroe,1,1,0,,,,
2026,Northeastern,Hofstra,68,82,0,Regular Season,2026-02-21,Northeastern,1,0,0,,,,
2026,Rider,Canisius,66,72,0,Regular Season,2026-02-21,Rider,1,5,5,,,,
2026,Denver,St Thomas (MN),82,80,0,Regular Season,2026-02-21,Denver,1,0,5,,,,
2026,Syracuse,North Carolina,64,77,0,Regular Season,2026-02-21,Syracuse,1,3,2,,,,
2026,Iona,Saint Peter's,72,64,0,Regular Season,2026-02-21,Iona,1,5,5,,,,
2026,AR-Pine Bluff,Prairie View,84,82,0,Regular Season,2026-02-21,AR-Pine Bluff,1,0,0,,,,
2026,Dayton,Duquesne,78,66,0,Regular Season,2026-02-21,Dayton,1,1,1,,,,
2026,New Mexico St,UTEP,67,63,0,Regular Season,2026-02-22,New Mexico St,1,7,7,,,,
2026,Wofford,Furman,67,76,0,Regular Season,2026-02-22,Wofford,1,3,3,,,,
2026,Wright St,Robert Morris,68,81,0,Regular Season,2026-02-22,Wright St,1,1,6,,,,
2026,Michigan St,Ohio State,66,60,0,Regular Season,2026-02-22,Michigan St,1,3,3,,,,
2026,Seattle U,Portland,71,59,0,Regular Season,2026-02-22,Seattle U,1,2,2,,,,
2026,SE Louisiana,Texas A&M-CC,68,73,0,Regular Season,2026-02-24,SE Louisiana,1,2,1,,,,
2026,Georgia St,Coastal,71,76,0,Regular Season,2026-02-25,Georgia St,1,3,3,,,,
2026,Virginia,NC State,90,61,0,Regular Season,2026-02-25,Virginia,1,3,6,,,,
2026,BYU,UCF,84,97,0,Regular Season,2026-02-25,BYU,1,2,2,,,,
2026,Austin Peay,C Arkansas,88,93,0,Regular Season,2026-02-26,Austin Peay,1,3,4,,,,
2026,UMBC,Bryant,70,58,0,Regular Season,2026-02-26,UMBC,1,4,6,,,,
2026,UConn,St John's,72,40,0,Regular Season,2026-02-26,UConn,1,4,4,,,,
2026,UTSA,East Carolina,81,82,0,Regular Season,2026-02-26,UTSA,1,3,4,,,,
2026,Colgate,Lafayette,69,70,0,Regular Season,2026-02-26,Colgate,1,4,3,,,,
2026,Utah Valley,Tarleton St,79,72,0,Regular Season,2026-02-27,Utah Valley,1,5,5,,,,
2026,Montana St,Portland St,84,69,0,Regular Season,2026-02-27,Montana St,1,5,5,,,,
2026,Vermont,UMass Lowell,66,64,0,Regular Season,2026-02-27,Vermont,1,4,5,,,,
2026,Presbyterian,High Point,73,79,0,Regular Season,2026-02-27,Presbyterian,1,5,5,,,,
2026,MTSU,New Mexico St,86,85,0,Regular Season,2026-02-28,MTSU,1,0,0,,,,
2026,Bellarmine,Austin Peay,111,97,0,Regular Season,2026-02-28,Bellarmine,1,1,1,,,,
2026,E Washington,N Arizona,88,57,0,Regular Season,2026-02-28,E Washington,1,0,0,,,,
2026,UT Rio Grande,E Texas A&M,63,55,0,Regular Season,2026-02-28,UT Rio Grande,1,3,3,,,,
2026,NC A&T,William & Mary,88,91,0,Regular Season,2026-02-28,NC A&T,1,0,0,,,,
2026,Penn,Harvard,64,61,0,Regular Season,2026-02-28,Penn,1,0,6,,,,
2026,Robert Morris,Cleveland St,83,64,0,Regular Season,2026-02-28,Robert Morris,1,1,1,,,,
2026,Duke,Virginia,77,51,0,Regular Season,2026-02-28,Duke,1,2,2,,,,
2026,Iona,Rider,80,58,0,Regular Season,2026-02-28,Iona,1,5,5,,,,
2026,Lafayette,Army,83,77,0,Regular Season,2026-02-28,Lafayette,1,1,2,,,,
2026,Kansas St,TCU,68,77,0,Regular Season,2026-02-28,Kansas St,1,1,2,,,,
2026,San José St,Colorado St,73,85,0,Regular Season,2026-02-28,San José St,1,2,2,,,,
2026,Fullerton,Hawai'i,85,87,0,Regular Season,2026-03-01,Fullerton,1,6,1,,,,
2026,St John's,Villanova,89,57,0,Regular Season,2026-03-01,St John's,1,2,2,,,,
2026,East Carolina,Memphis,84,68,0,Regular Season,2026-03-01,East Carolina,1,2,1,,,,
2026,Indiana St,UIC,79,63,0,Regular Season,2026-03-01,Indiana St,1,2,3,,,,
2026,Portland St,Weber St,84,60,0,Regular Season,2026-03-03,Portland St,1,2,2,,,,
2026,NC State,Duke,64,93,0,Regular Season,2026-03-03,NC State,1,2,2,,,,
2026,Northeastern,Monmouth,83,89,0,Regular Season,2026-03-04,Northeastern,1,3,3,,,,
2026,North Carolina,Clemson,67,63,0,Regular Season,2026-03-04,North Carolina,1,2,3,,,,
2026,Alabama A&M,Grambling,77,63,0,Regular Season,2026-03-04,Alabama A&M,1,3,3,,,,
2026,Fresno St,San José St,82,68,0,Regular Season,2026-03-04,Fresno St,1,2,3,,,,
2026,Arkansas,Texas,105,85,0,Regular Season,2026-03-05,Arkansas,1,3,4,,,,
2026,Charlotte,UAB,74,80,0,Regular Season,2026-03-05,Charlotte,1,3,3,,,,
2026,Detroit Mercy,Milwaukee,84,63,0,Barbasol Horizon League Championship - 1st Round,2026-03-05,Detroit Mercy,1,4,6,,,,
2026,Southern Miss,James Madison,86,80,1,Sun Belt Championship - 3rd Round,2026-03-05,,0,4,0,,,,
2026,Long Beach St,UC Davis,70,76,0,Regular Season,2026-03-06,Long Beach St,1,4,6,,,,
2026,Florida A&M,Bethune,81,77,0,Regular Season,2026-03-06,Florida A&M,1,5,5,,,,
2026,UNC Asheville,Longwood,85,82,1,Big South Championship - Quarterfinal,2026-03-06,,0,5,5,,,,
2026,Lehigh,Holy Cross,69,66,0,Patriot League Championship - Quarterfinal,2026-03-06,Lehigh,1,5,1,,,,
2026,New Mexico St,Kennesaw St,79,76,0,Regular Season,2026-03-07,New Mexico St,1,0,0,,,,
2026,Ohio,Miami OH,108,110,0,Regular Season,2026-03-07,Ohio,1,2,2,,,,
2026,Virginia,Virginia Tech,76,72,0,Regular Season,2026-03-07,Virginia,1,2,2,,,,
2026,Iowa State,Arizona St,86,65,0,Regular Season,2026-03-07,Iowa State,1,3,2,,,,
2026,San José St,Wyoming,78,88,0,Regular Season,2026-03-07,San José St,1,2,2,,,,
2026,Saint Peter's,Fairfield,55,74,1,MAAC Championship - Quarterfinal,2026-03-07,,0,5,0,,,,
2026,Wofford,UNC Greensboro,72,75,1,SoCon Championship - Quarterfinal,2026-03-07,,0,6,0,,,,
2026,Utah Tech,Utah Valley,101,104,0,Regular Season,2026-03-08,Utah Tech,1,6,1,,,,
2026,Minnesota,Northwestern,67,66,0,Regular Season,2026-03-08,Minnesota,1,3,2,,,,
2026,Rice,UTSA,80,71,0,Regular Season,2026-03-08,Rice,1,2,5,,,,
2026,Tennessee St,Morehead St,93,67,1,OVC Championship - Final,2026-03-08,,0,0,0,,,,
2026,Pacific,Seattle U,61,58,1,West Coast Conference Tournament - 3rd Round,2026-03-08,,0,7,0,,,,
2026,N Dakota St,North Dakota,70,62,1,Summit League Championship - Final,2026-03-09,,0,0,0,,,,
2026,UMBC,UMass Lowell,91,69,0,America East Playoffs - Semifinal,2026-03-10,UMBC,1,2,2,,,,
2026,UT Rio Grande,Nicholls,86,68,1,Southland Tournament - Quarterfinal,2026-03-10,,0,6,0,,,,
2026,La Salle,St Bonaventure,80,99,1,Atlantic 10 Championship - 1st Round,2026-03-11,,0,3,3,,,,
2026,Indiana,Northwestern,61,74,1,Big Ten Tournament - 2nd Round,2026-03-11,,0,3,0,,,,
2026,SF Austin,McNeese,59,76,1,Southland Tournament - Final,2026-03-11,,0,0,0,,,,
2026,Duquesne,Rhode Island,67,61,1,Atlantic 10 Championship - 2nd Round,2026-03-12,,0,4,4,,,,
2026,Ohio State,Iowa,72,69,1,Big Ten Tournament - 3rd Round,2026-03-12,,0,4,0,,,,
2026,Oklahoma,South Carolina,86,74,1,SEC Tournament - 1st Round,2026-03-12,,0,3,4,,,,
2026,Virginia,Miami,84,62,1,T. Rowe Price ACC Tournament - Semifinal,2026-03-13,,0,0,0,,,,
2026,UCLA,Rutgers,72,59,1,Big Ten Tournament - 3rd Round,2026-03-13,,0,4,0,,,,
2026,San Diego St,Colorado St,71,62,1,Mountain West Championship - Quarterfinal,2026-03-13,,0,5,0,,,,
2026,Duke,Clemson,73,61,1,T. Rowe Price ACC Tournament - Semifinal,2026-03-14,,0,1,0,,,,
2026,UCLA,Purdue,66,73,1,Big Ten Tournament - Semifinal,2026-03-14,,0,0,0,,,,
2026,Arkansas,Ole Miss,93,90,1,SEC Tournament - Semifinal,2026-03-14,,0,0,0,,,,
2026,Arkansas,Vanderbilt,86,75,1,SEC Tournament - Final,2026-03-15,,0,0,0,,,,
2026,Oklahoma St,Davidson,84,80,0,NIT - 1st Round,2026-03-18,Oklahoma St,1,5,4,,,,
