season,team,seed,adj_offense,adj_defense,tempo,sos,net_rating,q1_wins,q2_wins,q3_losses,q4_losses,recent_form,injuries_impact,fg3_pct,tov_pct,orb_pct,drb_pct,ft_rate,ast_rate,stl_rate,blk_rate,three_rate,opp_three_rate,opp_fg3_pct,opp_ft_rate
2021,Abilene Chrstn,4,106.299882,89.655266,72.749074,-1.168203,13.665664,1,7,1,0,0.779937,0,0.353135,0.190406,0.315306,0.684694,0.350737,0.655541,0.136441,0.042765,0.372236,0.355333,0.338704,0.320156
2021,Adams St,13,97.61226,231.035038,80.025,11.118707,-12.183631,0,0,0,0,0.004302,0,0.391304,0.237426,0.366667,0.633333,0.301587,0.615385,0.112465,0.037488,0.365079,0.323836,0.36699,0.390048
2021,Adrian,16,47.398664,99.910118,79.425,-3.070681,-39.870314,0,0,2,0,0.006036,0,0.125,0.302172,0.15,0.85,0.051724,0.314286,0.088133,0.031476,0.344828,0.375977,0.320823,0.277539
2021,Air Force,11,95.789253,109.300309,63.699,10.302006,-2.899667,1,1,1,2,0.14268,0,0.330171,0.226691,0.189655,0.810345,0.308547,0.590038,0.111148,0.038933,0.450427,0.383164,0.33926,0.317494
2021,Akron,4,112.572123,99.8651,70.772826,6.041704,12.042084,2,8,1,1,0.493258,0,0.332822,0.166485,0.292737,0.707263,0.30318,0.485669,0.06942,0.051604,0.460777,0.370425,0.330829,0.271945
2021,Alabama,1,112.618147,96.349686,74.971667,18.54047,27.82537,21,5,0,0,0.756146,0,0.350877,0.187182,0.306173,0.693827,0.286009,0.510791,0.115155,0.058244,0.470831,0.362702,0.338054,0.327738
2021,Alabama A&M,12,87.879273,95.608685,71.14,-3.277315,-6.930897,0,1,5,2,0.226324,0,0.29021,0.2146,0.279029,0.720971,0.317972,0.475504,0.076844,0.050604,0.329493,0.339819,0.314924,0.359187
2021,Alabama St,13,87.137065,100.902713,72.206944,-5.156648,-12.490328,0,0,8,4,0.234156,0,0.317143,0.223894,0.313936,0.686064,0.427156,0.456919,0.084633,0.033084,0.346878,0.329272,0.311354,0.354257
2021,Alcorn St,13,93.270043,105.975296,71.136842,0.980405,-7.872495,0,0,6,0,0.32939,0,0.300532,0.204202,0.345395,0.654605,0.339657,0.406897,0.10654,0.022196,0.339657,0.3524,0.327561,0.347663
2021,Alice Lloyd,14,84.34279,122.471112,73.0125,10.09917,-19.700015,0,0,0,0,0.003841,0,0.26,0.225989,0.389831,0.610169,0.149606,0.630435,0.130115,0.013696,0.393701,0.399301,0.351462,0.352439
2021,American,8,100.397141,101.220605,70.7775,7.906413,4.048896,0,2,0,0,0.393776,0,0.378151,0.223235,0.239264,0.760736,0.267504,0.516129,0.10314,0.066405,0.427289,0.340711,0.321268,0.338987
2021,App State,7,104.140308,97.005059,68.2875,0.779234,6.731372,0,8,5,0,0.503198,0,0.323823,0.172067,0.305859,0.694141,0.343173,0.494065,0.117675,0.050731,0.431119,0.380107,0.323192,0.3162
2021,AR-Pine Bluff,13,89.333651,108.564748,70.137,2.835034,-10.253181,0,0,9,2,0.178795,0,0.3075,0.224703,0.303594,0.696406,0.385693,0.458015,0.09125,0.05418,0.294985,0.348079,0.328981,0.337823
2021,Arizona,1,115.579061,93.591714,68.843269,17.203995,23.309954,10,5,0,0,0.506283,0,0.371795,0.172633,0.307924,0.692076,0.41756,0.604198,0.08492,0.058103,0.313673,0.347192,0.347864,0.323833
2021,Arizona St,3,108.169224,98.729212,73.176,18.873915,15.47245,8,2,0,0,0.476641,0,0.333333,0.149776,0.249686,0.750314,0.332673,0.498476,0.099486,0.044823,0.354455,0.361216,0.349017,0.329665
2021,Arkansas,1,114.013093,100.721425,76.024107,16.102331,25.9273,16,5,0,0,0.755525,0,0.338983,0.172877,0.299374,0.700626,0.326902,0.507879,0.106169,0.068117,0.357773,0.38064,0.345095,0.328801
2021,Arkansas St,8,104.781183,99.897356,69.377083,0.62788,3.444446,0,5,2,1,0.513751,0,0.383085,0.187982,0.297085,0.702915,0.343885,0.558776,0.094892,0.04084,0.289209,0.358974,0.332452,0.293737
2021,Arlington Bapt,16,69.508965,136.882513,75.1,-0.50257,-47.636876,0,0,2,0,0.000183,0,0.311111,0.288504,0.302632,0.697368,0.164706,0.42623,0.062139,0.022193,0.264706,0.326759,0.384557,0.312576
2021,Army,6,104.447406,100.559759,70.613095,7.287865,9.226327,2,8,0,0,0.402216,0,0.330677,0.177358,0.232143,0.767857,0.281633,0.539964,0.089691,0.020231,0.409796,0.354094,0.338515,0.291557
2021,Auburn,2,110.731725,97.003248,73.95463,18.181232,18.684949,7,5,0,0,0.322414,0,0.326232,0.219354,0.328316,0.671684,0.361794,0.562588,0.084136,0.081632,0.461302,0.369042,0.333227,0.330828
2021,Austin Peay,8,106.006067,99.917471,70.090741,-0.134094,3.844004,0,3,4,1,0.377569,0,0.338569,0.209781,0.366273,0.633727,0.285714,0.48704,0.0967,0.028534,0.35436,0.372784,0.334569,0.296251
2021,AZ Chrstn,9,111.611487,112.164737,71.5,11.197656,1.99553,0,0,0,0,0.094129,0,0.419355,0.195804,0.285714,0.714286,0.357143,0.541667,0.055944,0.013986,0.553571,0.478374,0.316456,0.312284
2021,B'tine Mesa,14,80.469124,115.599096,76.81,8.214459,-19.987361,0,0,0,1,0.007492,0,0.271429,0.161437,0.161491,0.838509,0.250804,0.568627,0.062492,0.013019,0.450161,0.402793,0.326789,0.317568
2021,Bacone,14,85.098335,115.462238,80.275,11.7905,-16.009957,0,0,0,0,0.001985,0,0.363636,0.149486,0.25641,0.74359,0.121622,0.37037,0.099657,0.012457,0.297297,0.466296,0.38992,0.273346
2021,Bakersfield,5,107.08129,95.176362,66.1,4.870915,10.852743,3,2,3,0,0.511912,0,0.352657,0.196672,0.362878,0.637122,0.271718,0.533626,0.097172,0.045386,0.270411,0.363275,0.341452,0.307019
2021,Ball State,6,105.717166,100.727122,72.76413,8.579762,7.840968,1,3,1,0,0.413357,0,0.342105,0.197183,0.270047,0.729953,0.28685,0.51876,0.075288,0.032864,0.41185,0.380006,0.341154,0.285442
2021,Baylor,1,125.075242,110.087099,70.678125,16.274324,33.387416,15,10,0,0,0.870367,0,0.418212,0.175679,0.353143,0.646857,0.270324,0.548257,0.126748,0.053057,0.391937,0.363458,0.336913,0.32368
2021,Belhaven,16,96.943832,151.909379,87.2,1.753018,-44.046327,0,0,1,0,0.000099,0,0.325,0.206422,0.25,0.75,0.542373,0.608696,0.126147,0,0.677966,0.397373,0.311983,0.271757
2021,Bellarmine,6,114.498633,111.088915,65.2075,1.584813,9.530715,0,1,3,0,0.682895,0,0.374269,0.170226,0.261513,0.738487,0.287546,0.562278,0.10965,0.032205,0.313187,0.409399,0.337939,0.283676
2021,Belmont,4,112.926027,94.98644,72.354167,1.605934,13.773022,0,11,1,0,0.681916,0,0.344346,0.166312,0.246269,0.753731,0.281575,0.611857,0.106882,0.040081,0.43029,0.375536,0.336216,0.305433
2021,Belmont Abbey,5,97.700764,90.459236,78.125,4.859326,11.059537,0,1,0,0,0.867861,0,0.521739,0.256,0.2,0.8,0.258621,0.666667,0.0896,0.0384,0.396552,0.349722,0.324263,0.383822
2021,Benedict,16,65.915225,134.921595,71.7,9.010625,-41.790988,0,0,0,0,0.000043,0,0.242424,0.167364,0.365854,0.634146,0.173913,0.533333,0.013947,0.055788,0.478261,0.402647,0.352113,0.21172
2021,Bethel (TN),16,74.712663,126.651416,76.975,-9.242064,-41.041711,0,0,0,1,0.001022,0,0.176471,0.259825,0.452381,0.547619,0.318182,0.761905,0.012991,0.025982,0.257576,0.355348,0.333333,0.293611
2021,Bethesda,16,73.964364,129.838242,78.016667,8.683853,-36.45212,0,0,4,0,0.001341,0,0.261628,0.234993,0.260586,0.739414,0.209945,0.439834,0.079043,0.01709,0.475138,0.361747,0.340928,0.321891
2021,Binghamton,11,99.0538,105.655335,67.304167,5.191317,-2.050867,0,1,4,0,0.327827,0,0.330508,0.20636,0.299065,0.700935,0.231954,0.462791,0.07429,0.045399,0.454283,0.381942,0.322595,0.3291
2021,Bluefield,12,99.217876,122.184338,67.75,13.579803,-5.219746,0,0,0,0,0.008724,0,0.291667,0.162362,0.16129,0.83871,0.175439,0.44,0.04428,0.02952,0.421053,0.477728,0.390541,0.237573
2021,Bluefield St,15,71.87628,112.017188,78.85,2.44387,-27.355745,0,0,1,0,0.001425,0,0.227273,0.266328,0.225806,0.774194,0.096774,0.333333,0.050729,0,0.354839,0.381112,0.351494,0.336906
2021,Boise St,2,111.992445,98.255002,70.411538,10.807058,19.876917,6,6,0,0,0.497699,0,0.341924,0.163326,0.261572,0.738428,0.34954,0.502165,0.093953,0.041514,0.382392,0.396088,0.343627,0.322348
2021,Boston College,6,105.074405,104.555946,71.96,16.920279,8.610894,2,1,0,0,0.230688,0,0.32967,0.190384,0.282282,0.717718,0.296796,0.46,0.099361,0.053502,0.460371,0.378211,0.341499,0.298234
2021,Boston U,7,105.679857,105.518572,67.866667,9.819705,5.622144,0,6,0,0,0.419854,0,0.318066,0.184185,0.281447,0.718553,0.28599,0.421286,0.079404,0.045842,0.37971,0.357847,0.360023,0.284778
2021,Bowling Green,5,110.004711,103.736165,73.023,7.076987,10.24659,5,2,2,0,0.438227,0,0.321429,0.137491,0.326743,0.673257,0.287004,0.450142,0.099147,0.027936,0.387485,0.381406,0.344881,0.289034
2021,Bradley,5,106.119498,96.143492,67.309821,7.884292,10.54143,2,6,0,0,0.32029,0,0.318408,0.183586,0.274927,0.725073,0.24022,0.519022,0.076406,0.05306,0.368582,0.381617,0.344704,0.288002
2021,Bryant,6,109.659959,102.598345,76.838095,1.500301,9.493352,1,3,4,0,0.589834,0,0.384466,0.197695,0.262722,0.737278,0.350769,0.536946,0.088622,0.047719,0.396154,0.36537,0.319864,0.303392
2021,Bucknell,9,104.311721,104.536015,72.9,4.415356,2.534632,0,1,0,0,0.493807,0,0.329588,0.173754,0.19403,0.80597,0.363104,0.463023,0.080018,0.048011,0.390922,0.337421,0.346193,0.294038
2021,Buffalo,3,111.609319,98.42912,75.065625,7.88605,15.942441,3,6,0,0,0.686282,0,0.338028,0.184838,0.338389,0.661611,0.298311,0.523098,0.106573,0.054397,0.310819,0.389297,0.337962,0.284771
2021,Butler,4,102.920678,98.143961,65.75,18.035179,12.619595,7,2,0,0,0.465129,0,0.323105,0.173992,0.285006,0.714994,0.294329,0.538462,0.084563,0.031027,0.397703,0.372674,0.338414,0.297329
2021,BYU,1,115.644595,94.165366,71.493269,15.775041,24.78082,14,2,0,0,0.682509,0,0.378247,0.186139,0.241211,0.758789,0.274245,0.573901,0.066171,0.039272,0.395633,0.353365,0.337052,0.329235
2021,C Arkansas,11,98.329359,106.706257,73.848958,6.732689,-2.134452,1,0,5,0,0.220437,0,0.363248,0.236406,0.276715,0.723285,0.320605,0.531353,0.06827,0.03611,0.337176,0.345534,0.337544,0.326765
2021,C Connecticut,12,96.768283,105.90738,71.989286,4.520459,-4.029676,0,2,9,0,0.307519,0,0.323974,0.197119,0.274096,0.725904,0.28374,0.517241,0.095914,0.03572,0.376423,0.36793,0.331943,0.311507
2021,C Michigan,10,102.892948,105.567622,75.105435,1.8853,-1.114393,1,1,5,1,0.140663,0,0.329004,0.177721,0.294118,0.705882,0.36909,0.389857,0.108833,0.038786,0.326041,0.397186,0.327341,0.27401
2021,CA Baptist,7,111.737802,101.561345,71.220652,1.805081,7.037776,1,5,2,0,0.500221,0,0.393053,0.189247,0.26143,0.73857,0.342579,0.635647,0.070815,0.034797,0.410045,0.361782,0.324876,0.326792
2021,Cal Poly,11,92.153639,100.820287,68.554167,7.155243,-2.222512,0,0,3,0,0.151682,0,0.319756,0.202395,0.24036,0.75964,0.295057,0.574181,0.090561,0.051055,0.373384,0.34608,0.341457,0.308944
2021,California,4,104.549776,98.444454,66.334483,16.964933,12.914924,4,3,0,0,0.25774,0,0.327974,0.192338,0.25627,0.74373,0.346354,0.523449,0.065499,0.033789,0.404948,0.360525,0.343768,0.312534
2021,CALVIN,13,77.844458,95.761752,70.85,-3.41648,-11.21612,0,0,1,0,0.048245,0,0.25,0.225829,0.405405,0.594595,0.089552,0.565217,0.169372,0.028229,0.41791,0.381616,0.311436,0.302693
2021,Camp-Harrod,16,78.832424,132.297119,82.8875,8.073682,-37.725671,0,0,0,0,0.000607,0,0.267857,0.21113,0.293103,0.706897,0.216418,0.595745,0.108581,0.012065,0.41791,0.434241,0.369179,0.263822
2021,Campbell,9,106.660311,102.288272,66.594444,0.128031,3.099222,0,2,3,0,0.834041,0,0.375,0.181864,0.215124,0.784876,0.339248,0.553648,0.091766,0.033926,0.369056,0.381829,0.332779,0.324597
2021,Canisius,9,99.249003,98.643017,71.523077,2.402124,2.620571,0,3,3,0,0.578863,0,0.296636,0.167778,0.288889,0.711111,0.315522,0.514019,0.078512,0.048398,0.416031,0.365949,0.331613,0.343958
2021,CARLOW,16,71.837869,139.22705,78.175,0.582042,-49.217358,0,0,1,0,0.000051,0,0.242424,0.204669,0.233333,0.766667,0.206349,0.5,0.051167,0.025584,0.52381,0.36244,0.306931,0.321172
2021,Carver,16,60.246212,134.064261,75.284524,2.254947,-51.458943,0,0,13,1,0.000197,0,0.232836,0.307405,0.239203,0.760797,0.234081,0.442197,0.072107,0.030361,0.300448,0.404506,0.339249,0.299845
2021,Catawba,8,88.377007,92.755068,72.875,9.428059,4.62873,0,0,0,0,0.073013,0,0.263158,0.205832,0.277778,0.722222,0.446429,0.5,0.096055,0.013722,0.339286,0.459902,0.346975,0.293781
2021,Cedarville,15,76.379678,138.642413,67.9,12.042084,-32.757524,0,0,0,0,0.000117,0,0.210526,0.191458,0.173913,0.826087,0.070175,0.318182,0.103093,0,0.333333,0.460777,0.332822,0.30318
2021,Cent Baptist,13,80.410851,99.419896,70.9,2.060422,-9.239398,0,0,2,0,0.030582,0,0.290323,0.260931,0.328358,0.671642,0.461538,0.277778,0.105783,0.028209,0.298077,0.338527,0.329668,0.345815
2021,Champ Chrstn,16,67.969045,122.829264,71.803571,-1.347547,-36.862302,0,0,6,0,0.004734,0,0.244898,0.276548,0.259434,0.740566,0.195822,0.416667,0.075603,0.033822,0.383812,0.345537,0.360748,0.311715
2021,Charleston,8,108.974864,104.330774,65.880263,5.264875,4.213196,0,5,1,0,0.580911,0,0.374408,0.157383,0.255217,0.744783,0.291745,0.417879,0.07989,0.042342,0.395872,0.388516,0.336115,0.292325
2021,Charleston So,13,92.958571,104.200319,70.646429,0.791547,-7.540956,0,0,12,0,0.237702,0,0.316206,0.23322,0.285333,0.714667,0.30203,0.454167,0.086952,0.054598,0.428088,0.367854,0.335138,0.327672
2021,Charlotte,8,98.879313,97.928233,66.156,8.355135,4.859326,4,0,2,0,0.145097,0,0.324263,0.202552,0.22108,0.77892,0.383822,0.517431,0.08223,0.044138,0.349722,0.376873,0.340098,0.294858
2021,Chattanooga,6,106.881313,98.316779,69.145192,5.321742,8.791615,1,5,1,0,0.57446,0,0.359143,0.160754,0.246311,0.753689,0.281866,0.478261,0.099011,0.0267,0.398817,0.407435,0.331222,0.277219
2021,Chicago St,14,81.459414,120.298383,71.427778,10.960942,-19.772181,0,0,2,1,0.008669,0,0.251232,0.21778,0.230769,0.769231,0.253521,0.494444,0.076223,0.020222,0.408451,0.348828,0.348891,0.292623
2021,Chowan,13,101.786432,126.192843,77.2,9.545245,-11.253686,0,0,0,0,0.006295,0,0.28125,0.220207,0.380952,0.619048,0.52459,0.5,0.07772,0.012953,0.52459,0.404663,0.341564,0.386345
2021,Cincinnati,4,102.095608,95.7153,71.302174,15.560915,12.343583,6,5,0,0,0.54649,0,0.311069,0.204884,0.294471,0.705529,0.330097,0.607774,0.094515,0.05305,0.391337,0.389841,0.335574,0.33196
2021,Clemson,2,106.214876,93.044902,65.197826,17.289981,19.623822,11,4,0,0,0.599967,0,0.345946,0.194725,0.263648,0.736352,0.235759,0.563771,0.093361,0.044013,0.439082,0.364594,0.340017,0.308714
2021,Cleveland St,8,105.106049,105.022362,69.188462,5.202024,5.143183,1,1,2,0,0.657417,0,0.319231,0.185669,0.306593,0.693407,0.319683,0.530702,0.101173,0.036133,0.343461,0.390088,0.353694,0.307561
2021,CO Christian,14,86.423533,117.337151,73.125,4.677738,-17.124911,0,0,0,0,0.005344,0,0.25,0.150427,0.15,0.85,0.254237,0.26087,0.054701,0.013675,0.338983,0.432432,0.376894,0.312039
2021,Coastal,5,110.475352,106.711866,72.247826,-0.03973,10.653095,0,4,1,0,0.599717,0,0.36136,0.207017,0.314428,0.685572,0.318534,0.546012,0.11735,0.057772,0.393939,0.398509,0.321761,0.307662
2021,Coastal GA,14,84.114437,116.655386,81.1875,1.022004,-22.77754,0,0,2,0,0.02102,0,0.285714,0.252502,0.307692,0.692308,0.375,0.404255,0.08622,0.018476,0.408333,0.397159,0.321136,0.320792
2021,Coe,9,91.118803,100.198342,67.95,8.053091,1.25295,0,0,0,0,0.055604,0,0.296296,0.206034,0.15,0.85,0.035714,0.68,0.147167,0.029433,0.482143,0.391513,0.325175,0.258727
2021,Col St Pueblo,6,111.594021,115.569852,73.075,17.779506,8.977914,0,0,0,0,0.041721,0,0.37931,0.164215,0.323529,0.676471,0.265625,0.518519,0.054738,0.041054,0.453125,0.43635,0.360281,0.345859
2021,Colgate,2,121.179483,99.495642,72.776667,7.290622,22.255417,0,13,0,0,0.864166,0,0.4,0.138323,0.244966,0.755034,0.310454,0.561441,0.098933,0.04855,0.359029,0.369324,0.331329,0.290146
2021,Coll Idaho,13,84.82652,110.753215,73.525,11.536207,-10.26585,0,0,1,0,0.009759,0,0.318182,0.255695,0.328042,0.671958,0.25,0.543689,0.059844,0.038082,0.44,0.379785,0.337055,0.320859
2021,Colorado,1,116.830848,96.606692,66.108333,18.158908,27.469951,18,4,0,0,0.676566,0,0.366612,0.167906,0.281905,0.718095,0.299296,0.51292,0.080171,0.04185,0.358568,0.354659,0.349353,0.330745
2021,Colorado St,3,111.433216,108.741445,69.301042,10.716719,17.779506,5,9,0,0,0.596624,0,0.360281,0.196606,0.215896,0.784104,0.345859,0.565854,0.079364,0.036676,0.43635,0.381485,0.339242,0.321956
2021,Columbia Int'l,15,74.685317,127.62961,69.116667,9.452623,-28.513433,0,0,1,0,0.001068,0,0.27027,0.231493,0.219858,0.780142,0.16,0.517857,0.072341,0.019291,0.455385,0.425976,0.358719,0.293873
2021,Columbus State,8,119.919142,121.251033,70.075,4.213196,4.414215,0,0,0,0,0.132139,0,0.333333,0.128434,0.432432,0.567568,0.246377,0.515152,0.042811,0.01427,0.304348,0.395872,0.374408,0.291745
2021,Concordia CA,12,97.767551,118.55898,73.5,15.001555,-4.800286,0,0,0,0,0.007413,0,0.2,0.231293,0.413793,0.586207,0.338983,0.44,0.122449,0.013605,0.338983,0.365614,0.322457,0.325614
2021,Coppin St,11,93.445096,98.802877,79.040909,3.765396,-1.824308,1,1,3,0,0.588652,0,0.303459,0.200127,0.20603,0.79397,0.438228,0.540643,0.108114,0.04083,0.494172,0.378411,0.340042,0.334201
2021,Covenant,14,88.096377,117.309028,74,0.738684,-18.060904,0,0,2,0,0.009749,0,0.34375,0.216216,0.3,0.7,0.347826,0.536585,0.081081,0.027027,0.556522,0.398233,0.317924,0.264752
2021,Creighton,1,115.677727,101.763393,70.133929,16.967735,24.400199,17,3,0,0,0.579281,0,0.366577,0.15888,0.234421,0.765579,0.268657,0.557089,0.100827,0.049905,0.442985,0.36324,0.336149,0.304332
2021,Crwlys Rdg,16,71.332273,124.892965,80.1375,0.584353,-39.465346,0,0,4,0,0.002395,0,0.215054,0.215255,0.310606,0.689394,0.218868,0.357143,0.074871,0.028077,0.350943,0.354631,0.339878,0.324544
2021,CSU Northridge,9,103.679898,106.282984,71.332955,7.478112,1.448155,1,5,4,0,0.412135,0,0.337972,0.166314,0.284932,0.715068,0.307634,0.523214,0.08921,0.029949,0.380197,0.370583,0.339752,0.316519
2021,Culver Stock,16,53.412043,154.149113,67.45,4.347869,-62.452588,0,0,0,0,0.000003,0,0.157895,0.355819,0.176471,0.823529,0.611111,0.555556,0.014826,0.014826,0.527778,0.315015,0.366093,0.293344
2021,Dall Christian,16,52.805368,124.430173,88.1125,4.955127,-58.012404,0,0,2,0,0.000113,0,0.24026,0.393436,0.235294,0.764706,0.221212,0.56701,0.071878,0.030264,0.466667,0.360624,0.354321,0.330674
2021,Dalton St,13,90.740072,107.925606,67.45,-3.371053,-10.170559,0,0,1,0,0.055604,0,0.384615,0.207561,0.291667,0.708333,0.44,0.368421,0.118606,0.029652,0.26,0.387049,0.311787,0.295806
2021,Davidson,3,116.719229,101.394892,63.946429,10.509083,17.418635,4,5,0,0,0.608157,0,0.366667,0.168296,0.258856,0.741144,0.262478,0.578182,0.080424,0.040212,0.490534,0.382328,0.331426,0.312881
2021,Dayton,4,107.975206,99.68137,67.858696,13.038241,14.863732,8,3,1,0,0.42611,0,0.373737,0.21464,0.207572,0.792428,0.344538,0.557319,0.065994,0.028832,0.415966,0.357951,0.325377,0.315078
2021,Delaware,8,101.33525,97.569546,67.871667,5.239256,4.453817,0,6,1,0,0.51375,0,0.333333,0.211183,0.249049,0.750951,0.374527,0.541787,0.067775,0.053041,0.404792,0.399552,0.338742,0.304893
2021,Delaware St,13,92.017318,110.629907,77.240789,1.055804,-13.721957,0,1,9,0,0.292438,0,0.308943,0.218728,0.303835,0.696165,0.301775,0.461538,0.083812,0.047016,0.415892,0.404038,0.33437,0.351657
2021,Denver,12,97.9398,108.385849,72.192857,3.546121,-6.245369,0,0,7,0,0.157086,0,0.349876,0.205138,0.245283,0.754717,0.33959,0.483622,0.079153,0.035619,0.343857,0.36474,0.349649,0.304144
2021,DePaul,5,98.287486,94.89538,71.298684,17.184091,10.521346,3,1,0,0,0.226293,0,0.314985,0.221455,0.318498,0.681502,0.236568,0.451143,0.095964,0.054626,0.283362,0.367911,0.331772,0.309464
2021,Detroit Mercy,7,113.515943,107.172792,68.175,3.727777,5.982772,0,1,4,0,0.773381,0,0.391304,0.168684,0.275382,0.724618,0.252713,0.526756,0.10001,0.036004,0.445736,0.371994,0.341868,0.29987
2021,Dickinson St,14,79.213728,114.18957,66.7,7.86274,-15.939922,0,0,0,0,0.003845,0,0.294118,0.194903,0.222222,0.777778,0.230769,0.368421,0.104948,0,0.326923,0.280713,0.362353,0.365918
2021,Doane,15,80.991763,125.96631,84.075,13.912153,-28.887757,0,0,0,0,0.000164,0,0.282609,0.154624,0.264706,0.735294,0.236111,0.714286,0.071365,0.023788,0.638889,0.426434,0.333333,0.311097
2021,Drake,3,117.193737,99.414235,67.562069,7.462853,18.501356,5,15,0,0,0.648943,0,0.369565,0.152606,0.287632,0.712368,0.243597,0.459677,0.10565,0.043893,0.314172,0.387248,0.338944,0.288921
2021,Drexel,5,110.249004,105.265491,66.084211,5.981544,9.572822,0,6,1,0,0.573964,0,0.371968,0.195126,0.260465,0.739535,0.285164,0.581818,0.070882,0.035839,0.357418,0.397502,0.334989,0.324931
2021,Duke,2,114.358392,96.265137,69.93125,16.229216,20.404787,7,5,0,0,0.608479,0,0.352014,0.182918,0.319624,0.680376,0.233942,0.563584,0.117377,0.064945,0.386072,0.37599,0.339198,0.310816
2021,Duquesne,5,101.816506,94.15921,68.404167,11.287066,11.298804,5,1,1,0,0.58045,0,0.298701,0.19492,0.313456,0.686544,0.316346,0.550228,0.098272,0.064973,0.370192,0.375302,0.331052,0.308749
2021,E Illinois,11,98.789607,104.488825,71.002778,2.961485,-2.201135,0,3,5,2,0.404135,0,0.324042,0.199784,0.303062,0.696938,0.256932,0.509194,0.100674,0.045903,0.353666,0.38675,0.336382,0.303076
2021,E Kentucky,6,105.469268,95.191591,77.485345,-0.257661,7.956587,1,5,1,0,0.679989,0,0.358612,0.165549,0.297193,0.702807,0.255396,0.529277,0.133062,0.045837,0.399794,0.383175,0.331357,0.300489
2021,E Michigan,12,99.338873,105.435828,71.325,1.860947,-3.41648,1,0,2,0,0.201925,0,0.311436,0.172138,0.284512,0.715488,0.302693,0.441964,0.123846,0.032714,0.381616,0.390035,0.322087,0.268805
2021,E TX Bapt,13,79.929223,94.10298,72.975,-2.629667,-8.43017,0,0,1,0,0.063849,0,0.296296,0.16444,0.289474,0.710526,0.33871,0.85,0.095923,0.08222,0.435484,0.287129,0.331565,0.421173
2021,E Washington,4,111.189306,100.000416,71.746739,6.894184,15.033445,0,10,1,0,0.787355,0,0.354015,0.159983,0.217178,0.782822,0.302121,0.543887,0.068478,0.039996,0.400878,0.355116,0.347517,0.339159
2021,East Carolina,6,100.198922,94.189627,69.313158,10.971174,8.466112,1,4,0,0,0.150106,0,0.303621,0.182239,0.289433,0.710567,0.330896,0.674833,0.088842,0.0448,0.328154,0.380683,0.333352,0.339835
2021,Edward Waters,15,87.323562,121.254038,81.025,-0.867754,-24.66726,0,0,1,0,0.003845,0,0.157895,0.123419,0.25,0.75,0.275362,0.538462,0.148102,0.061709,0.275362,0.48752,0.3664,0.25351
2021,Elon,7,100.447824,96.32803,66.439474,4.301074,5.712654,0,4,0,0,0.677145,0,0.325581,0.172694,0.254601,0.745399,0.245387,0.458797,0.085555,0.030895,0.436347,0.375454,0.331798,0.333404
2021,Emmanuel (MA),13,80.211343,102.637701,70.55,4.41066,-10.38892,0,0,0,0,0.434193,0,0.280702,0.22679,0.242857,0.757143,0.330275,0.735294,0.113395,0.063785,0.522936,0.42964,0.370757,0.303575
2021,Emporia St,8,88.946477,100.144432,68.75,17.249674,4.449636,0,0,0,0,0.022739,0,0.192308,0.247273,0.305556,0.694444,0.172414,0.545455,0.043636,0.058182,0.448276,0.406027,0.341797,0.36479
2021,ETSU,5,105.03537,94.26795,68.037,8.495019,11.263622,2,6,1,0,0.348586,0,0.349565,0.199303,0.284281,0.715719,0.298729,0.475806,0.108176,0.037039,0.406073,0.416755,0.343412,0.280722
2021,Evansville,8,105.776317,106.717752,63.23,9.590228,4.622268,1,6,1,1,0.226097,0,0.376766,0.173335,0.222388,0.777612,0.254042,0.509632,0.077179,0.035426,0.490377,0.370648,0.338585,0.291209
2021,Fairfield,11,95.248297,100.065963,65.762963,3.737774,-1.266822,0,4,8,0,0.57479,0,0.31528,0.196553,0.279241,0.720759,0.340659,0.467241,0.070399,0.034918,0.355082,0.373732,0.322712,0.334129
2021,FAU,4,110.419403,93.642863,71.01413,1.31331,12.99175,0,4,1,0,0.604999,0,0.379898,0.194695,0.308934,0.691066,0.288857,0.513804,0.107143,0.038572,0.416608,0.391865,0.331826,0.280386
2021,FDU,10,105.119175,107.327763,72.390625,4.162975,0.990148,0,3,8,0,0.427627,0,0.375242,0.195698,0.302583,0.697417,0.310754,0.444961,0.104756,0.053529,0.361034,0.365484,0.326938,0.313599
2021,FGCU,10,97.649819,95.530916,72.873611,-2.418389,-0.884634,0,1,5,0,0.481407,0,0.292585,0.202024,0.297143,0.702857,0.240675,0.509317,0.102156,0.058701,0.443162,0.37422,0.331794,0.282787
2021,FIU,10,101.017079,102.352419,73.738462,3.382825,0.15991,0,2,3,0,0.14315,0,0.334559,0.198206,0.298349,0.701651,0.244389,0.565217,0.114229,0.054767,0.508728,0.371515,0.32821,0.287422
2021,FL Memorial,15,80.002109,125.304271,79.15,6.57583,-29.723981,0,0,1,0,0.011374,0,0.285714,0.296905,0.231884,0.768116,0.245614,0.46,0.056854,0.050537,0.307018,0.462668,0.357228,0.266623
2021,FL National,14,87.492671,120.13684,81.154167,2.947764,-23.085248,0,0,5,0,0.017794,0,0.296875,0.197156,0.320856,0.679144,0.149644,0.404908,0.104739,0.014376,0.456057,0.384277,0.336382,0.306267
2021,Fla Coll,13,105.037912,127.119461,76.8875,10.259979,-9.039849,0,0,0,0,0.028313,0,0.352941,0.169078,0.267857,0.732143,0.224806,0.491228,0.045521,0,0.395349,0.373535,0.353456,0.315924
2021,Flagler,10,101.913004,106.246049,76.704167,3.742965,1.076682,0,0,2,0,0.353108,0,0.335443,0.212939,0.268519,0.731481,0.241379,0.568182,0.097778,0.021729,0.419098,0.45658,0.344737,0.285208
2021,Florida,2,111.396936,102.260983,70.368478,17.994285,22.002467,12,2,0,0,0.4995,0,0.356818,0.208221,0.285538,0.714462,0.33845,0.449587,0.103801,0.077233,0.337682,0.381488,0.341577,0.329477
2021,Florida A&M,10,92.97004,96.364046,70.88,0.794762,-0.564906,0,1,5,1,0.606256,0,0.313531,0.238431,0.292199,0.707801,0.298401,0.53,0.091704,0.035271,0.269094,0.362138,0.328645,0.312659
2021,Florida St,1,116.659804,104.269873,71.310227,17.153542,24.345967,12,5,0,0,0.594159,0,0.390086,0.201425,0.312652,0.687348,0.326702,0.519355,0.103899,0.072028,0.355011,0.372248,0.341328,0.302497
2021,Fordham,11,84.561832,99.227648,64.398214,11.848577,-3.164987,1,1,2,0,0.127834,0,0.268707,0.207415,0.228365,0.771635,0.27514,0.595331,0.096498,0.031057,0.410615,0.378772,0.333206,0.313917
2021,Freed-Hard,14,89.096526,120.374611,72.325,1.734483,-18.565083,0,0,2,0,0.007397,0,0.254237,0.179744,0.259259,0.740741,0.111111,0.392157,0.103699,0.041479,0.468254,0.38582,0.344464,0.313957
2021,Fresno Pacific,14,89.43588,116.665458,75.885,4.022693,-15.579481,0,0,0,1,0.023782,0,0.291045,0.173947,0.263514,0.736486,0.265176,0.529412,0.084338,0.021085,0.428115,0.364271,0.342742,0.344778
2021,Fresno St,7,101.804922,97.961633,66.932292,7.891561,6.498144,1,2,0,0,0.479416,0,0.328657,0.214147,0.30129,0.69871,0.376261,0.451087,0.098358,0.043576,0.387122,0.397536,0.332988,0.317025
2021,Ft Hays St,1,113.520091,89.823478,73.275,8.507467,24.707099,0,1,0,0,0.964026,0,0.416667,0.272944,0.264706,0.735294,0.155172,0.40625,0.109178,0.027294,0.413793,0.409004,0.296124,0.289157
2021,Fullerton,9,107.002715,105.577888,73.178125,5.085754,2.920277,1,2,5,0,0.409712,0,0.384164,0.175086,0.26616,0.73384,0.342797,0.506977,0.091387,0.027331,0.35857,0.358596,0.342451,0.294215
2021,Furman,3,114.192229,94.632044,71.122,6.491049,17.171752,1,5,0,0,0.621277,0,0.341808,0.176036,0.253697,0.746303,0.26551,0.569863,0.115295,0.047243,0.472315,0.421357,0.339242,0.288745
2021,G Washington,9,100.473655,101.109792,69.654412,7.656931,2.916695,1,1,2,0,0.395377,0,0.32381,0.19677,0.233677,0.766323,0.360991,0.472019,0.090362,0.038847,0.33944,0.375425,0.318131,0.330461
2021,GA Southern,9,101.846135,97.06376,70.035577,-0.856437,2.913244,0,4,3,0,0.32476,0,0.319079,0.20539,0.320539,0.679461,0.301432,0.472303,0.115326,0.055466,0.395833,0.405571,0.324031,0.307312
2021,Gardner-Webb,7,106.751883,101.183005,66.866346,3.107424,5.869797,0,1,9,0,0.532333,0,0.360809,0.174861,0.267039,0.732961,0.299659,0.520737,0.088006,0.0719,0.438908,0.375021,0.339659,0.331156
2021,George Fox,14,82.995062,115.271836,72.125,3.40753,-18.395202,0,0,1,0,0.005344,0,0.37931,0.207972,0.15,0.85,0.288462,0.578947,0.124783,0,0.557692,0.395718,0.332665,0.393339
2021,George Mason,5,103.665807,95.226745,71.006818,9.220882,10.194326,2,6,1,0,0.660321,0,0.328542,0.18052,0.304556,0.695444,0.292502,0.49654,0.101783,0.060814,0.361544,0.388768,0.335522,0.314667
2021,Georgetown,3,107.654458,99.041775,70.577,18.700089,17.854459,10,2,0,0,0.655189,0,0.366197,0.217068,0.290547,0.709453,0.302802,0.516908,0.08388,0.054975,0.388243,0.381625,0.337189,0.31359
2021,Georgia,4,107.177113,96.74129,76.218269,15.845477,14.237827,8,2,0,0,0.40258,0,0.324165,0.219007,0.328852,0.671148,0.344978,0.529973,0.111017,0.032296,0.31753,0.370739,0.328021,0.32207
2021,Georgia St,5,111.736581,99.446855,72.448864,2.499109,9.990477,1,9,0,0,0.761654,0,0.358149,0.160615,0.302663,0.697337,0.306638,0.568567,0.098502,0.060858,0.358586,0.391143,0.336499,0.315659
2021,Georgia Tech,2,113.979353,98.952115,69.675,15.972583,20.242347,11,4,0,0,0.76053,0,0.349353,0.159598,0.264935,0.735065,0.289905,0.578417,0.132042,0.048798,0.369031,0.378936,0.347295,0.293933
2021,Gonzaga,1,127.611332,108.568931,75.317308,15.166443,35.946447,22,3,0,0,0.872344,0,0.365385,0.160858,0.252535,0.747465,0.366005,0.536036,0.110303,0.037789,0.322581,0.37007,0.340078,0.304032
2021,Grambling,11,92.723193,95.66275,72.236458,-1.562524,-2.629667,0,1,6,1,0.596469,0,0.331565,0.213419,0.256348,0.743652,0.421173,0.599644,0.111901,0.042107,0.287129,0.347317,0.315683,0.35781
2021,Grand Canyon,3,111.835788,94.105185,68.170652,2.824713,15.264551,1,9,0,0,0.616039,0,0.331915,0.191973,0.269273,0.730727,0.321918,0.574303,0.071432,0.043369,0.357686,0.392243,0.332258,0.319178
2021,Green Bay,10,104.437026,108.229344,69.649,4.673822,-0.117752,0,0,8,0,0.429119,0,0.332681,0.154489,0.281518,0.718482,0.272727,0.536585,0.079255,0.051688,0.339084,0.387269,0.341676,0.302988
2021,Greensboro,15,74.829733,119.231556,73.585,4.905733,-27.093648,0,0,1,0,0.173903,0,0.27907,0.217436,0.335526,0.664474,0.203883,0.530612,0.103282,0.029897,0.417476,0.401984,0.34594,0.323318
2021,Greenville,16,92.190644,144.605991,110.925,5.827545,-54.70579,0,0,0,0,0.000127,0,0.25,0.174292,0.5,0.45,0.228477,0.443396,0.111186,0.015025,0.582781,0.358891,0.359557,0.266492
2021,Hampton,12,98.203871,104.394198,70.129,0.11975,-4.151341,0,1,12,0,0.380754,0,0.332136,0.18138,0.233412,0.766588,0.286013,0.471729,0.086697,0.084986,0.387613,0.379145,0.331683,0.336978
2021,Hardin-Sim,13,92.010522,115.92294,78.15,8.797085,-11.503367,0,0,0,0,0.007034,0,0.434783,0.262316,0.25,0.75,0.239316,0.55102,0.076775,0.03199,0.393162,0.384732,0.354868,0.309184
2021,Hartford,7,101.230837,98.697034,66.306522,5.39952,6.901598,1,5,3,0,0.575017,0,0.326454,0.190813,0.245085,0.754915,0.286171,0.46593,0.10557,0.030819,0.426059,0.383959,0.330116,0.315329
2021,Hawai'i,7,104.894143,97.419974,69.552381,5.689219,7.505274,2,1,2,0,0.478443,0,0.359649,0.199233,0.288564,0.711436,0.311258,0.460674,0.081473,0.021909,0.377483,0.341457,0.339344,0.308412
2021,Hawai'i Hilo,13,84.284749,107.487599,80.825,7.505274,-12.297903,0,0,0,0,0.007413,0,0.2,0.173214,0.285714,0.714286,0.435484,0.217391,0.111352,0.037117,0.322581,0.377483,0.359649,0.311258
2021,Hawaii Pac,14,71.80706,112.21231,72.275,7.505274,-22.297903,0,0,0,0,0.001425,0,0.263158,0.290557,0.178571,0.821429,0.173077,0.5,0.06918,0.027672,0.365385,0.377483,0.359649,0.311258
2021,High Point,10,98.985476,102.30445,67.833333,2.015365,-0.658766,0,2,8,1,0.40606,0,0.290404,0.186118,0.327465,0.672535,0.383198,0.51773,0.096437,0.055897,0.29182,0.402862,0.341122,0.305402
2021,Hofstra,7,108.332537,103.0575,69.148913,7.176474,7.490816,1,7,0,0,0.592115,0,0.330171,0.175425,0.295343,0.704657,0.330104,0.492437,0.095572,0.042756,0.392697,0.371688,0.33521,0.326667
2021,Holy Cross,8,103.84322,104.816097,70.3,9.659759,3.824685,0,5,2,0,0.337875,0,0.353503,0.183144,0.288719,0.711281,0.260504,0.456265,0.097795,0.05601,0.329832,0.366645,0.341446,0.29009
2021,Hou Christian,12,95.937388,106.132453,74.885,3.06265,-5.793965,0,0,6,0,0.297138,0,0.343537,0.223276,0.269412,0.730588,0.279273,0.56063,0.094011,0.049142,0.395693,0.369621,0.344272,0.30388
2021,Houston,1,120.673714,98.704005,66.838889,12.940884,30.084515,16,9,0,0,0.847868,0,0.360515,0.162358,0.348649,0.651351,0.296875,0.515562,0.122461,0.06982,0.420072,0.366887,0.328321,0.332713
2021,Howard,12,101.600881,113.279665,73.25,7.109295,-6.370032,0,0,0,0,0.19711,0,0.308943,0.196587,0.231638,0.768362,0.388693,0.601626,0.07099,0.068259,0.434629,0.346443,0.345424,0.289944
2021,Howard Payne,16,67.784648,129.25513,81.075,7.775529,-43.27529,0,0,0,0,0.000594,0,0.254545,0.320691,0.254098,0.745902,0.310502,0.588235,0.046253,0.012334,0.502283,0.358481,0.361097,0.323895
2021,Idaho,12,92.386772,109.26309,68.1875,8.173998,-7.092247,0,1,4,0,0.121794,0,0.340782,0.23998,0.231355,0.768645,0.295675,0.543967,0.072661,0.028664,0.315975,0.367048,0.349036,0.338101
2021,Idaho St,9,100.541276,92.931049,67.15,-2.956563,3.40753,1,3,0,0,0.515769,0,0.332665,0.222139,0.280925,0.719075,0.393339,0.488372,0.067014,0.051502,0.395718,0.368375,0.328391,0.307038
2021,Illinois,1,119.642553,94.857334,72.164655,19.502395,31.302647,21,1,0,0,0.766574,0,0.375954,0.182055,0.267065,0.732935,0.391916,0.555817,0.079321,0.039182,0.306971,0.38422,0.34286,0.316244
2021,Illinois St,8,103.120455,101.885971,71.588,7.430898,4.71899,0,5,0,0,0.253673,0,0.344523,0.19277,0.23723,0.76277,0.251862,0.5081,0.083813,0.046935,0.383209,0.394538,0.339056,0.285024
2021,Incarnate Word,12,98.705725,105.40234,68.435227,-1.691103,-5.900869,0,0,7,0,0.227088,0,0.374165,0.205237,0.248538,0.751462,0.337012,0.513359,0.078375,0.027232,0.381154,0.350351,0.338002,0.309339
2021,Indiana,2,106.972669,92.194595,69.827778,20.429585,20.526085,10,0,0,0,0.304063,0,0.32377,0.170791,0.261522,0.738478,0.41457,0.574924,0.082213,0.053571,0.323179,0.373772,0.34303,0.314774
2021,Indiana St,5,103.82919,95.210819,66.459,10.850262,11.402294,1,12,0,0,0.669678,0,0.334081,0.181766,0.26005,0.73995,0.359492,0.460345,0.098707,0.043937,0.333333,0.391784,0.355906,0.27345
2021,Iona,6,104.380457,98.57103,70.054412,3.620945,9.023401,0,4,3,0,0.681137,0,0.354749,0.223356,0.296703,0.703297,0.360673,0.560284,0.097403,0.056259,0.376446,0.3771,0.325542,0.348342
2021,Iowa,1,123.998814,102.524865,71.302586,18.655868,29.004283,17,1,0,0,0.667299,0,0.386085,0.133477,0.280928,0.719072,0.320283,0.643105,0.078345,0.063353,0.398586,0.36285,0.33888,0.322553
2021,Iowa State,6,99.463916,101.942686,70.648958,18.954429,7.695809,0,0,0,0,0.056428,0,0.320513,0.210548,0.271768,0.728232,0.196037,0.470389,0.092004,0.044233,0.386412,0.358037,0.348963,0.335978
2021,IU Indy,11,99.188605,103.361458,72.547222,3.1188,-1.314074,0,0,6,0,0.488317,0,0.34375,0.191446,0.276316,0.723684,0.304958,0.528761,0.094957,0.030631,0.389149,0.362668,0.325269,0.306248
2021,Jackson St,10,90.355838,88.529225,71.802778,-2.917155,0.571456,0,0,0,0,0.854996,0,0.340136,0.214322,0.285068,0.714932,0.420319,0.478589,0.113737,0.04565,0.292829,0.337274,0.315671,0.346936
2021,Jacksonville,10,97.534396,99.557156,69.553125,1.04704,-0.869237,0,1,6,0,0.236601,0,0.323194,0.205478,0.25875,0.74125,0.340152,0.466205,0.098246,0.037741,0.398485,0.388423,0.340246,0.29197
2021,James Madison,5,109.252775,96.438169,72.22,3.174246,9.545245,1,6,1,0,0.683334,0,0.341564,0.168236,0.294511,0.705489,0.386345,0.508287,0.103157,0.028385,0.404663,0.396311,0.327232,0.309086
2021,Jax State,6,108.238805,98.783637,68.985185,1.695936,7.518526,1,6,1,0,0.771208,0,0.355519,0.193278,0.287214,0.712786,0.316327,0.529737,0.072479,0.050467,0.392857,0.395352,0.338797,0.28764
2021,Jessup,14,84.897163,116.58555,72.165,5.804309,-17.437885,0,0,1,0,0.014498,0,0.266667,0.241114,0.299363,0.700637,0.231834,0.518182,0.0776,0.024943,0.467128,0.376022,0.33365,0.357622
2021,Judson,16,55.186018,126.477531,73.4875,7.989015,-45.310961,0,0,0,0,0.000223,0,0.152174,0.285763,0.318182,0.681818,0.181034,0.580645,0.108862,0.020412,0.396552,0.38575,0.308023,0.256214
2021,Kansas,1,111.474181,97.034216,69.490179,17.911943,23.411539,10,9,0,0,0.770129,0,0.34375,0.177826,0.299812,0.700188,0.304893,0.519674,0.098678,0.05859,0.362768,0.369904,0.344177,0.314647
2021,Kansas Chrstn,16,56.703926,135.018748,70.675,4.347869,-49.952588,0,0,0,0,0.000025,0,0.219512,0.318359,0.270833,0.729167,0.268041,0.642857,0.099045,0.028299,0.42268,0.315015,0.366093,0.293344
2021,Kansas City,8,104.378462,95.179815,66.501042,-3.060039,4.347869,0,2,2,0,0.581855,0,0.366093,0.187967,0.241096,0.758904,0.293344,0.55296,0.119046,0.031328,0.315015,0.387631,0.33082,0.330863
2021,Kansas St,6,99.19936,99.33844,66.503448,17.949194,8.507467,1,5,0,0,0.408762,0,0.296124,0.223478,0.310598,0.689402,0.289157,0.580894,0.08348,0.022814,0.409004,0.36339,0.352623,0.305327
2021,Keene State,15,72.063158,122.124425,75.7,2.082696,-33.7149,0,0,1,0,0.000525,0,0.4,0.250991,0.233333,0.766667,0.206897,0.35,0.03963,0.03963,0.258621,0.360889,0.317734,0.318222
2021,Kennesaw St,12,94.217435,99.284758,69.83125,1.370158,-3.371053,0,0,10,0,0.234516,0,0.311787,0.203467,0.263804,0.736196,0.295806,0.455342,0.082341,0.035801,0.387049,0.398489,0.348377,0.285967
2021,Kent State,4,109.69898,97.358266,71.372826,6.403439,12.012536,2,5,0,0,0.575569,0,0.326279,0.190061,0.323333,0.676667,0.277235,0.519685,0.095031,0.046297,0.39595,0.389342,0.339218,0.28348
2021,Kentucky,2,106.558173,92.391891,70.671,19.671542,19.951674,7,2,0,0,0.437228,0,0.336134,0.197535,0.315457,0.684543,0.344851,0.508943,0.088862,0.083768,0.322493,0.369958,0.337535,0.327352
2021,La Salle,7,101.246272,101.363618,69.888,10.952194,6.153057,3,4,1,0,0.22673,0,0.340314,0.206616,0.282268,0.717732,0.242257,0.50237,0.106456,0.047505,0.394357,0.392803,0.329467,0.307781
2021,La Sierra,15,75.756637,130.375131,76.65,15.161541,-31.64143,0,0,0,0,0.000084,0,0.291667,0.365297,0.25,0.75,0.291667,0.842105,0.078278,0.039139,0.5,0.241486,0.338462,0.293498
2021,Lady of Lake,14,83.43623,112.441961,81.275,6.372707,-18.267904,0,1,4,0,0.10514,0,0.245455,0.198093,0.279365,0.720635,0.257967,0.471074,0.108274,0.033221,0.333839,0.379093,0.340368,0.309985
2021,Lafayette,8,108.04017,104.058137,72.765,3.725352,4.088015,0,4,2,0,0.470975,0,0.360335,0.149339,0.253333,0.746667,0.302802,0.6,0.086122,0.046726,0.385776,0.318552,0.314857,0.326573
2021,Lamar,11,94.96345,101.372691,70.378571,4.110387,-1.968766,0,2,5,0,0.586392,0,0.31236,0.200954,0.27818,0.72182,0.308458,0.495522,0.101492,0.05988,0.276741,0.373503,0.343704,0.321877
2021,Lander,15,84.210356,124.418105,77.65,8.791615,-24.00769,0,0,0,0,0.000865,0,0.25,0.218931,0.214286,0.785714,0.233333,0.416667,0.07727,0.090148,0.4,0.398817,0.359143,0.281866
2021,Lee,7,79.683604,84.660805,69.975,11.263622,5.464278,0,0,0,0,0.063849,0,0.388889,0.271526,0.292683,0.707317,0.396226,0.666667,0.085745,0.042872,0.339623,0.406073,0.349565,0.298729
2021,Lehigh,11,96.750831,104.690018,71.948333,5.072199,-2.551844,0,4,4,0,0.304217,0,0.316017,0.181612,0.262956,0.737044,0.278579,0.492268,0.083393,0.029651,0.256382,0.360374,0.3366,0.32257
2021,LeTourneau,15,75.718874,114.321598,85.245,5.853897,-27.346866,0,0,1,0,0.002904,0,0.252874,0.20881,0.283133,0.716867,0.141667,0.483333,0.107924,0.042231,0.483333,0.341232,0.320419,0.341169
2021,Lewis,13,84.553168,116.196966,69.9875,17.050589,-10.249423,0,0,0,0,0.002343,0,0.37931,0.150027,0.275862,0.724138,0.168,0.545455,0.08573,0.007144,0.232,0.371791,0.34327,0.27739
2021,Liberty,4,116.67353,96.936004,64.135714,-0.282684,13.579803,1,2,2,0,0.875253,0,0.390541,0.150908,0.212607,0.787393,0.237573,0.586071,0.071277,0.035639,0.477728,0.384372,0.330393,0.290448
2021,Limestone,15,77.992014,122.240043,75.4125,6.87922,-26.919735,0,0,0,0,0.000826,0,0.298246,0.311619,0.25,0.75,0.254717,0.55,0.059672,0.039781,0.537736,0.400268,0.357986,0.339045
2021,Lincoln (PA),12,100.306396,113.043769,79.2125,5.248826,-4.550051,0,0,0,0,0.044806,0,0.3,0.220925,0.315789,0.684211,0.338583,0.381818,0.113618,0.056809,0.393701,0.387963,0.341855,0.300754
2021,Lipscomb,9,103.916519,99.875527,68.515741,0.058329,2.44387,1,2,7,0,0.601602,0,0.351494,0.176223,0.22658,0.77342,0.336906,0.52984,0.090274,0.02865,0.381112,0.40274,0.326372,0.270743
2021,Little Rock,8,101.722662,99.000233,68.368269,3.567718,3.598355,0,6,4,0,0.257681,0,0.311441,0.220525,0.290646,0.709354,0.369022,0.554859,0.092823,0.048381,0.336902,0.353044,0.346129,0.283061
2021,LMU,4,106.502294,94.74176,68.325,13.664492,14.871637,7,3,0,0,0.571296,0,0.3375,0.23351,0.284974,0.715026,0.413252,0.533333,0.068523,0.038586,0.348736,0.368687,0.325344,0.313084
2021,Lncstr Bible,14,91.173426,120.915651,70.725,-0.071077,-17.870219,0,0,0,1,0.080413,0,0.346154,0.261577,0.369863,0.630137,0.181818,0.541667,0.063627,0.042418,0.429752,0.44681,0.349742,0.269674
2021,Long Beach St,9,99.335147,101.155539,76.423611,7.992029,2.67813,0,2,1,0,0.356866,0,0.358757,0.209359,0.233333,0.766667,0.377268,0.450644,0.081418,0.037801,0.338109,0.347108,0.347138,0.315997
2021,Long Island,9,99.816419,96.837856,74.722222,2.237033,3.294925,0,1,4,0,0.417081,0,0.286938,0.192565,0.340426,0.659574,0.311688,0.611691,0.113011,0.051301,0.404329,0.361238,0.336188,0.312356
2021,Longwood,10,100.676055,105.312162,66.23125,2.004769,0.64002,0,2,9,1,0.571631,0,0.345423,0.1979,0.288482,0.711518,0.314997,0.445619,0.093288,0.026962,0.379175,0.39011,0.336393,0.323506
2021,Louisiana,7,103.64411,98.263617,72.881731,4.520066,5.766,1,8,3,0,0.488156,0,0.347744,0.204757,0.311587,0.688413,0.288114,0.465638,0.07652,0.064382,0.331052,0.339832,0.354214,0.304577
2021,Louisiana Tech,3,106.700544,102.008655,71.066071,9.215451,16.271467,9,8,0,0,0.759772,0,0.341503,0.182928,0.259158,0.740842,0.345122,0.480164,0.090962,0.038696,0.373171,0.357877,0.338126,0.298564
2021,Louisville,3,108.47381,94.500224,66.24,16.83511,17.805547,9,3,0,0,0.408198,0,0.308357,0.172856,0.294503,0.705497,0.321117,0.447368,0.072464,0.027929,0.302792,0.386681,0.345781,0.292929
2021,Loyola (LA),13,77.427698,102.663755,71.075,4.147474,-12.652614,0,0,0,0,0.012056,0,0.2,0.253254,0.325581,0.674419,0.288136,0.368421,0.056279,0.042209,0.338983,0.301576,0.31829,0.280802
2021,Loyola Chicago,1,114.08276,93.28604,64.4125,8.798461,23.559748,7,15,0,0,0.777248,0,0.368132,0.18519,0.223195,0.776805,0.31456,0.601361,0.107566,0.037149,0.375,0.372703,0.341648,0.276718
2021,Loyola MD,6,103.23997,97.300136,71.336765,6.129508,7.873246,0,5,1,0,0.519658,0,0.305648,0.202024,0.298905,0.701095,0.353831,0.479393,0.095652,0.044528,0.303427,0.363723,0.350886,0.299359
2021,LSU,1,118.652268,104.355908,73.041667,17.815597,24.03625,12,5,0,0,0.597368,0,0.350318,0.16074,0.299807,0.700193,0.339835,0.423469,0.110541,0.03803,0.371158,0.367558,0.33272,0.329018
2021,LSU Alexandria,12,101.331402,120.867485,79.358333,11.094626,-7.37236,0,0,0,0,0.014944,0,0.347826,0.193216,0.246914,0.753086,0.308108,0.358025,0.096608,0.025202,0.372973,0.317514,0.353466,0.327448
2021,LSU Shreveport,11,98.451389,108.946233,75.7,5.766,-2.034224,0,0,0,0,0.048245,0,0.290323,0.11889,0.352941,0.647059,0.164384,0.407407,0.10568,0.03963,0.424658,0.331052,0.347744,0.288114
2021,M Hrdn-Blr,15,79.550055,127.504158,76.55,7.074992,-30.225562,0,0,0,0,0.000422,0,0.282051,0.306989,0.294118,0.705882,0.330275,0.404762,0.071848,0.013063,0.357798,0.337816,0.368212,0.292808
2021,Maine,12,83.285071,96.686888,65.380556,5.860769,-3.803757,0,0,2,0,0.235269,0,0.315271,0.249819,0.245552,0.754448,0.272124,0.627907,0.086672,0.067978,0.449115,0.396132,0.324081,0.316536
2021,Malone,7,109.745562,114.030662,78.65,12.042084,5.242476,0,0,0,0,0.055604,0,0.296296,0.216147,0.380952,0.619048,0.197183,0.333333,0.025429,0,0.380282,0.460777,0.332822,0.30318
2021,Manhattan,11,91.490008,95.664181,69.80875,1.915564,-2.091518,0,1,6,0,0.251705,0,0.264368,0.206278,0.349448,0.650552,0.354506,0.539863,0.110301,0.053002,0.373391,0.366868,0.33117,0.34083
2021,Marist,9,94.022179,93.24203,67.844048,1.515578,1.632867,0,2,5,0,0.493732,0,0.310044,0.212673,0.214674,0.785326,0.315364,0.482105,0.080015,0.058959,0.4115,0.373812,0.322171,0.331992
2021,Marquette,3,107.114214,95.357576,68.925926,16.948724,16.637941,9,1,0,0,0.489061,0,0.322523,0.20849,0.263534,0.736466,0.350404,0.503782,0.073616,0.053735,0.373989,0.360851,0.336538,0.29833
2021,Mars Hill,16,69.787774,133.648652,72.75,3.026433,-41.772639,0,0,1,0,0.000117,0,0.263158,0.247423,0.419355,0.580645,0.15873,0.473684,0.068729,0.068729,0.301587,0.357955,0.313492,0.396307
2021,Marshall,3,111.44821,95.50579,73.665909,8.494902,15.42236,4,4,0,0,0.694059,0,0.359788,0.162281,0.235219,0.764781,0.241679,0.532012,0.10613,0.070342,0.410275,0.378297,0.345793,0.306825
2021,Maryland,2,110.800769,99.637579,66.019828,18.857421,21.39339,11,5,0,0,0.596569,0,0.352941,0.169228,0.194819,0.805181,0.337247,0.550787,0.075735,0.051186,0.432485,0.374226,0.336243,0.308563
2021,McKendree,12,97.698714,116.474514,71.4375,11.17268,-4.627261,0,0,0,0,0.018618,0,0.358491,0.23797,0.368421,0.631579,0.211864,0.408163,0.111986,0.034996,0.449153,0.334266,0.354067,0.264656
2021,McMurry,15,75.536784,121.948854,75.06875,1.729919,-30.821016,0,0,2,0,0.003715,0,0.325581,0.299725,0.292683,0.707317,0.219731,0.522727,0.066606,0.049954,0.38565,0.348074,0.369868,0.347421
2021,McNeese,11,105.517207,102.039354,73.253125,-11.689468,-3.281729,0,0,9,0,0.42099,0,0.387833,0.204201,0.284598,0.715402,0.286401,0.616992,0.097834,0.027871,0.361264,0.349761,0.314855,0.293899
2021,MD West St,11,107.168275,123.657145,68.45,9.836938,-2.963679,0,0,0,0,0.022739,0,0.28,0.292184,0.405405,0.594595,0.415094,0.608696,0.043828,0.043828,0.471698,0.248536,0.3367,0.420921
2021,Memphis,2,103.543784,95.955465,72.807292,12.966094,22.187359,11,6,0,0,0.785052,0,0.354455,0.223192,0.30512,0.69488,0.34179,0.6144,0.124186,0.066958,0.355884,0.380017,0.335128,0.328372
2021,Mercer,5,109.995019,98.609241,71.19569,6.37107,11.192454,1,6,1,0,0.586969,0,0.371471,0.180658,0.239316,0.760684,0.249137,0.575721,0.096868,0.041653,0.387227,0.423617,0.334365,0.277046
2021,Merch Marn,16,49.17322,130.295552,69.65,9.226327,-48.571495,0,0,0,0,0.000013,0,0.090909,0.22972,0.266667,0.733333,0.254545,0.454545,0.071788,0.014358,0.4,0.409796,0.330677,0.281633
2021,Mercyhurst,9,94.253218,106.647371,72.175,15.942441,2.142844,0,0,0,0,0.019442,0,0.304348,0.166263,0.275862,0.724138,0.209677,0.347826,0.138552,0.013855,0.370968,0.310819,0.338028,0.298311
2021,Merrimack,9,97.785975,96.687816,68.361111,2.381478,1.994925,0,0,3,0,0.508599,0,0.316583,0.199106,0.223022,0.776978,0.310238,0.497696,0.117026,0.055262,0.411582,0.360432,0.332894,0.312517
2021,Miami,5,102.665178,98.364353,68.351852,15.587857,10.358781,6,1,1,0,0.309262,0,0.295276,0.184232,0.271186,0.728814,0.328084,0.471406,0.096993,0.056353,0.333333,0.397466,0.348398,0.292754
2021,Miami OH,7,108.863911,103.683447,67.708696,5.932922,6.62885,0,3,0,0,0.39938,0,0.364815,0.159892,0.283208,0.716792,0.2542,0.464883,0.065498,0.037886,0.394449,0.370464,0.335007,0.288792
2021,Michigan,1,119.834845,105.736495,67.458333,19.434597,29.499056,19,3,0,0,0.622287,0,0.386752,0.164299,0.243604,0.756396,0.289436,0.555389,0.065473,0.06362,0.33864,0.38459,0.342286,0.325746
2021,Michigan St,3,106.683212,99.836489,69.135185,19.500507,17.365018,11,1,0,0,0.477478,0,0.320298,0.188573,0.289655,0.710345,0.31385,0.640719,0.065893,0.067501,0.341169,0.383212,0.348228,0.31537
2021,Milwaukee,9,104.590793,103.466766,72.969318,3.029586,2.739089,1,1,7,0,0.396156,0,0.328512,0.151994,0.258442,0.741558,0.331602,0.484694,0.083472,0.029278,0.35905,0.372615,0.341676,0.303892
2021,Minnesota,3,107.500225,94.601615,72.10431,19.792969,18.330964,10,2,0,0,0.226314,0,0.283562,0.154948,0.31865,0.68135,0.367336,0.566761,0.087517,0.064083,0.406912,0.372615,0.349392,0.324336
2021,Miss Valley St,15,78.276065,117.515076,73.654167,3.181858,-25.893529,0,0,8,5,0.187205,0,0.328725,0.243254,0.222964,0.777036,0.246474,0.55,0.062228,0.040165,0.483296,0.33811,0.324272,0.355869
2021,Mississippi St,3,105.954659,105.583561,68.512931,15.557328,17.430073,10,5,0,0,0.56977,0,0.334812,0.218433,0.319579,0.680421,0.328709,0.503347,0.093111,0.067946,0.272014,0.380215,0.339537,0.315462
2021,Missouri,2,109.985126,98.144317,71.321,19.238941,20.492727,10,6,0,0,0.325721,0,0.32037,0.188444,0.278027,0.721973,0.374566,0.510836,0.094222,0.049354,0.375261,0.365059,0.337474,0.321098
2021,Missouri S&T,15,72.032911,123.389022,73.175,14.486146,-27.31393,0,0,0,0,0.000193,0,0.25641,0.204988,0.40625,0.59375,0.2,0.625,0.095661,0.013666,0.6,0.386637,0.349515,0.311562
2021,Missouri St,4,109.976307,94.144426,68.505208,8.019543,14.486146,0,15,0,0,0.78556,0,0.349515,0.185509,0.214205,0.785795,0.311562,0.510204,0.068121,0.041968,0.386637,0.390117,0.340079,0.275694
2021,Mobile,14,91.285782,124.080219,68.875,9.152879,-16.780131,0,0,0,0,0.008843,0,0.376344,0.217786,0.316832,0.683168,0.19774,0.515625,0.053237,0.043557,0.525424,0.415205,0.365837,0.313182
2021,Monmouth,8,101.121079,96.929372,75.915,2.694996,4.607944,0,1,2,0,0.553632,0,0.363208,0.176513,0.264352,0.735648,0.381729,0.540541,0.109333,0.046104,0.34584,0.374558,0.320483,0.337011
2021,Montana,6,103.875571,95.643349,69.041071,4.00096,7.86274,2,4,1,0,0.564377,0,0.362353,0.191915,0.231931,0.768069,0.365918,0.51076,0.070869,0.037245,0.280713,0.363467,0.334041,0.311271
2021,Montana St,7,105.419568,100.51374,70.896739,2.803103,5.444031,0,7,2,0,0.403372,0,0.329466,0.176619,0.2574,0.7426,0.396764,0.433447,0.079111,0.03189,0.332049,0.384032,0.343881,0.31279
2021,Morehead St,6,103.422701,96.71316,67.470833,4.009457,8.719498,2,7,1,0,0.752555,0,0.350534,0.226765,0.274667,0.725333,0.359151,0.517615,0.065213,0.074106,0.351031,0.384038,0.340934,0.300699
2021,Morgan St,8,104.03777,96.735815,76.092045,-2.283927,4.344595,0,3,6,1,0.595845,0,0.343396,0.205493,0.339061,0.660939,0.359251,0.541528,0.103344,0.048984,0.381569,0.407073,0.333236,0.361285
2021,Mount Marty,15,70.198694,121.117932,70.825,10.965558,-27.335052,0,0,0,0,0.000357,0,0.25,0.190611,0.22,0.78,0.117647,0.6,0.063537,0.042358,0.504202,0.340232,0.396526,0.351206
2021,Mount St Marys,7,100.906075,100.137107,64.052273,4.038493,5.457929,0,3,5,0,0.590389,0,0.337182,0.204379,0.291108,0.708892,0.29698,0.505906,0.068836,0.064578,0.363255,0.359094,0.32665,0.318679
2021,MT ALOY,14,80.996556,114.928209,63.8,3.026433,-16.772639,0,0,1,0,0.007413,0,0.363636,0.250784,0.157895,0.842105,0.170213,0.578947,0.062696,0,0.468085,0.357955,0.313492,0.396307
2021,Mt St Jsph,15,84.474963,129.518975,63.241667,4.924608,-23.608596,0,0,1,0,0.010651,0,0.315789,0.226644,0.16129,0.83871,0.21831,0.559322,0.073791,0.036896,0.401408,0.357424,0.35166,0.299927
2021,MTSU,10,91.797714,98.186573,69.868478,8.741592,-0.275649,0,3,2,0,0.211168,0,0.323864,0.214689,0.290365,0.709635,0.257748,0.448141,0.102055,0.032359,0.399093,0.36779,0.336932,0.302432
2021,Murray St,6,109.337248,96.370095,69.647115,-0.961484,8.415777,0,3,4,0,0.528002,0,0.368056,0.191625,0.257721,0.742279,0.254271,0.574637,0.096641,0.050253,0.378449,0.391384,0.33412,0.296711
2021,N Arizona,11,99.02197,109.813924,65.95,9.198186,-1.731458,0,3,2,0,0.308121,0,0.350126,0.17851,0.283439,0.716561,0.304094,0.471287,0.082707,0.023434,0.331662,0.36249,0.352986,0.344213
2021,N Colorado,8,102.34067,97.79297,69.726136,3.516595,4.677738,1,3,2,0,0.511033,0,0.376894,0.201437,0.233509,0.766491,0.312039,0.440801,0.061931,0.038462,0.432432,0.349092,0.329798,0.321107
2021,N Dakota St,5,106.473307,98.388715,67.073148,7.131907,9.679506,1,6,1,0,0.508827,0,0.340741,0.18664,0.256513,0.743487,0.336016,0.432473,0.05798,0.038101,0.362173,0.363591,0.36239,0.323915
2021,N Illinois,13,94.186719,111.519598,67.930263,7.005069,-7.931419,1,0,4,0,0.20825,0,0.323988,0.20222,0.355263,0.644737,0.238845,0.447368,0.085227,0.050361,0.28084,0.392047,0.336573,0.292499
2021,N Kentucky,9,107.466733,105.020229,67.11,3.239562,3.104028,1,2,5,0,0.657378,0,0.306507,0.185963,0.350917,0.649083,0.27759,0.448328,0.095962,0.024437,0.395396,0.379194,0.344943,0.29627
2021,N'Western St,11,99.026549,105.439493,74.508621,4.458262,-1.983753,0,0,4,0,0.553354,0,0.348259,0.193914,0.28904,0.71096,0.296421,0.488312,0.093486,0.039338,0.337248,0.354478,0.3395,0.324711
2021,Navy,5,107.324111,96.285821,68.022222,6.318293,10.287199,1,9,0,0,0.756227,0,0.326471,0.18213,0.323296,0.676704,0.330134,0.476395,0.120059,0.035119,0.326296,0.364472,0.337105,0.312777
2021,NC A&T,11,97.003086,98.583352,74.014286,-1.706057,-1.686598,0,0,4,0,0.747007,0,0.319347,0.189153,0.319293,0.680707,0.367636,0.531716,0.117738,0.036029,0.336999,0.35414,0.319093,0.303803
2021,NC Central,12,94.746533,101.921734,70.641071,-1.438856,-5.795598,0,0,6,0,0.402958,0,0.339286,0.207285,0.293722,0.706278,0.329962,0.507508,0.103137,0.039435,0.353982,0.323968,0.322481,0.320785
2021,NC State,3,111.601847,105.034784,68.758696,14.620833,17.613412,6,5,0,0,0.57441,0,0.364706,0.186538,0.308411,0.691589,0.320425,0.491883,0.122672,0.065762,0.322703,0.396016,0.347099,0.298767
2021,NC Wesleyan,14,84.496229,122.147877,72.395,6.989609,-20.609712,0,0,1,0,0.004045,0,0.28125,0.281787,0.255319,0.744681,0.407258,0.472727,0.069066,0.035914,0.258065,0.389983,0.336497,0.324385
2021,Nebraska,4,101.880566,94.633865,73.371296,18.645396,13.912153,3,2,0,0,0.240448,0,0.333333,0.19182,0.24565,0.75435,0.311097,0.549925,0.097424,0.044421,0.426434,0.389144,0.345542,0.318284
2021,Nelson,16,71.000664,139.819581,71.625,3.40753,-44.395202,0,0,2,0,0.000513,0,0.215686,0.209424,0.385965,0.614035,0.247934,0.222222,0.09075,0.013962,0.421488,0.395718,0.332665,0.393339
2021,Nevada,4,108.61698,95.321751,70.307692,10.865645,14.740918,6,6,1,0,0.586358,0,0.354497,0.180525,0.229526,0.770474,0.387543,0.578947,0.079322,0.04267,0.392388,0.391677,0.334024,0.312831
2021,New Hampshire,9,99.063524,96.771894,68.371053,1.954111,2.082696,0,7,3,0,0.568029,0,0.317734,0.160887,0.290368,0.709632,0.318222,0.471239,0.080059,0.042339,0.360889,0.382734,0.336051,0.318469
2021,New Mexico,10,94.990636,100.425449,70.106818,5.388453,-0.194951,0,1,1,1,0.244031,0,0.274869,0.212662,0.346841,0.653159,0.326938,0.51487,0.081694,0.056407,0.29317,0.404333,0.33124,0.313182
2021,New Mexico St,5,107.926081,95.079604,66.62375,3.449659,11.197656,0,5,1,0,0.696623,0,0.316456,0.182367,0.32964,0.67036,0.312284,0.506098,0.075048,0.036023,0.478374,0.354965,0.33663,0.348569
2021,New Orleans,10,101.106593,101.346335,75.257,0.492745,0.436239,0,0,6,0,0.611019,0,0.328537,0.223767,0.278409,0.721591,0.327236,0.556188,0.100987,0.037206,0.28252,0.366301,0.339279,0.32454
2021,Newberry,10,116.345541,123.544795,72.95,3.423369,-0.375832,0,0,1,0,0.08311,0,0.592593,0.150788,0.407407,0.592593,0.027778,0.454545,0.054832,0.013708,0.375,0.419784,0.34139,0.332911
2021,Newman,14,60.640561,96.819757,78.75,17.249674,-17.550364,0,0,0,0,0.000621,0,0.130435,0.24127,0.307692,0.692308,0.149254,0.333333,0.126984,0,0.343284,0.406027,0.341797,0.36479
2021,Niagara,9,99.453019,98.112595,65.725,3.110349,2.883241,0,3,5,0,0.410755,0,0.312958,0.151388,0.259494,0.740506,0.345769,0.526786,0.089007,0.029669,0.372157,0.366857,0.32667,0.338549
2021,Nicholls,7,104.627704,97.467346,75.034,0.404965,5.948083,0,1,0,0,0.753822,0,0.320661,0.173788,0.286765,0.713235,0.276847,0.457766,0.121545,0.044247,0.375543,0.351474,0.333629,0.323663
2021,NJIT,10,97.702887,100.278302,68.826316,4.732551,1.018948,1,4,3,0,0.311745,0,0.305128,0.162117,0.283557,0.716443,0.341912,0.411364,0.097117,0.032117,0.358456,0.387365,0.331791,0.319763
2021,Norfolk St,9,103.852625,104.741677,72.368478,-0.240148,3.384815,0,7,3,0,0.752751,0,0.368098,0.180838,0.283529,0.716471,0.383935,0.477157,0.087715,0.04566,0.360354,0.39281,0.320225,0.345399
2021,North Alabama,10,100.900678,97.315263,71.933333,-2.325351,1.025096,0,0,5,0,0.318095,0,0.337434,0.192308,0.282051,0.717949,0.291009,0.435897,0.081673,0.044601,0.390528,0.412391,0.334148,0.273658
2021,North Carolina,2,110.937727,94.191746,72.201786,17.492439,22.658325,12,5,0,0,0.614643,0,0.316532,0.204783,0.368073,0.631927,0.348666,0.55799,0.099918,0.065293,0.281658,0.380078,0.353137,0.298151
2021,North Dakota,10,100.616275,105.992909,69.920192,6.621114,0.359051,0,6,4,0,0.481,0,0.336879,0.187026,0.254739,0.745261,0.345942,0.491172,0.07371,0.030254,0.387895,0.360915,0.360733,0.319286
2021,North Florida,10,102.901733,108.088673,68.538043,3.827441,-0.867754,0,0,7,0,0.483862,0,0.3664,0.218222,0.271638,0.728362,0.25351,0.521053,0.064705,0.048212,0.48752,0.389444,0.336334,0.297138
2021,North Georgia,13,79.316382,102.24452,76.558333,11.407299,-9.058869,0,0,0,0,0.009103,0,0.238806,0.222053,0.232558,0.767442,0.180328,0.492537,0.104495,0.030478,0.36612,0.367858,0.351593,0.291994
2021,North Texas,3,110.002515,98.746166,65.592308,10.216771,17.680941,5,8,0,0,0.589292,0,0.375954,0.199953,0.257506,0.742494,0.27331,0.519461,0.103202,0.045151,0.372954,0.365776,0.335965,0.300978
2021,Northeastern,6,101.370253,96.292339,68.564474,9.557028,9.294738,1,7,1,0,0.577571,0,0.353712,0.197279,0.203852,0.796148,0.259579,0.512035,0.091347,0.033775,0.438697,0.371949,0.32937,0.323745
2021,Northeastern St,14,100.507584,134.633696,76.975,12.492786,-17.307281,0,0,0,0,0.001425,0,0.344828,0.220851,0.208333,0.791667,0.381818,0.653846,0.155895,0.012991,0.527273,0.399366,0.315476,0.329635
2021,Northern Iowa,6,103.751991,99.243593,69.302,9.821217,8.053091,1,7,0,0,0.498696,0,0.325175,0.188162,0.262921,0.737079,0.258727,0.508501,0.092927,0.03694,0.391513,0.383568,0.338833,0.269601
2021,Northwest U,15,72.923913,120.993306,72.883333,7.119188,-28.883037,0,0,2,0,0.018716,0,0.273438,0.258404,0.31383,0.68617,0.193732,0.606838,0.089184,0.027441,0.364672,0.389128,0.326765,0.342949
2021,Northwestern,3,106.177998,93.522481,70.251042,17.655659,17.464217,6,0,0,0,0.321121,0,0.353357,0.168444,0.222497,0.777503,0.270328,0.579901,0.08778,0.037366,0.403709,0.373081,0.335858,0.325599
2021,Notre Dame,3,114.084595,104.506826,67.266346,17.194889,15.664642,4,7,0,0,0.406605,0,0.367601,0.157239,0.215438,0.784562,0.258959,0.569956,0.063468,0.058322,0.434077,0.375812,0.344957,0.304372
2021,NW Nzarene,5,96.742634,90.161371,78.65,3.952707,10.149967,0,1,0,0,0.867861,0,0.388889,0.203433,0.307692,0.692308,0.205882,0.517241,0.13986,0.076287,0.264706,0.387266,0.294004,0.327341
2021,Oakland,10,104.625726,108.734376,73.053333,6.906554,1.226951,1,3,6,0,0.503273,0,0.332905,0.177952,0.328273,0.671727,0.332075,0.574386,0.113159,0.025552,0.419407,0.375076,0.34629,0.291763
2021,Oakwood,14,101.693943,133.841833,73.025,1.025096,-19.774422,0,0,1,0,0.006295,0,0.44,0.178021,0.272727,0.727273,0.316667,0.230769,0.041082,0.013694,0.416667,0.390528,0.337434,0.291009
2021,Ohio,4,115.599838,106.783751,71.85,8.704319,14.920672,5,5,0,0,0.758089,0,0.361111,0.16762,0.282147,0.717853,0.297933,0.600583,0.0944,0.029651,0.38489,0.379435,0.338992,0.286242
2021,Ohio State,1,120.452075,100.570471,68.228333,20.306227,26.061297,17,4,0,0,0.421917,0,0.364845,0.152918,0.268877,0.731123,0.3758,0.494937,0.067421,0.050321,0.393834,0.372614,0.34664,0.318314
2021,Oklahoma,2,112.483571,101.239073,70.278,17.445835,21.87517,6,8,0,0,0.413917,0,0.338409,0.15766,0.272326,0.727674,0.291365,0.501493,0.104727,0.048948,0.389585,0.370326,0.341401,0.309265
2021,Oklahoma St,2,110.173645,98.437139,74.283929,18.346145,22.10588,13,7,0,0,0.650051,0,0.338374,0.214428,0.286772,0.713228,0.363088,0.477419,0.098079,0.059136,0.319059,0.379955,0.348749,0.316171
2021,Old Dominion,5,103.015739,95.880694,68.355435,8.829932,9.760608,5,4,1,0,0.580187,0,0.288265,0.185094,0.269976,0.730024,0.315749,0.474403,0.109403,0.054701,0.299694,0.400131,0.340026,0.299929
2021,Ole Miss,2,107.354616,92.390774,67.641667,14.806345,19.64211,8,4,0,0,0.603308,0,0.299363,0.20314,0.33232,0.66768,0.34377,0.488201,0.113342,0.058588,0.307241,0.371566,0.335778,0.336342
2021,Olivet,16,75.961162,130.278768,85.3375,-2.265436,-44.065098,0,0,2,0,0.001389,0,0.316667,0.281236,0.176471,0.823529,0.277311,0.511111,0.076168,0.005859,0.504202,0.353828,0.32022,0.335891
2021,Omaha,11,95.454794,104.754677,72.564,7.661479,-1.827027,0,0,3,0,0.325109,0,0.335013,0.180255,0.250879,0.749121,0.291834,0.3776,0.077724,0.041343,0.26573,0.373721,0.352563,0.316119
2021,Oral Roberts,5,113.644099,112.790784,73.344231,6.163341,11.7905,4,3,1,0,0.660839,0,0.38992,0.156795,0.239344,0.760656,0.273346,0.448229,0.08705,0.055586,0.466296,0.352808,0.344696,0.332106
2021,Oregon,1,115.923234,102.04545,67.917308,18.288306,24.329682,17,2,0,0,0.672936,0,0.37913,0.168191,0.278231,0.721769,0.267987,0.488112,0.109862,0.053232,0.379538,0.358589,0.344864,0.331815
2021,Oregon St,2,112.339854,109.292752,66.606034,17.887479,20.122317,16,3,1,0,0.74931,0,0.353043,0.16981,0.306039,0.693961,0.340049,0.598315,0.091117,0.0497,0.351038,0.362421,0.346413,0.324138
2021,Pacific,4,103.446384,95.694976,70.525,12.873995,12.16089,3,3,0,0,0.420807,0,0.299035,0.169365,0.292605,0.707395,0.276304,0.48643,0.091378,0.048052,0.284538,0.374302,0.333972,0.33474
2021,Paul Quinn,15,48.867872,87.859401,68.75,-5.832055,-26.632756,0,0,1,0,0.006295,0,0,0.305455,0.263158,0.736842,0.188679,0.785714,0.145455,0.029091,0.188679,0.358025,0.329741,0.357253
2021,Penn State,2,111.432043,96.788702,69.945,21.65433,21.166629,10,1,0,0,0.428054,0,0.33792,0.162985,0.334064,0.665936,0.278489,0.525903,0.113232,0.033741,0.418694,0.386254,0.347493,0.32597
2021,Pepperdine,4,107.701226,108.078134,73.725,12.218104,15.001555,6,4,1,0,0.601406,0,0.322457,0.180287,0.233813,0.766187,0.325614,0.586154,0.08534,0.039561,0.365614,0.354287,0.332683,0.313595
2021,Piedmont,15,77.604914,114.72085,79.8125,3.35938,-24.939823,0,0,2,0,0.002982,0,0.306122,0.206735,0.283582,0.716418,0.271318,0.454545,0.062647,0.025059,0.379845,0.439777,0.348473,0.324501
2021,Pitt,3,109.190104,97.295359,68.439773,14.810272,15.129138,5,4,1,0,0.259393,0,0.338028,0.183971,0.330961,0.669039,0.368667,0.579422,0.088332,0.055125,0.332034,0.373754,0.344555,0.293156
2021,Point Park,15,66.728975,109.57861,72.175,3.60884,-25.940213,0,0,2,0,0.007246,0,0.236559,0.332525,0.292857,0.707143,0.248804,0.446154,0.07274,0.048493,0.444976,0.363577,0.3224,0.295867
2021,Portland,12,98.056655,109.738077,73.492857,10.062967,-4.615237,1,2,0,0,0.021778,0,0.339246,0.189199,0.23,0.77,0.358888,0.512295,0.085528,0.039524,0.379949,0.378889,0.325551,0.295645
2021,Portland St,8,97.80884,92.948257,70.889773,2.455287,3.952707,1,2,3,0,0.516373,0,0.294004,0.195566,0.346154,0.653846,0.327341,0.464286,0.116698,0.042319,0.387266,0.359237,0.352579,0.327492
2021,Prairie View,9,99.735725,92.503121,70.497619,-3.949081,3.098172,0,3,0,0,0.837027,0,0.304158,0.194535,0.317997,0.682003,0.270356,0.587302,0.136445,0.060117,0.361265,0.348672,0.314622,0.349943
2021,Presbyterian,12,94.678489,100.310029,67.3,-1.773469,-4.727169,0,0,10,1,0.353635,0,0.30622,0.225584,0.338295,0.661705,0.346956,0.470942,0.104012,0.033095,0.348624,0.381127,0.33146,0.32243
2021,Providence,3,107.458472,95.344104,68.824038,17.066738,17.182684,8,3,0,0,0.409731,0,0.319688,0.171005,0.296336,0.703664,0.315893,0.532725,0.082149,0.043589,0.335513,0.37556,0.337107,0.299005
2021,Purdue,1,113.060062,96.720079,66.877778,19.228876,23.436282,15,2,0,0,0.604637,0,0.335079,0.187739,0.289655,0.710345,0.3222,0.560232,0.077532,0.05095,0.375246,0.387461,0.342045,0.320596
2021,Purdue FW,11,104.951604,108.699861,71.978261,1.635035,-1.747164,0,1,9,0,0.231747,0,0.4,0.237391,0.245492,0.754508,0.301827,0.521395,0.094231,0.038659,0.405083,0.37453,0.330145,0.296668
2021,Purdue NW,12,95.65552,114.386138,76.016667,10.201288,-6.265109,0,0,0,0,0.012971,0,0.35,0.249945,0.410714,0.589286,0.190955,0.614458,0.118395,0.039465,0.301508,0.391764,0.326726,0.285715
2021,Queens,7,100.85892,96.284606,71.183333,5.865772,6.199751,0,0,0,0,0.39041,0,0.347826,0.191993,0.412281,0.587719,0.302083,0.407407,0.145165,0.028096,0.239583,0.408821,0.327277,0.320923
2021,Quincy,15,78.932045,134.59353,72.825,11.700306,-31.59959,0,0,0,0,0.000218,0,0.288462,0.226571,0.150943,0.849057,0.122807,0.642857,0.020597,0.082389,0.45614,0.407435,0.364178,0.282007
2021,Quinnipiac,10,93.101926,93.14507,73.289773,2.862181,0.346809,0,2,7,0,0.409664,0,0.323755,0.194124,0.214376,0.785624,0.353736,0.552475,0.076285,0.06202,0.414944,0.365893,0.328304,0.33005
2021,Radford,9,102.730963,97.994143,65.890741,0.262612,3.026433,0,0,4,0,0.49208,0,0.313492,0.226525,0.297297,0.702703,0.396307,0.467391,0.092184,0.026981,0.357955,0.391498,0.34152,0.311074
2021,Rchster Chrstn,12,66.803781,79.716365,75.075,0.582042,-6.217358,0,0,1,0,0.055604,0,0.24,0.30636,0.243902,0.756098,0.314815,0.470588,0.09324,0.02664,0.462963,0.36244,0.306931,0.321172
2021,Regis U,14,85.198696,114.008611,72.5375,-0.783815,-18.085679,0,0,1,0,0.014041,0,0.254902,0.124074,0.245283,0.754717,0.128788,0.42,0.082716,0.020679,0.386364,0.388145,0.363385,0.325815
2021,Rhode Island,4,104.655984,94.722881,71.482,13.470685,14.087099,5,4,1,0,0.325883,0,0.312227,0.197532,0.277547,0.722453,0.388579,0.477165,0.091771,0.063792,0.318942,0.391914,0.335488,0.311745
2021,RI College,16,87.458507,136.565821,98.65,9.493352,-42.304383,0,0,0,0,0.000037,0,0.206897,0.253421,0.375,0.625,0.170732,0.428571,0.060821,0.040547,0.353659,0.396154,0.384466,0.350769
2021,Rice,7,104.115592,99.82999,72.323214,5.699019,5.912992,1,7,1,0,0.475573,0,0.3575,0.209378,0.257722,0.742278,0.263855,0.582763,0.075554,0.029629,0.481928,0.344453,0.322521,0.29244
2021,Richmond,3,110.978466,103.424736,70.205952,12.050699,17.42512,7,6,0,0,0.536893,0,0.353741,0.150577,0.212598,0.787402,0.302556,0.530435,0.126159,0.029844,0.363561,0.387269,0.334684,0.302856
2021,Rider,11,99.526119,105.907944,68.88913,4.317242,-1.740838,0,1,7,0,0.31899,0,0.352798,0.18366,0.269281,0.730719,0.289833,0.503546,0.073843,0.029663,0.311836,0.370904,0.323097,0.341638
2021,Robert Morris,11,102.214253,108.97479,71.475,2.965464,-3.18143,0,0,8,0,0.151499,0,0.360406,0.187036,0.320433,0.679567,0.255774,0.57722,0.091309,0.041973,0.33704,0.399894,0.342472,0.28833
2021,Rogers State,14,87.625681,119.133762,75.45,11.7905,-15.009957,0,0,0,0,0.002342,0,0.285714,0.198807,0.257143,0.742857,0.372881,0.52381,0.053015,0.013254,0.355932,0.466296,0.38992,0.273346
2021,Rust,16,58.935678,133.406264,84.225,15.735316,-53.064711,0,0,0,0,0.000002,0,0.217391,0.32057,0.193548,0.806452,0.189655,0.5625,0.035619,0.035619,0.396552,0.27205,0.309474,0.314433
2021,Rutgers,2,108.983662,98.759122,68.724038,20.522806,21.708951,13,1,0,0,0.496881,0,0.310891,0.164538,0.276688,0.723312,0.276554,0.515805,0.113609,0.076113,0.327073,0.38293,0.345669,0.330732
2021,S Dakota St,4,114.061791,99.887199,71.93913,6.435116,12.973675,1,8,0,0,0.605512,0,0.40393,0.171038,0.217762,0.782238,0.377186,0.499237,0.076756,0.042911,0.348289,0.372056,0.345386,0.302699
2021,S Diego Christ,16,70.882645,124.610987,76.558333,7.21481,-34.587892,0,0,1,0,0.002125,0,0.209877,0.243823,0.304878,0.695122,0.180328,0.416667,0.082726,0.017416,0.442623,0.395866,0.37288,0.352978
2021,S Illinois,7,101.892266,99.615854,66.307692,8.721026,5.936395,1,7,0,0,0.315314,0,0.375,0.180394,0.180052,0.819948,0.293686,0.57329,0.092807,0.027842,0.41116,0.386139,0.34076,0.282151
2021,S Virginia,15,80.958908,142.160359,68.125,17.418635,-29.380873,0,0,0,0,0.000084,0,0.333333,0.205505,0.192308,0.807692,0.288462,0.5,0.029358,0.014679,0.519231,0.490534,0.366667,0.262478
2021,S Wesleyan,11,98.026729,110.45812,75.625,8.057477,-2.408388,0,0,0,0,0.331028,0,0.333333,0.193939,0.257732,0.742268,0.367232,0.581081,0.070523,0.026446,0.474576,0.419795,0.350186,0.269341
2021,Sacramento St,8,108.761367,105.676987,67.26875,4.300073,4.827506,0,3,1,0,0.221274,0,0.367403,0.150144,0.296355,0.703645,0.315471,0.480226,0.102574,0.033448,0.312878,0.378944,0.345252,0.335948
2021,Sacred Heart,10,102.39634,106.849694,69.429167,3.354489,-0.654376,0,2,5,0,0.473452,0,0.329493,0.186441,0.302937,0.697063,0.335564,0.559165,0.070415,0.030407,0.414914,0.356224,0.327372,0.30558
2021,Saint Francis,10,99.295844,102.269524,70.561364,4.862497,0.655517,1,1,8,0,0.342498,0,0.309353,0.200986,0.292683,0.707317,0.336493,0.521257,0.081811,0.030921,0.329384,0.375263,0.33896,0.307473
2021,Saint Joseph's,8,100.811112,104.396997,75.41125,14.67352,4.864182,2,3,0,0,0.399503,0,0.313629,0.186312,0.248889,0.751111,0.267367,0.567194,0.079564,0.023869,0.491922,0.382589,0.340724,0.306683
2021,Saint Louis,2,113.842551,96.246232,68.56625,11.282386,19.635148,7,3,0,0,0.602038,0,0.352151,0.175742,0.321705,0.678295,0.304564,0.631485,0.10282,0.045941,0.308714,0.361116,0.336897,0.322234
2021,Saint Martin's,13,87.085034,113.745991,72.2,5.442796,-13.359714,0,0,0,0,0.032435,0,0.4,0.200831,0.304348,0.695652,0.192,0.555556,0.048476,0.048476,0.36,0.401557,0.303832,0.309533
2021,Saint Mary's,3,103.469203,94.053473,65.551087,16.104134,16.794366,8,5,0,0,0.484803,0,0.292531,0.172451,0.25158,0.74842,0.275997,0.447955,0.094185,0.047756,0.376857,0.361497,0.343568,0.329266
2021,Saint Peter's,8,94.139987,89.51815,67.887,2.983164,4.705905,0,4,7,0,0.518545,0,0.322851,0.218599,0.296976,0.703024,0.32684,0.527928,0.118432,0.078366,0.344156,0.367289,0.323984,0.330864
2021,Salem U,8,103.881286,104.802658,74.275,4.453817,4.655128,0,0,0,0,0.132139,0,0.365854,0.134635,0.324324,0.675676,0.125,0.555556,0.175025,0.013463,0.569444,0.404792,0.333333,0.374527
2021,Sam Houston,6,105.812201,94.018813,75.027679,-0.832853,8.452198,1,3,1,0,0.611535,0,0.356643,0.191358,0.309777,0.690223,0.312287,0.545797,0.112816,0.041889,0.406712,0.36918,0.32246,0.327182
2021,Samford,9,101.382232,101.732883,76.959211,4.383993,1.753018,1,1,2,0,0.133262,0,0.311983,0.211322,0.29404,0.70596,0.271757,0.523105,0.088222,0.032143,0.397373,0.42928,0.339312,0.29803
2021,San Diego,8,95.899526,100.176031,73.076786,15.115237,4.941845,0,1,0,0,0.235449,0,0.303704,0.180827,0.238806,0.761194,0.256198,0.525568,0.09188,0.046917,0.318772,0.356311,0.336077,0.331264
2021,San Diego St,1,113.754499,90.220066,67.419444,11.097169,22.759769,12,6,0,0,0.847868,0,0.374795,0.167552,0.272165,0.727835,0.34467,0.541007,0.122506,0.0423,0.399608,0.389119,0.337528,0.320745
2021,San Francisco,3,107.533601,95.189154,69.415,13.189611,15.604112,3,3,0,0,0.262798,0,0.341238,0.168263,0.269555,0.730445,0.214805,0.455951,0.103148,0.046676,0.501652,0.354278,0.336314,0.333523
2021,San José St,13,93.642679,109.327293,72.471429,8.288123,-7.589855,0,0,2,0,0.295601,0,0.317814,0.174124,0.239612,0.760388,0.289578,0.432049,0.06505,0.037453,0.392999,0.393327,0.329989,0.312911
2021,Santa Barbara,2,115.079181,94.66824,67.572115,5.333718,18.597644,4,7,0,0,0.77721,0,0.351297,0.16222,0.26776,0.73224,0.341909,0.589958,0.112131,0.040982,0.339201,0.35942,0.341677,0.300845
2021,Santa Clara,6,101.694762,100.542474,71.281579,10.611944,9.339896,4,4,0,0,0.477687,0,0.306785,0.179422,0.229075,0.770925,0.4,0.489224,0.062761,0.056854,0.31831,0.355624,0.326048,0.317738
2021,SC State,13,85.904225,107.727328,72.1875,3.126344,-13.495364,0,0,10,0,0.164789,0,0.31701,0.240115,0.321492,0.678508,0.275895,0.44389,0.081578,0.03848,0.375605,0.363855,0.332267,0.312365
2021,SC Upstate,12,97.204222,106.687862,68.813043,4.233492,-4.191773,0,1,11,0,0.24955,0,0.337278,0.205345,0.260809,0.739191,0.293375,0.513011,0.090352,0.037278,0.399842,0.378223,0.331904,0.330773
2021,SE Louisiana,12,95.122877,105.655045,72.678846,3.400395,-4.754095,0,1,8,0,0.308454,0,0.291598,0.219088,0.354002,0.645998,0.40988,0.441624,0.095256,0.033869,0.405207,0.351661,0.348843,0.322078
2021,SE Missouri,10,98.634548,100.566028,70.652778,2.632638,-0.152229,0,3,2,2,0.475041,0,0.352234,0.217548,0.271865,0.728135,0.405313,0.593651,0.096979,0.03355,0.396458,0.375547,0.340938,0.299811
2021,Seattle U,7,103.703284,95.794142,70.93913,2.630683,6.932884,1,3,3,0,0.509998,0,0.313659,0.150772,0.306701,0.693299,0.291725,0.445194,0.092547,0.049032,0.415849,0.386288,0.337291,0.315203
2021,Seton Hall,2,109.78951,95.066741,68.792593,17.725292,19.555454,10,4,0,0,0.499213,0,0.320856,0.188435,0.293305,0.706695,0.356721,0.515602,0.091526,0.06353,0.367869,0.365792,0.33852,0.298011
2021,SF Austin,5,109.615652,96.238529,73.329762,0.370859,9.836938,0,2,2,0,0.690087,0,0.3367,0.226634,0.324433,0.675567,0.420921,0.532154,0.129227,0.047405,0.248536,0.361605,0.34212,0.312156
2021,Siena,7,103.318094,95.042306,65.833824,1.866241,6.457522,0,3,3,0,0.60718,0,0.343949,0.19568,0.255892,0.744108,0.372483,0.523114,0.08399,0.050037,0.35123,0.366849,0.319473,0.33536
2021,Simpson (CA),15,88.082955,128.665814,76.125,3.952707,-25.850033,0,0,0,0,0.001425,0,0.368421,0.275862,0.212121,0.787879,0.272727,0.44,0.065681,0.013136,0.345455,0.387266,0.294004,0.327341
2021,SIUE,12,95.582978,104.314468,69.381731,2.414612,-4.446601,0,1,4,0,0.228014,0,0.318367,0.228945,0.2723,0.7277,0.330007,0.544426,0.084815,0.067076,0.349252,0.37469,0.334069,0.298104
2021,SLCP,16,60.427161,111.749148,72.6,-4.446601,-39.446254,0,0,1,0,0.001022,0,0.25,0.220386,0.424242,0.575758,0.253968,0.666667,0.151515,0,0.507937,0.349252,0.318367,0.330007
2021,SMU,2,108.500982,96.822711,71.320313,13.303122,19.644125,4,5,0,0,0.510019,0,0.338983,0.199803,0.285235,0.714765,0.312831,0.567059,0.086756,0.063096,0.375398,0.383823,0.33882,0.332782
2021,South Alabama,7,108.290663,100.723726,69.373214,4.190876,6.948362,1,7,3,0,0.641289,0,0.362093,0.171433,0.27008,0.72992,0.334362,0.439161,0.102963,0.046848,0.436151,0.403203,0.331521,0.301752
2021,South Carolina,5,102.602929,98.473477,75.427381,18.43549,11.816489,4,1,0,0,0.130256,0,0.304721,0.197604,0.362914,0.637086,0.279326,0.4947,0.111113,0.048612,0.341642,0.364344,0.332506,0.331598
2021,South Dakota,6,110.439105,101.423848,69.932,5.198008,8.957441,2,4,3,0,0.497015,0,0.389121,0.153292,0.207807,0.792193,0.325226,0.517804,0.065206,0.034891,0.332175,0.359368,0.348562,0.317027
2021,South Florida,6,100.622047,99.238977,68.684091,13.509894,7.528208,2,4,0,0,0.215202,0,0.327014,0.203832,0.33935,0.66065,0.342991,0.486434,0.076768,0.041031,0.330462,0.397607,0.339525,0.328333
2021,Southern,11,94.268444,96.132815,73.584211,-1.845952,-1.762003,0,0,6,1,0.525107,0,0.322981,0.221014,0.282609,0.717391,0.404828,0.574194,0.110865,0.035048,0.298979,0.330474,0.318352,0.358687
2021,Southern Miss,8,95.509897,94.31727,68.968,6.923565,4.147474,0,1,1,0,0.148495,0,0.31829,0.204153,0.238636,0.761364,0.280802,0.500829,0.085837,0.030159,0.301576,0.391453,0.332544,0.281534
2021,Southern Utah,5,113.889828,95.44515,73.446875,-2.17772,11.686376,2,8,0,0,0.885471,0,0.341424,0.164518,0.27907,0.72093,0.373559,0.483548,0.095307,0.03574,0.418983,0.363901,0.326688,0.311274
2021,Spring Hill,13,87.452988,107.290143,83.7,0.676398,-13.123144,0,0,1,0,0.019442,0,0.315789,0.238949,0.305556,0.694444,0.173913,0.448276,0.095579,0.023895,0.275362,0.387845,0.276252,0.347744
2021,St Bonaventure,2,112.554843,93.58022,65.32125,13.219195,21.715046,7,7,0,0,0.697114,0,0.354054,0.169164,0.307383,0.692617,0.278208,0.568138,0.091854,0.059705,0.318691,0.384667,0.330952,0.311972
2021,St Francis BK,10,105.966609,106.604779,73.956579,2.646604,0.638441,0,3,6,0,0.495696,0,0.331461,0.162969,0.313953,0.686047,0.306996,0.5,0.108883,0.046969,0.293004,0.372058,0.330799,0.313612
2021,St John's,3,111.049244,97.066992,74.815741,15.731418,17.48012,9,6,0,0,0.592561,0,0.344828,0.16881,0.31102,0.68898,0.286124,0.564827,0.121781,0.05198,0.332569,0.373381,0.335062,0.303844
2021,St Kath,15,67.769614,121.184391,70.3875,9.747416,-29.45501,0,0,3,0,0.000784,0,0.226804,0.271355,0.294702,0.705298,0.190217,0.605882,0.08098,0.015628,0.351449,0.397493,0.354602,0.298526
2021,St Mary's (MD),15,70.175635,115.79812,71.91875,2.858143,-28.190814,0,0,1,1,0.007525,0,0.28,0.28852,0.253968,0.746032,0.149321,0.329114,0.086904,0.017381,0.339367,0.380344,0.343545,0.336879
2021,St Mary's (TX),15,90.330725,127.80243,74.725,1.910374,-23.890909,0,0,1,0,0.002764,0,0.363636,0.227501,0.407407,0.592593,0.574074,0.55,0.160589,0.040147,0.407407,0.368557,0.293706,0.402062
2021,St. Ambrose,15,73.211064,121.484925,77.3,13.277224,-28.02296,0,0,0,0,0.000211,0,0.235294,0.291074,0.307692,0.692308,0.126984,0.428571,0.064683,0.032342,0.404762,0.352842,0.34737,0.251162
2021,St. Andrews,15,77.941237,121.25521,78.816667,5.186304,-28.612793,0,0,1,0,0.001712,0,0.354167,0.291816,0.232323,0.767677,0.385093,0.322581,0.093043,0.008458,0.298137,0.401569,0.366587,0.326483
2021,St. Francis IL,15,69.916003,124.538191,71.225,11.222677,-30.077169,0,0,1,0,0.000397,0,0.205882,0.29484,0.370968,0.629032,0.19469,0.361111,0.09828,0.02808,0.300885,0.35052,0.348568,0.341825
2021,Stanford,2,105.204815,91.946914,70.673148,18.640395,19.142575,9,3,0,0,0.405777,0,0.321508,0.211197,0.230939,0.769061,0.364819,0.489676,0.100096,0.048214,0.308693,0.357333,0.347401,0.329193
2021,Stetson,9,104.218543,109.117869,69.299,0.916971,1.872958,2,2,6,1,0.506904,0,0.379421,0.191056,0.297701,0.702299,0.272789,0.546729,0.102743,0.03925,0.423129,0.395252,0.335125,0.28866
2021,Stony Brook,8,97.781772,94.035461,68.702174,4.176578,5.02221,0,4,3,0,0.359741,0,0.295983,0.201247,0.299429,0.700571,0.329287,0.511971,0.081638,0.072145,0.358877,0.380669,0.329397,0.322952
2021,Sul Ross State,13,87.366942,111.907225,75.775,10.18919,-10.611164,0,0,0,0,0.008459,0,0.338983,0.224348,0.209677,0.790323,0.147541,0.583333,0.065985,0.006598,0.483607,0.364964,0.330368,0.262025
2021,SW Adventist,16,48.849999,144.817282,74.6125,7.46028,-64.840709,0,0,0,0,0.000002,0,0.222222,0.402077,0.275,0.725,0.115789,0.518519,0.046909,0.020104,0.378947,0.310879,0.356203,0.299236
2021,SW Christian U,16,69.418825,130.517904,79.025,12.141643,-39.658619,0,0,0,0,0.000039,0,0.240741,0.19614,0.238095,0.761905,0.306452,0.483871,0.094907,0.018981,0.435484,0.432831,0.352698,0.301491
2021,Syracuse,2,114.544224,106.706762,69.785,16.764497,20.872321,11,5,0,0,0.582907,0,0.339465,0.15992,0.305804,0.694196,0.283757,0.565089,0.124955,0.070502,0.390085,0.373838,0.348193,0.303659
2021,TAMU Intrnatnl,14,71.16172,106.385776,72.375,-1.960841,-23.261832,0,0,2,0,0.024433,0,0.214286,0.214162,0.357143,0.642857,0.416667,0.4375,0.055268,0.013817,0.35,0.363291,0.311724,0.379657
2021,Tarleton St,8,104.272381,92.650026,68.885,-6.312675,5.055747,0,2,1,0,0.684423,0,0.378007,0.167671,0.27856,0.72144,0.364925,0.554717,0.151702,0.03847,0.25775,0.380122,0.318452,0.318908
2021,TCU,5,104.118595,99.635821,67.766346,15.6471,10.769912,4,5,0,0,0.291745,0,0.337838,0.20943,0.283333,0.716667,0.32423,0.544,0.089107,0.051648,0.362745,0.376804,0.336274,0.31112
2021,Temple,5,101.175588,95.797573,68.346875,13.953412,10.753542,2,2,0,0,0.269216,0,0.342262,0.194778,0.255172,0.744828,0.389401,0.614943,0.061268,0.035664,0.387097,0.383063,0.326921,0.332129
2021,Tennessee,1,111.611041,90.078579,68.631731,17.070776,24.530031,12,4,0,0,0.508877,0,0.337232,0.182692,0.301604,0.698396,0.350536,0.591528,0.105356,0.071732,0.343834,0.382944,0.334514,0.325843
2021,Tennessee St,12,93.643137,100.367704,73.393478,1.310554,-4.575999,0,0,7,0,0.138198,0,0.2875,0.209117,0.277419,0.722581,0.326379,0.471831,0.100708,0.043245,0.357675,0.381845,0.336772,0.29891
2021,Tennessee Tech,12,96.900525,107.238133,70.25,6.170058,-3.533259,0,2,6,1,0.325855,0,0.320988,0.226704,0.269824,0.730176,0.27027,0.582317,0.09279,0.032687,0.427159,0.375199,0.338838,0.310547
2021,Texas,1,112.85349,94.158652,70.564423,17.830291,23.385571,10,8,0,0,0.675383,0,0.356013,0.201671,0.284577,0.715423,0.340411,0.5,0.092659,0.055051,0.419376,0.360328,0.340832,0.325967
2021,Texas A&M,5,102.138353,96.382407,66.1,13.986053,10.608053,2,3,0,0,0.213186,0,0.299233,0.223567,0.328904,0.671096,0.339545,0.543641,0.104219,0.028576,0.404762,0.362993,0.329322,0.337476
2021,Texas A&M-CC,12,91.30254,100.045822,71.205208,1.051945,-5.832055,0,0,9,0,0.234356,0,0.329741,0.23465,0.25459,0.74541,0.357253,0.568266,0.096552,0.043302,0.358025,0.332412,0.314246,0.338824
2021,Texas Southern,7,100.489548,100.602189,74.613542,0.716623,5.262311,0,2,3,0,0.841364,0,0.276382,0.214438,0.298597,0.701403,0.381843,0.458462,0.09605,0.061986,0.275814,0.359477,0.319293,0.337355
2021,Texas St,7,101.673229,93.905937,65.508,0.89018,5.697787,0,7,0,1,0.690751,0,0.379781,0.203334,0.283455,0.716545,0.273328,0.538951,0.105025,0.044575,0.26892,0.356098,0.334714,0.312247
2021,Texas Tech,1,114.198552,95.235618,67.288889,16.16017,24.808079,7,6,0,0,0.446003,0,0.346392,0.162924,0.334388,0.665612,0.392511,0.510204,0.107882,0.060546,0.313105,0.372381,0.344368,0.319014
2021,The Citadel,9,108.729239,104.439761,74.645,1.534656,3.29539,0,4,1,0,0.398891,0,0.355556,0.161833,0.251059,0.748941,0.316092,0.549435,0.072878,0.057874,0.45977,0.412329,0.333231,0.277497
2021,Toccoa Falls,16,72.928122,132.510962,74.23125,5.332587,-38.466788,0,0,2,0,0.000262,0,0.311111,0.242485,0.233645,0.766355,0.286364,0.444444,0.084196,0.016839,0.409091,0.427261,0.345246,0.293135
2021,Toledo,3,117.461137,102.830825,71.159483,7.885899,16.24621,4,10,1,0,0.514115,0,0.376989,0.154582,0.2835,0.7165,0.284373,0.563329,0.085771,0.03489,0.451132,0.379324,0.336747,0.28785
2021,Towson,10,102.111668,107.763864,67.844444,7.717862,-0.136826,0,3,2,0,0.159255,0,0.289389,0.183426,0.338346,0.661654,0.333649,0.391705,0.073698,0.040943,0.294787,0.40258,0.337833,0.312195
2021,Transylvania,14,77.840791,117.985623,69.245,8.668415,-20.131164,0,0,0,0,0.004795,0,0.316239,0.245505,0.264706,0.735294,0.186813,0.5,0.080872,0.031771,0.428571,0.358698,0.360401,0.303103
2021,Trevecca,13,67.129287,88.982643,67.9,2.44387,-10.355745,0,0,1,0,0.022739,0,0.3,0.235641,0.166667,0.833333,0.071429,0.666667,0.044183,0.073638,0.357143,0.381112,0.351494,0.336906
2021,Troy,10,94.194274,96.778695,70.522321,4.483121,0.676398,0,4,3,0,0.231208,0,0.276252,0.211179,0.285985,0.714015,0.347744,0.503145,0.088624,0.044059,0.387845,0.384257,0.333298,0.318665
2021,Truman St,10,87.640993,97.403367,78.9,11.402294,0.602321,0,0,0,0,0.03094,0,0.521739,0.278834,0.15,0.85,0.067797,0.56,0.038023,0.038023,0.389831,0.333333,0.334081,0.359492
2021,Tulane,6,98.762256,93.86721,67.690217,12.406698,9.424051,2,4,0,0,0.322912,0,0.29783,0.165717,0.253989,0.746011,0.36643,0.553498,0.110478,0.045604,0.399527,0.368323,0.333791,0.337095
2021,Tulsa,4,104.258925,92.976451,67.93913,10.266766,12.492786,4,4,0,0,0.355156,0,0.315476,0.196467,0.261204,0.738796,0.329635,0.577739,0.093434,0.029438,0.399366,0.389522,0.331675,0.331942
2021,Tusculum,13,88.074971,119.734427,75.55,17.171752,-12.627487,0,0,0,0,0.001425,0,0.190476,0.172071,0.2,0.8,0.3,0.375,0.039709,0.026473,0.35,0.472315,0.341808,0.26551
2021,Tuskegee,12,91.097464,113.516377,74.775,15.735316,-6.064711,0,0,0,0,0.005344,0,0.290323,0.240722,0.371429,0.628571,0.517857,0.388889,0.013373,0.04012,0.553571,0.27205,0.309474,0.314433
2021,TX Perm Basin,13,96.832055,117.311219,81.4875,10.18919,-9.111164,0,0,0,0,0.009344,0,0.333333,0.214757,0.353659,0.646341,0.142857,0.465517,0.110446,0.024544,0.387755,0.364964,0.330368,0.262025
2021,UAB,3,106.730938,85.940737,68.957759,4.197418,15.735316,2,11,0,0,0.597544,0,0.309474,0.152017,0.292568,0.707432,0.314433,0.390863,0.115513,0.060507,0.27205,0.379305,0.324227,0.310387
2021,UAlbany,7,101.225276,96.541013,69.810937,5.284944,5.374657,1,2,2,0,0.597377,0,0.336634,0.17995,0.229167,0.770833,0.340883,0.473418,0.087737,0.025963,0.343148,0.378745,0.322406,0.334663
2021,UC Davis,7,102.776463,103.854413,71.767647,5.134272,5.464835,0,2,2,0,0.648876,0,0.332192,0.20409,0.293458,0.706542,0.373695,0.432243,0.103274,0.038523,0.304802,0.378378,0.340977,0.311522
2021,UC Irvine,3,105.511271,88.537957,69.894444,6.231006,15.161541,4,3,1,0,0.769767,0,0.338462,0.185465,0.283442,0.716558,0.293498,0.437586,0.1081,0.057229,0.241486,0.383648,0.34829,0.297486
2021,UC Riverside,4,106.590644,91.265467,67.634091,8.06776,14.755925,2,4,1,0,0.593084,0,0.370849,0.177425,0.237797,0.762203,0.220312,0.538462,0.07796,0.034275,0.423438,0.354032,0.346584,0.292825
2021,UC San Diego,9,103.004774,101.12381,70.313235,4.12125,2.847747,1,1,0,0,0.395899,0,0.376,0.188233,0.201597,0.798403,0.212744,0.657718,0.097045,0.030954,0.513875,0.336399,0.33434,0.281885
2021,UCF,4,104.160436,96.052963,68.253261,16.223204,14.423233,5,6,0,0,0.674411,0,0.35503,0.216585,0.282353,0.717647,0.306656,0.52583,0.100011,0.050324,0.401743,0.376658,0.333302,0.337385
2021,UCLA,1,115.37383,118.411733,67.188462,19.866283,24.733616,18,4,0,0,0.519205,0,0.367304,0.166008,0.283516,0.716484,0.325926,0.516035,0.075562,0.039499,0.317172,0.364217,0.347368,0.327309
2021,UConn,1,114.047951,94.730785,67.078409,16.850627,23.885914,10,4,0,0,0.70295,0,0.336364,0.174829,0.346841,0.653159,0.29554,0.493976,0.092158,0.078605,0.332577,0.374727,0.335794,0.299286
2021,UIC,11,97.15188,101.865955,70.345455,2.681108,-1.954835,0,1,9,0,0.139662,0,0.327206,0.188033,0.241514,0.758486,0.227517,0.532258,0.052339,0.043939,0.41814,0.368743,0.339719,0.301166
2021,UL Monroe,10,95.96377,99.483141,68.127885,4.811612,-0.004028,0,4,4,0,0.322373,0,0.339755,0.190818,0.259166,0.740834,0.250683,0.582923,0.108958,0.041777,0.390027,0.325571,0.350438,0.320926
2021,UMass,4,106.79623,94.706518,74.308333,10.093715,13.614493,2,4,0,0,0.581594,0,0.325926,0.162386,0.263056,0.736944,0.342391,0.568528,0.098688,0.054727,0.440217,0.389758,0.333418,0.294394
2021,UMass Lowell,8,101.221974,100.163098,69.216304,6.537884,4.800644,2,4,3,0,0.566715,0,0.34642,0.209802,0.253149,0.746851,0.371774,0.476786,0.072237,0.055905,0.349194,0.386817,0.32727,0.310298
2021,UMBC,6,102.884172,92.971467,68.6475,4.484243,9.456294,1,6,2,0,0.588985,0,0.340686,0.187917,0.239726,0.760274,0.365787,0.453416,0.074293,0.025493,0.371247,0.386133,0.324794,0.327055
2021,UNC Asheville,9,103.216264,100.930912,71.615,2.067912,2.668755,1,1,5,0,0.571643,0,0.357778,0.210152,0.278027,0.721973,0.302083,0.463504,0.097745,0.060741,0.390625,0.38519,0.33454,0.324665
2021,UNC Greensboro,4,106.857363,95.803321,70.697414,7.778431,13.732502,1,11,2,0,0.677988,0,0.300272,0.155593,0.330123,0.669877,0.23812,0.443337,0.105842,0.055604,0.388596,0.418776,0.347198,0.30153
2021,UNC Wilmington,8,107.27541,102.480286,71.511765,1.679729,4.268912,0,1,4,0,0.357944,0,0.345013,0.156289,0.29562,0.70438,0.367953,0.466063,0.084725,0.049354,0.366963,0.368161,0.323678,0.335825
2021,UNLV,6,106.566597,98.526047,66.762963,7.286218,9.010625,1,2,0,0,0.412372,0,0.352113,0.187507,0.289825,0.710175,0.21172,0.504249,0.095418,0.042161,0.402647,0.3919,0.326523,0.319556
2021,USC,1,115.66505,100.979865,68.696552,19.544671,28.906638,20,5,0,0,0.592226,0,0.347909,0.181207,0.310917,0.689083,0.37463,0.502538,0.069772,0.0768,0.311796,0.349901,0.353253,0.319164
2021,UT Arlington,8,102.400783,97.130109,72.15,0.751834,3.928506,0,2,2,0,0.489969,0,0.356601,0.165787,0.313464,0.686536,0.267631,0.525849,0.114612,0.066102,0.397227,0.351235,0.339552,0.309435
2021,UT Martin,13,94.939864,109.697097,69.594792,2.524274,-9.242064,0,2,4,0,0.277592,0,0.333333,0.205355,0.335484,0.664516,0.293611,0.519784,0.102977,0.03712,0.355348,0.375707,0.333231,0.306669
2021,UT Rio Grande,9,96.892211,91.932861,74.226316,-1.93052,1.910374,0,1,0,0,0.334832,0,0.293706,0.199248,0.345895,0.654105,0.402062,0.607143,0.119833,0.057435,0.368557,0.359786,0.317879,0.351936
2021,Utah,2,111.351626,95.116506,68.737,18.371339,20.305547,7,3,0,0,0.410984,0,0.355372,0.182725,0.236573,0.763427,0.288269,0.57622,0.079142,0.049464,0.346209,0.351671,0.348623,0.331302
2021,Utah State,2,108.812522,89.004318,69.689286,10.433886,20.453023,6,7,0,0,0.594807,0,0.336431,0.195254,0.309107,0.690893,0.302021,0.60719,0.097371,0.069697,0.319857,0.395562,0.344559,0.322126
2021,Utah Tech,11,95.687301,102.01244,73.80119,4.053123,-3.167821,0,4,3,0,0.375662,0,0.30622,0.206475,0.27027,0.72973,0.348003,0.624514,0.092268,0.027745,0.340668,0.367015,0.328714,0.336547
2021,Utah Valley,7,105.743969,100.395414,72.038636,7.91121,7.336587,1,5,1,0,0.489319,0,0.346269,0.207591,0.28103,0.71897,0.422151,0.625,0.072562,0.063728,0.26886,0.385082,0.344185,0.33687
2021,UTEP,5,104.155073,95.058089,69.9,8.397285,10.513567,2,5,0,0,0.521439,0,0.326336,0.156175,0.258454,0.741546,0.290503,0.46875,0.089413,0.039938,0.365922,0.38309,0.335706,0.284989
2021,UTSA,5,109.102241,98.183681,73.402885,4.818954,9.864813,4,4,1,0,0.681028,0,0.3344,0.158242,0.300699,0.699301,0.233547,0.498698,0.084361,0.04349,0.364007,0.378219,0.330522,0.28288
2021,Va Wesleyn,12,87.147392,109.694327,68.075,9.760608,-7.039129,0,0,0,0,0.012056,0,0.285714,0.102828,0.333333,0.666667,0.269841,0.578947,0.102828,0.029379,0.555556,0.299694,0.288265,0.315749
2021,Valparaiso,7,97.699589,96.330456,68.527679,7.986537,5.4366,1,6,2,0,0.413268,0,0.297638,0.180323,0.225,0.775,0.272208,0.539394,0.095373,0.050553,0.402919,0.38096,0.340178,0.279925
2021,Vanderbilt,4,108.757622,98.8662,69.414,15.365431,14.381523,3,3,0,0,0.426,0,0.349325,0.199383,0.294187,0.705813,0.329096,0.522167,0.100844,0.037456,0.471045,0.362339,0.330077,0.32717
2021,Vanguard,11,97.146397,111.156589,68.65,7.037776,-2.764439,0,0,0,0,0.035974,0,0.421053,0.1748,0.15,0.85,0.264151,0.48,0.1311,0.029133,0.358491,0.410045,0.393053,0.342579
2021,VCU,2,106.448684,87.545564,70.541346,13.763061,19.563583,10,6,0,0,0.657699,0,0.329412,0.207189,0.27191,0.72809,0.340411,0.526555,0.130856,0.076333,0.349315,0.372829,0.342133,0.317269
2021,Vermont,4,109.002211,92.638708,67.645,3.102524,12.064774,0,5,1,0,0.77863,0,0.344214,0.180353,0.240458,0.759542,0.32971,0.550914,0.073915,0.038436,0.407005,0.386313,0.324514,0.319574
2021,Villanova,1,119.698479,107.527654,66.513636,17.484519,25.636939,15,3,0,0,0.523409,0,0.352431,0.135994,0.27947,0.72053,0.300542,0.578313,0.079956,0.021868,0.446166,0.388746,0.343725,0.30817
2021,Virginia,1,117.810035,97.588213,61.127083,15.83978,23.264292,11,4,0,0,0.593872,0,0.381308,0.154051,0.206037,0.793963,0.219589,0.550987,0.080434,0.070891,0.422591,0.375281,0.340046,0.301502
2021,Virginia Tech,2,111.988036,97.375438,67.460714,14.421396,19.640175,6,6,0,0,0.494935,0,0.356701,0.17294,0.268293,0.731707,0.332206,0.565543,0.070588,0.058588,0.409975,0.391407,0.33941,0.306605
2021,VMI,6,111.389795,102.765437,72.807,4.158031,8.190777,3,2,3,0,0.515434,0,0.379747,0.172511,0.214953,0.785047,0.272248,0.556657,0.073619,0.041205,0.468688,0.415669,0.337091,0.281797
2021,W Carolina,9,104.36561,104.308275,73.976852,6.518927,3.423369,1,4,4,0,0.295562,0,0.34139,0.191251,0.227371,0.772629,0.332911,0.501397,0.067088,0.037549,0.419784,0.416186,0.352428,0.278748
2021,W Illinois,11,100.5238,106.287651,73.672727,4.105513,-1.385742,0,0,3,0,0.490267,0,0.315895,0.175839,0.308701,0.691299,0.358034,0.409091,0.07157,0.041338,0.364637,0.357176,0.356733,0.311477
2021,W Michigan,11,94.907084,103.522135,68.058333,6.284279,-2.724882,0,1,2,0,0.309382,0,0.330211,0.213402,0.233566,0.766434,0.252385,0.490982,0.06577,0.029387,0.370338,0.378701,0.331016,0.282245
2021,W Montana,14,95.546221,132.266497,71.55,5.444031,-20.358678,0,0,0,0,0.002764,0,0.30303,0.167715,0.15,0.85,0.327273,0.545455,0.027952,0.055905,0.6,0.332049,0.329466,0.396764
2021,Wagner,7,105.528572,99.665424,68.20375,3.034788,5.587036,0,2,3,0,0.759574,0,0.317935,0.180342,0.346424,0.653576,0.279668,0.484053,0.107765,0.037388,0.305394,0.371564,0.332371,0.317007
2021,Wake Forest,6,102.895225,100.580796,67.932955,15.254701,9.428059,1,3,0,0,0.121824,0,0.346975,0.200733,0.275766,0.724234,0.293781,0.502994,0.090999,0.032117,0.459902,0.374408,0.342796,0.306733
2021,Warner Pac,14,87.122214,118.480935,71.983333,6.801073,-16.001585,0,0,0,0,0.007116,0,0.22449,0.125029,0.186047,0.813953,0.227027,0.314286,0.074091,0.009261,0.264865,0.331286,0.3672,0.347959
2021,Washburn,13,83.560403,116.020895,71.65,23.411539,-8.38889,0,0,0,0,0.001022,0,0.346154,0.181438,0.32,0.68,0.233333,0.6,0.139567,0.027913,0.433333,0.362768,0.34375,0.304893
2021,Washington,5,102.538399,102.009829,70.906731,20.359867,10.504268,4,1,0,0,0.238969,0,0.332209,0.192561,0.262639,0.737361,0.262393,0.436817,0.085703,0.05153,0.391937,0.353539,0.353743,0.327138
2021,Washington St,3,103.11245,90.189841,70.394444,16.055677,16.409524,7,4,0,0,0.433037,0,0.340984,0.216768,0.296008,0.703992,0.346979,0.518167,0.087865,0.049983,0.396361,0.346696,0.341665,0.331636
2021,Webber Int,16,50.126848,145.152816,77.325,-0.884634,-70.684177,0,0,1,0,0.000002,0,0.2,0.362108,0.384615,0.615385,0.125,0.466667,0.090527,0.012932,0.267857,0.443162,0.292585,0.240675
2021,Weber St,4,113.485017,99.286287,72.356818,2.425074,14.900826,0,10,0,0,0.755158,0,0.387712,0.170242,0.191341,0.808659,0.357945,0.524564,0.091717,0.042718,0.378812,0.3479,0.347775,0.335284
2021,West Virginia,1,114.416989,101.547637,71.616667,18.532548,23.401376,11,8,0,0,0.532566,0,0.357013,0.169627,0.354369,0.645631,0.393976,0.524613,0.104466,0.039821,0.330723,0.3664,0.346597,0.317325
2021,Western KY,4,108.054065,100.695869,70.011111,10.360562,14.498493,8,7,0,0,0.587815,0,0.344758,0.212136,0.276637,0.723363,0.362434,0.524088,0.094165,0.064011,0.328042,0.391186,0.334224,0.298297
2021,Western NM,14,69.862083,108.666265,62.175,11.197656,-17.80447,0,0,0,0,0.002764,0,0.3,0.305589,0.15,0.85,0.325,0.5,0.080418,0.016084,0.25,0.478374,0.316456,0.312284
2021,Westminster UT,12,94.94233,114.37793,75.641667,15.672745,-4.12939,0,0,0,0,0.038278,0,0.347826,0.233557,0.18,0.82,0.388889,0.552239,0.066101,0.01322,0.425926,0.347768,0.370742,0.351447
2021,Westmont,14,95.586732,120.805642,76.7125,6.804522,-16.197961,0,0,1,0,0.00993,0,0.242424,0.14991,0.359375,0.640625,0.323308,0.55102,0.058661,0.019554,0.496241,0.332367,0.318504,0.291969
2021,Whitworth,12,91.14246,108.065983,75.8,7.86274,-5.939922,0,0,0,0,0.019442,0,0.238095,0.211082,0.24,0.76,0.129032,0.551724,0.131926,0.026385,0.33871,0.280713,0.362353,0.365918
2021,Wichita St,3,108.372176,95.585517,69.785714,13.295168,17.249674,7,8,0,0,0.749033,0,0.341797,0.162402,0.315394,0.684606,0.36479,0.542802,0.087342,0.051177,0.406027,0.378729,0.318088,0.315436
2021,William & Mary,10,97.554671,103.931561,67.877941,6.117689,0.201097,0,3,1,0,0.461591,0,0.28655,0.201053,0.296167,0.703833,0.31962,0.471649,0.077995,0.04853,0.360759,0.368913,0.332598,0.308316
2021,William Carey,13,88.459435,113.415114,69.35,5.547918,-11.251938,0,0,0,0,0.01991,0,0.288462,0.281182,0.290323,0.709677,0.107143,0.5,0.100937,0.028839,0.464286,0.368863,0.340192,0.307582
2021,William Jewell,6,92.591518,94.758909,73.125,14.486146,8.68607,0,0,0,0,0.063849,0,0.36,0.246154,0.344828,0.655172,0.258621,0.434783,0.068376,0.02735,0.431034,0.386637,0.349515,0.311562
2021,Wingate,14,81.373037,119.900849,78.5,21.39339,-17.406102,0,0,0,0,0.000319,0,0.25,0.152866,0.214286,0.785714,0.31746,0.315789,0.089172,0.012739,0.380952,0.432485,0.352941,0.337247
2021,Winthrop,4,110.676331,95.601179,72.414583,2.383646,13.968475,2,3,1,0,0.780321,0,0.353043,0.195633,0.324017,0.675983,0.356801,0.535608,0.107023,0.032797,0.393028,0.379689,0.33288,0.326654
2021,Wisconsin,1,111.883626,97.037873,66.383621,20.020912,24.795331,15,0,0,0,0.339776,0,0.35942,0.134537,0.24666,0.75334,0.269231,0.542897,0.088306,0.057139,0.408284,0.369929,0.345979,0.321796
2021,Wofford,5,111.261922,98.030772,67.907292,5.139882,11.415535,3,6,1,0,0.582076,0,0.355491,0.187756,0.260555,0.739445,0.254003,0.543344,0.098173,0.029452,0.503639,0.407892,0.340277,0.285591
2021,Wright St,3,113.828659,92.052005,72.554167,2.477368,16.752811,0,5,4,0,0.79554,0,0.369835,0.180325,0.280788,0.719212,0.345343,0.519718,0.081548,0.049963,0.329028,0.382044,0.336392,0.287755
2021,WVU Tech,9,98.064959,101.935041,71.5,2.463319,1.664284,0,1,1,0,0.468405,0,0.477273,0.307692,0.245614,0.754386,0.425532,0.6,0.090909,0.048951,0.468085,0.372005,0.325163,0.340212
2021,Wyoming,6,111.421724,104.44012,70.471,7.78437,8.478848,3,3,1,0,0.422845,0,0.356534,0.159498,0.248775,0.751225,0.352982,0.540832,0.082303,0.030651,0.488211,0.374711,0.339001,0.335426
2021,Xavier,2,111.566589,94.430671,70.389286,15.105389,18.810521,9,2,0,0,0.418994,0,0.325301,0.15898,0.252525,0.747475,0.259144,0.626486,0.098094,0.057503,0.387549,0.385662,0.336064,0.299238
2021,Yellowstone,16,70.047953,138.567881,79.891667,9.402532,-47.400145,0,0,0,0,0.000154,0,0.304878,0.221133,0.290323,0.709677,0.174603,0.438596,0.095963,0.008345,0.433862,0.330525,0.359844,0.373543
2021,Youngstown St,10,105.895166,103.620329,70.002778,-1.285201,0.582042,1,0,7,0,0.681951,0,0.306931,0.164015,0.350151,0.649849,0.321172,0.48675,0.08624,0.023279,0.36244,0.401286,0.339056,0.287684
2022,Abilene Chrstn,3,108.523029,97.138798,72.95,11.100426,19.79486,7,10,0,0,0.667321,0,0.312236,0.171143,0.331132,0.668868,0.374498,0.566168,0.150788,0.025339,0.356928,0.37883,0.32172,0.331825
2022,Academy Art,4,113.628901,107.768332,74.075,21.872073,18.072056,0,1,0,0,0.493635,0,0.516129,0.175498,0.296875,0.703125,0.272,0.421053,0.134998,0.027,0.248,0.385523,0.34353,0.289603
2022,Air Force,7,99.439471,97.372575,63.547414,18.688991,11.68898,3,5,0,0,0.116445,0,0.3328,0.214339,0.223377,0.776623,0.267919,0.577352,0.085736,0.047751,0.434934,0.373998,0.340782,0.312256
2022,Akron,4,114.478912,96.082043,64.459848,11.573606,19.291254,5,14,1,0,0.772699,0,0.357045,0.1777,0.282496,0.717504,0.396907,0.487593,0.090731,0.051242,0.418671,0.385341,0.330957,0.293447
2022,Alabama,1,118.104987,97.037997,73.817188,27.918507,30.366993,19,0,0,0,0.488612,0,0.308411,0.197278,0.338546,0.661454,0.33549,0.528814,0.094829,0.063925,0.479343,0.368017,0.336723,0.325406
2022,Alabama A&M,9,92.096081,92.968581,69.399167,10.212472,5.605802,0,6,0,0,0.666266,0,0.271462,0.195487,0.294533,0.705467,0.335257,0.434451,0.101826,0.04611,0.248702,0.343746,0.327212,0.315165
2022,Alabama St,8,100.842473,100.803809,71.676667,13.209546,7.249542,0,5,4,0,0.417805,0,0.329787,0.215319,0.308219,0.691781,0.368545,0.491667,0.103241,0.04976,0.330986,0.337976,0.324181,0.3157
2022,Alcorn St,7,100.761863,100.226318,69.610606,14.260046,10.924746,0,9,1,0,0.717458,0,0.314488,0.201119,0.323729,0.676271,0.330898,0.424779,0.107525,0.039179,0.295407,0.343447,0.325491,0.317749
2022,Alice Lloyd,14,72.367319,118.108871,76.65,15.417825,-24.715507,0,0,0,0,0.000451,0,0.263158,0.334855,0.268817,0.731183,0.265823,0.517241,0.086975,0.030441,0.240506,0.443041,0.352691,0.251905
2022,Allen,15,78.066503,142.783977,72.9,23.164731,-32.635265,0,0,0,0,0.000019,0,0.333333,0.192044,0.25,0.75,0.064516,0.55,0.05487,0.068587,0.387097,0.348667,0.316342,0.285938
2022,Alliance U,12,93.333701,138.326531,67.9875,25.026659,-14.27333,0,0,0,0,0.000345,0,0.27451,0.15444,0.5,0.5,0.160305,0.44186,0.080897,0.014709,0.389313,0.331166,0.346248,0.342792
2022,American,9,99.52476,103.266508,66.278125,10.752933,4.184199,0,4,1,0,0.409344,0,0.330595,0.201801,0.25941,0.74059,0.255613,0.49936,0.098543,0.046207,0.280368,0.374294,0.3459,0.280032
2022,American Int'l,8,82.476413,89.226884,72.8,19.791321,7.991331,0,0,0,0,0.02655,0,0.272727,0.192308,0.368421,0.631579,0.115942,0.636364,0.151099,0.054945,0.318841,0.292235,0.336714,0.360403
2022,ANTELOPE,11,73.158188,105.905172,72.6,20.121388,-10.678628,0,0,0,0,0.001207,0,0.136364,0.275482,0.392857,0.607143,0.285714,0.294118,0.165289,0.027548,0.392857,0.312856,0.370909,0.381684
2022,App State,4,106.754068,94.519788,65.537121,13.448235,17.136472,6,10,0,0,0.522736,0,0.332518,0.154435,0.283262,0.716738,0.266701,0.516896,0.08554,0.035603,0.426931,0.382834,0.327535,0.295664
2022,Apprentice,14,78.613891,125.962153,74.3,9.267913,-27.532081,0,0,0,0,0.000445,0,0.214286,0.282638,0.225806,0.774194,0.595745,0.555556,0.040377,0.080754,0.297872,0.33648,0.331683,0.363132
2022,Aquinas,10,83.949726,96.86615,68.025,4.648717,-3.151282,0,0,1,0,0.048245,0,0.1875,0.235208,0.25,0.75,0.372549,0.684211,0.044101,0,0.313725,0.453917,0.332487,0.251152
2022,AR-Pine Bluff,10,99.537864,108.434487,69.534677,11.7454,0.500231,0,2,2,0,0.330457,0,0.300283,0.190204,0.299014,0.700986,0.344092,0.503526,0.102989,0.037113,0.406916,0.34184,0.323867,0.313696
2022,Arizona,1,123.303964,92.919838,73.358088,22.958251,38.444726,24,7,0,0,0.76346,0,0.353887,0.179619,0.276671,0.723329,0.351222,0.654106,0.091413,0.077781,0.357451,0.3626,0.338118,0.306054
2022,Arizona St,3,103.657517,88.440799,69.033871,25.543153,23.394755,11,3,0,0,0.681508,0,0.30703,0.172893,0.264973,0.735027,0.212493,0.534194,0.096727,0.061214,0.37213,0.370779,0.342418,0.303529
2022,Ark Baptist,11,89.99636,109.823622,74.066667,7.678941,-7.787731,0,0,1,0,0.040023,0,0.378049,0.211521,0.191489,0.808511,0.179775,0.485714,0.09901,0.031503,0.460674,0.396251,0.321265,0.332798
2022,Arkansas,1,114.369432,96.27068,72.880303,25.142574,32.012846,20,7,0,0,0.6459,0,0.306569,0.172969,0.294678,0.705322,0.379,0.52901,0.106027,0.057379,0.3425,0.381862,0.330175,0.310888
2022,Arkansas St,5,106.093223,93.135378,69.734483,12.789292,15.472046,3,9,0,0,0.418578,0,0.310891,0.199278,0.281609,0.718391,0.331518,0.606711,0.113237,0.047965,0.305505,0.366238,0.332057,0.313039
2022,Arlington Bapt,16,57.172296,146.87125,80.375,6.93973,-65.860276,0,0,0,0,0.000001,0,0.272727,0.261275,0.25,0.75,0.081967,0.647059,0.087092,0.037325,0.360656,0.328827,0.312775,0.36649
2022,Army,8,103.272901,97.419061,70.160484,8.296947,8.535673,0,8,2,0,0.341162,0,0.320552,0.187588,0.30156,0.69844,0.315933,0.483831,0.111725,0.026667,0.354541,0.372426,0.339366,0.2628
2022,Asbury,12,85.180539,121.364916,68.75,14.801539,-13.998462,0,0,0,0,0.001682,0,0.333333,0.145455,0.266667,0.733333,0.16129,0.5,0.072727,0.043636,0.435484,0.408771,0.340397,0.216567
2022,Ashland,6,89.942606,93.569939,69.75,23.49193,12.691931,0,0,0,0,0.03094,0,0.333333,0.258065,0.15,0.85,0.196078,0.590909,0.100358,0.057348,0.352941,0.423956,0.315358,0.295726
2022,Auburn,1,116.833381,89.574989,72.732031,24.57766,35.136486,23,5,0,0,0.620438,0,0.320197,0.166278,0.312207,0.687793,0.316126,0.522371,0.120734,0.109133,0.399213,0.37949,0.331331,0.315851
2022,Austin Peay,7,101.267899,98.464349,66.968966,13.494063,9.707857,1,7,0,0,0.47073,0,0.315427,0.208022,0.323529,0.676471,0.266016,0.585949,0.095773,0.030379,0.442953,0.383631,0.340012,0.289682
2022,AZ Chrstn,7,98.743762,97.908957,71.7,15.13958,11.339566,0,0,0,0,0.08311,0,0.36,0.306834,0.296296,0.703704,0.230769,0.565217,0.069735,0.013947,0.480769,0.385443,0.344828,0.320253
2022,B'tine Mesa,16,63.337939,123.397412,77.65,4.348852,-41.451172,0,0,1,0,0.000099,0,0.333333,0.257566,0.189189,0.810811,0.241379,0.388889,0.038635,0.012878,0.206897,0.41897,0.358344,0.280759
2022,Babson,8,88.007999,91.562593,76.85,13.511096,6.711113,0,0,0,0,0.055604,0,0.333333,0.195185,0.162162,0.837838,0.092308,0.541667,0.104099,0,0.461538,0.428025,0.331845,0.263057
2022,Bakersfield,7,102.530398,97.611466,65.268519,12.620546,10.183488,1,3,2,0,0.248323,0,0.284123,0.179316,0.340494,0.659506,0.305195,0.414219,0.090793,0.03348,0.233117,0.365631,0.334612,0.316661
2022,Ball State,7,107.63176,102.241326,71.994355,12.565314,10.010475,1,8,1,0,0.409685,0,0.360544,0.194012,0.272398,0.727602,0.374089,0.517766,0.084236,0.033605,0.412227,0.388686,0.33578,0.302031
2022,Baptist (MO),14,88.467456,139.47372,68,13.268363,-24.531649,0,0,0,0,0.000377,0,0.335,0.17,0.31,0.69,0.29,0.55,0.095,0.08,0.379364,0.34396,0.365854,0.310962
2022,Barclay,16,54.660289,148.646509,81.65,2.204972,-72.595036,0,0,1,0,0.000001,0,0.230769,0.28169,0.380952,0.619048,0.233333,0.533333,0.097979,0,0.433333,0.362946,0.322061,0.382817
2022,Baylor,1,119.914193,89.967391,68.878125,25.281291,37.68717,20,3,0,0,0.680091,0,0.345578,0.18148,0.343434,0.656566,0.285421,0.561462,0.127943,0.049453,0.37731,0.367573,0.329515,0.305967
2022,Belhaven,14,69.081874,110.312065,82.5,10.363796,-26.43621,0,0,0,0,0.000445,0,0.264706,0.351515,0.2,0.8,0.4,0.611111,0.072727,0.012121,0.68,0.225245,0.311594,0.399347
2022,Bellarmine,5,113.890108,101.052966,63.878788,11.765176,14.801539,1,12,0,0,0.647536,0,0.340397,0.148008,0.240759,0.759241,0.216567,0.544419,0.087761,0.026091,0.408771,0.407349,0.341713,0.26339
2022,Belmont,2,116.016779,94.312521,70.960156,15.403767,25.167404,6,16,0,0,0.680092,0,0.331719,0.167788,0.23513,0.76487,0.268947,0.623656,0.129474,0.054608,0.434737,0.389124,0.342723,0.300081
2022,Bethel (IN),10,114.136209,132.036479,81.65,25.167404,-0.632595,0,0,0,0,0.002764,0,0.478261,0.269443,0.296296,0.703704,0.229508,0.5625,0.110227,0,0.377049,0.434737,0.331719,0.268947
2022,Bethesda,13,80.789539,115.499465,83.805,12.633659,-20.666362,0,0,1,0,0.086159,0,0.264706,0.189726,0.322485,0.677515,0.161202,0.495902,0.13245,0.029831,0.418033,0.364871,0.330268,0.321832
2022,Bethune,9,96.92954,98.773053,67.909167,10.338922,4.918919,0,7,3,0,0.39536,0,0.335664,0.196341,0.306748,0.693252,0.286804,0.456338,0.116823,0.035832,0.251613,0.350526,0.320198,0.301414
2022,Binghamton,8,103.088088,97.698262,67.750862,9.226644,8.833559,0,7,2,0,0.319482,0,0.353821,0.186281,0.266029,0.733971,0.229905,0.447721,0.08347,0.05395,0.355792,0.39192,0.33799,0.266262
2022,Birm-Southern,8,117.213913,118.012043,86.3,10.4473,6.647303,0,0,0,0,0.08311,0,0.259259,0.1854,0.363636,0.636364,0.383562,0.25,0.023175,0.023175,0.369863,0.417204,0.344072,0.350538
2022,Blue Mountain,10,101.354785,116.218437,71.7,14.629928,-0.170079,0,0,0,0,0.016599,0,0.454545,0.181311,0.178571,0.821429,0.206897,0.653846,0.083682,0.027894,0.37931,0.37708,0.330391,0.212553
2022,Bluefield,12,85.881122,115.480283,78.9625,11.990796,-14.8092,0,0,0,0,0.009856,0,0.264706,0.158303,0.360465,0.639535,0.150327,0.291667,0.094982,0.012664,0.444444,0.418629,0.321655,0.248016
2022,Bob Jones,14,81.955552,128.036762,81.3125,11.033651,-29.516344,0,0,1,0,0.000869,0,0.271028,0.239816,0.365217,0.634783,0.273438,0.314607,0.10146,0.021522,0.417969,0.411856,0.309523,0.302187
2022,Boise St,1,112.148948,88.005672,65.625735,21.301266,28.33554,21,4,0,0,0.742776,0,0.348128,0.185096,0.291001,0.708999,0.349677,0.471154,0.090083,0.053333,0.38847,0.364564,0.340697,0.311318
2022,Boston College,3,107.813757,94.457655,66.77197,21.608619,20.03893,6,5,0,0,0.428564,0,0.309446,0.178355,0.311229,0.688771,0.295886,0.503695,0.108011,0.044021,0.32384,0.365165,0.345969,0.294751
2022,Boston U,6,111.635191,104.826336,66.104545,10.774732,13.751889,2,15,2,0,0.576115,0,0.357654,0.18474,0.294016,0.705984,0.291398,0.430246,0.087556,0.038506,0.375806,0.368134,0.341844,0.270768
2022,Bowling Green,7,110.268026,103.633651,75.147581,9.906942,9.371459,2,5,2,0,0.222095,0,0.339547,0.163549,0.314476,0.685524,0.314723,0.442679,0.097443,0.045502,0.371047,0.397465,0.32904,0.291102
2022,Boyce,14,69.969534,123.059956,69.9375,18.117985,-24.682013,0,0,0,0,0.000999,0,0.173077,0.178731,0.196721,0.803279,0.217391,0.46875,0.057194,0.007149,0.452174,0.461106,0.357403,0.272163
2022,Bradley,3,109.973871,89.509162,68.014516,18.123548,23.104192,8,7,0,0,0.590063,0,0.337535,0.199198,0.291181,0.708819,0.278889,0.524406,0.093434,0.067348,0.396667,0.396092,0.346495,0.294901
2022,Brescia,12,86.712384,123.321061,74.75,22.236052,-13.563949,0,0,0,0,0.000525,0,0.363636,0.374582,0.344828,0.655172,0.192308,0.454545,0.080268,0,0.423077,0.430873,0.328106,0.320166
2022,Brevard,15,68.650337,139.832769,69.55,15.389993,-38.410002,0,0,0,0,0.000026,0,0.222222,0.330697,0.419355,0.580645,0.352941,0.666667,0.115025,0,0.352941,0.403426,0.357247,0.375665
2022,Brewton Parker,15,54.15168,120.213967,76.85,17.159833,-39.640166,0,0,0,0,0.000016,0,0.210526,0.403383,0.405405,0.594595,0.103448,0.466667,0.078074,0.013012,0.327586,0.376728,0.328746,0.292627
2022,Bridgewater VA,11,87.926129,110.239009,68.125,16.355126,-3.444867,0,0,0,0,0.007413,0,0.294118,0.176147,0.409091,0.590909,0.258621,0.684211,0.058716,0,0.586207,0.355178,0.347611,0.377414
2022,Brown,5,106.409618,94.882745,69.773276,13.431091,14.913863,1,7,0,0,0.413943,0,0.312874,0.188295,0.295432,0.704568,0.308009,0.479026,0.095877,0.055352,0.393404,0.399448,0.34083,0.274329
2022,Bryan (TN),13,73.334001,123.320147,73.225,22.236052,-22.563949,0,0,0,0,0.000117,0,0.142857,0.3141,0.25,0.75,0.207547,0.421053,0.027313,0,0.264151,0.430873,0.328106,0.320166
2022,Bryant,6,109.268262,99.786536,73.495161,9.344288,13.920061,2,12,1,0,0.770016,0,0.308057,0.189172,0.304348,0.695652,0.322348,0.51533,0.086027,0.06057,0.434604,0.356187,0.324214,0.279541
2022,BRYN ATHYN,15,57.069419,116.220483,76.75,6.703693,-39.096299,0,0,0,0,0.000099,0,0.214286,0.247557,0.227273,0.772727,0.172414,0.266667,0.117264,0,0.482759,0.420107,0.320127,0.31225
2022,Bucknell,9,106.014223,109.284114,69.932031,12.181826,4.331842,0,7,3,0,0.388732,0,0.375929,0.192151,0.219921,0.780079,0.28324,0.575795,0.066136,0.044686,0.375978,0.373315,0.345059,0.268257
2022,Buffalo,3,114.718652,95.717914,72.325833,12.000801,19.880803,3,11,0,0,0.686506,0,0.341823,0.182507,0.333857,0.666143,0.260092,0.506173,0.098628,0.06314,0.381196,0.379447,0.335185,0.307062
2022,Buffalo St,16,70.563984,134.564221,79.95,15.780954,-41.019031,0,0,0,0,0.000016,0,0.25,0.212633,0.322581,0.677419,0.027778,0.545455,0.075047,0.012508,0.444444,0.360548,0.345455,0.27652
2022,Bushnell,14,55.181974,101.207092,78.65,15.986277,-25.813739,0,0,0,0,0.000193,0,0.125,0.178004,0.15,0.85,0.229508,0.230769,0.050858,0.025429,0.393443,0.380488,0.344729,0.351762
2022,Butler,3,106.309696,93.936204,65.313636,24.437003,20.86125,9,1,0,0,0.328445,0,0.304927,0.183265,0.275162,0.724838,0.303502,0.484646,0.079337,0.037117,0.417454,0.371422,0.336661,0.309375
2022,BYU,2,113.612676,100.351288,69.375,21.132743,26.498446,10,13,0,0,0.684277,0,0.35452,0.183784,0.275697,0.724303,0.272109,0.521387,0.071622,0.045495,0.370487,0.374308,0.343747,0.301401
2022,C Arkansas,9,104.11519,105.534663,73.609677,13.372881,5.953527,2,7,0,0,0.471841,0,0.300435,0.18581,0.284804,0.715196,0.226531,0.515081,0.092467,0.043385,0.351531,0.405257,0.336961,0.287426
2022,C Connecticut,9,96.307203,103.671795,66.960156,11.547182,2.256289,0,5,3,0,0.296348,0,0.34157,0.205813,0.290196,0.709804,0.291168,0.492754,0.092872,0.032669,0.392023,0.371794,0.32562,0.283291
2022,C Michigan,9,101.150854,105.693289,69.085833,16.325768,5.825768,1,4,1,0,0.181845,0,0.341176,0.196374,0.277387,0.722613,0.304835,0.497118,0.090708,0.043907,0.400943,0.387473,0.338778,0.297766
2022,CA Baptist,6,105.772818,95.670101,69.618939,10.701568,13.513319,1,9,1,0,0.500385,0,0.332913,0.200659,0.267915,0.732085,0.370994,0.651048,0.073561,0.040045,0.430744,0.381694,0.319651,0.314543
2022,Cairn,15,53.66932,107.074619,75.275,-2.278955,-38.078945,0,0,1,0,0.000525,0,0.129032,0.239123,0.315789,0.684211,0.138462,0.5,0.053138,0,0.476923,0.331844,0.325,0.30568
2022,Cal Lutheran,11,93.137782,117.616458,69.275,16.584827,-5.215193,0,0,0,0,0.006512,0,0.4,0.137135,0.307692,0.692308,0.141732,0.531915,0.108264,0.02887,0.275591,0.291314,0.333262,0.315794
2022,Cal Poly,8,97.24298,97.027496,66.291964,12.929797,7.41549,1,4,3,0,0.242126,0,0.289941,0.221962,0.264556,0.735444,0.367586,0.49747,0.071114,0.036634,0.349655,0.34378,0.330056,0.312064
2022,California,4,104.419831,92.799906,65.472656,23.1457,19.445688,6,5,0,0,0.323034,0,0.307557,0.171827,0.248885,0.751115,0.253059,0.452381,0.074459,0.039616,0.316463,0.371212,0.336664,0.303138
2022,Caltech,14,71.828585,118.148487,76.325,10.568219,-27.231803,0,0,0,0,0.000377,0,0.189189,0.248935,0.357143,0.642857,0.101449,0.55,0.078611,0.026204,0.536232,0.455761,0.370112,0.320815
2022,CALV MO,16,48.434553,123.991037,73.075,13.268363,-45.531649,0,0,0,0,0.000011,0,0.090909,0.383168,0.185185,0.814815,0.404762,0.666667,0.068423,0.013685,0.52381,0.34396,0.365854,0.310962
2022,Camp-Harrod,14,87.558454,133.956505,78.55,10.101538,-28.698463,0,0,0,0,0.000319,0,0.277778,0.229153,0.25,0.75,0.305085,0.72,0.114577,0.038192,0.305085,0.32577,0.349917,0.318206
2022,Campbell,6,105.979114,92.820174,64.473276,9.553429,13.725849,0,11,1,0,0.429413,0,0.318339,0.162056,0.221861,0.778139,0.275048,0.560333,0.096271,0.035299,0.368858,0.392299,0.32415,0.296506
2022,Campbellsville,11,88.634622,116.130349,77.65,28.791403,-5.008597,0,0,0,0,0.000733,0,0.307692,0.218931,0.233333,0.766667,0.229508,0.428571,0.025757,0.025757,0.42623,0.376289,0.353425,0.313402
2022,Canisius,7,102.772355,97.361663,69.953125,13.856111,11.056124,2,8,0,0,0.412275,0,0.306096,0.168863,0.314537,0.685463,0.298661,0.535393,0.086218,0.037078,0.397013,0.371597,0.332156,0.301971
2022,CARLOW,16,64.638409,150.860969,80.433333,12.992104,-60.474557,0,0,0,0,0.000011,0,0.150685,0.244509,0.356322,0.643678,0.14,0.368421,0.07874,0.020721,0.365,0.426004,0.355842,0.283715
2022,Carolina U,13,84.795443,131.117631,71.325,17.947424,-20.852568,0,0,0,0,0.000319,0,0.35,0.350508,0.222222,0.777778,0.142857,0.363636,0.084122,0.028041,0.408163,0.367021,0.37971,0.348936
2022,Carroll (MT),10,102.407626,127.850676,67.75,26.910561,0.110547,0,0,0,0,0.002342,0,0.444444,0.118081,0.25,0.75,0.163934,0.384615,0.04428,0.02952,0.147541,0.401397,0.342704,0.28533
2022,Carver,16,67.240692,133.107838,74.120833,12.443967,-39.811587,0,0,1,0,0.00028,0,0.237057,0.295314,0.274648,0.725352,0.222803,0.432343,0.091442,0.020987,0.383891,0.3849,0.331691,0.295599
2022,Cent Baptist,11,86.02942,109.747932,78.15,15.472046,-8.327958,0,0,0,0,0.003845,0,0.133333,0.230326,0.325,0.675,0.596491,0.45,0.06398,0,0.263158,0.305505,0.310891,0.331518
2022,Cent Meth,11,100.285273,135.447663,67.025,26.498446,-6.301567,0,0,0,0,0.000865,0,0.333333,0.298396,0.272727,0.727273,0.431818,0.409091,0.074599,0.02984,0.272727,0.370487,0.35452,0.272109
2022,Centenary (LA),13,92.514118,134.502145,75.325,10.189216,-23.610788,0,0,0,0,0.000733,0,0.314286,0.212413,0.323529,0.676471,0.104478,0.48,0.013276,0.026552,0.522388,0.350839,0.337963,0.260964
2022,Centre Col,12,72.001961,104.66989,80.375,20.872076,-13.927924,0,0,0,0,0.000621,0,0.261905,0.22395,0.25,0.75,0.070423,0.6,0.062208,0.012442,0.591549,0.3687,0.353957,0.301857
2022,Chaminade,10,88.700849,111.933762,68.283333,24.692198,-2.97447,0,0,0,0,0.004085,0,0.293103,0.185502,0.428571,0.571429,0.242105,0.4,0.092751,0.034171,0.305263,0.402655,0.339429,0.289357
2022,Champ Chrstn,15,74.161575,128.673199,81.429167,6.043767,-38.589571,0,0,3,0,0.003723,0,0.290503,0.296781,0.287356,0.712644,0.215686,0.523438,0.07573,0.032748,0.501401,0.351916,0.325355,0.300912
2022,Charleston,4,110.432262,96.335323,74.782031,16.795435,18.545443,6,8,0,0,0.437604,0,0.339426,0.208941,0.340821,0.659179,0.30358,0.471508,0.10656,0.036774,0.375674,0.388006,0.335672,0.293129
2022,Charleston So,9,99.111667,102.772829,71.551613,9.840582,2.395426,0,3,2,0,0.233458,0,0.308434,0.20468,0.292596,0.707404,0.304158,0.497987,0.09152,0.041928,0.454048,0.370345,0.331392,0.312287
2022,Charlotte,5,111.402049,101.209471,66.439516,17.127174,15.623949,4,12,0,0,0.495869,0,0.345185,0.172847,0.227038,0.772962,0.279741,0.554417,0.072343,0.043697,0.397527,0.389909,0.336748,0.297146
2022,Chattanooga,2,117.700404,94.589481,66.446324,14.677684,24.569118,8,17,0,0,0.688389,0,0.346497,0.165547,0.296478,0.703522,0.267302,0.473797,0.108004,0.033198,0.393681,0.437521,0.34636,0.27422
2022,Chicago St,9,98.139642,105.464339,67.026562,15.711803,3.730544,1,4,0,0,0.122351,0,0.309949,0.220994,0.346767,0.653233,0.293691,0.432857,0.081591,0.033569,0.437744,0.371316,0.331797,0.323351
2022,Chowan,12,86.723129,119.888441,72.6,11.652859,-15.147133,0,0,0,0,0.002342,0,0.15,0.23416,0.206897,0.793103,0.296296,0.521739,0.055096,0.041322,0.37037,0.33953,0.334944,0.34281
2022,Cincinnati,3,108.583709,89.016512,68.503788,20.685869,23.49193,5,12,0,0,0.251952,0,0.315358,0.153055,0.309951,0.690049,0.295726,0.533251,0.09201,0.056179,0.423956,0.372038,0.326338,0.318715
2022,Clarks Summit,15,71.934051,128.135417,71.975,11.013877,-31.786116,0,0,0,0,0.000173,0,0.212121,0.298715,0.296296,0.703704,0.43299,0.451613,0.083362,0.034734,0.340206,0.484203,0.3515,0.27782
2022,Clayton State,14,80.047691,136.995787,71.875,18.024459,-28.775536,0,0,0,0,0.000084,0,0.153846,0.222609,0.4,0.6,0.462963,0.722222,0.083478,0.069565,0.481481,0.346195,0.352941,0.246517
2022,Clemson,2,114.818229,94.021101,67.124242,22.745002,25.532887,12,4,0,0,0.497905,0,0.362606,0.164327,0.245844,0.754156,0.297645,0.552291,0.088032,0.034761,0.377944,0.373471,0.339252,0.290726
2022,Cleveland St,5,112.282279,99.829515,69.711667,10.958804,15.758806,0,10,0,0,0.449607,0,0.332203,0.192698,0.316492,0.683508,0.36332,0.605327,0.123843,0.048294,0.342426,0.394439,0.325354,0.283878
2022,Coastal,4,111.554555,105.755928,67.708621,11.557706,18.103161,4,11,0,0,0.687716,0,0.360738,0.193527,0.312014,0.687986,0.318532,0.509855,0.097782,0.054493,0.352872,0.381005,0.326387,0.290151
2022,Coastal GA,11,86.320751,118.615674,66.85,15.836828,-9.963169,0,0,0,0,0.002764,0,0.434783,0.26926,0.285714,0.714286,0.115385,0.7,0.059835,0,0.442308,0.315944,0.346939,0.2966
2022,Coe,10,94.765605,114.421675,70.75,24.418638,1.618635,0,0,0,0,0.004534,0,0.352941,0.240283,0.285714,0.714286,0.175439,0.36,0.113074,0,0.298246,0.346614,0.337644,0.290339
2022,Colgate,4,115.657817,97.759125,68.011029,10.927842,19.596429,1,13,0,0,0.86822,0,0.402628,0.166495,0.243902,0.756098,0.26542,0.619958,0.091681,0.054057,0.423155,0.362455,0.337894,0.282214
2022,Colorado,2,111.234588,93.142654,68.821875,22.407657,25.298556,13,6,0,0,0.683808,0,0.369748,0.197975,0.269295,0.730705,0.351034,0.536616,0.080825,0.046769,0.332588,0.360302,0.331786,0.2961
2022,Colorado Coll,14,76.521989,125.812642,73.8875,11.756036,-27.543986,0,0,0,0,0.000319,0,0.23913,0.216545,0.2,0.8,0.258929,0.512821,0.094739,0.033835,0.410714,0.347366,0.333426,0.307617
2022,Colorado St,2,118.820599,95.684564,66.183333,21.179694,27.915167,17,6,0,0,0.655216,0,0.357812,0.152103,0.207941,0.792059,0.303951,0.533835,0.094686,0.047847,0.389058,0.387159,0.341591,0.30223
2022,Columbia,10,98.80237,106.329986,71.267308,12.144113,0.721052,0,2,0,0,0.035064,0,0.356115,0.213713,0.287582,0.712418,0.262745,0.480799,0.083111,0.028603,0.363399,0.405437,0.340542,0.262031
2022,Columbia Int'l,9,103.467697,115.007376,68.2,14.934937,3.134944,0,0,0,0,0.02916,0,0.369565,0.183284,0.259259,0.740741,0.210526,0.44,0.065982,0.014663,0.403509,0.382222,0.32369,0.28127
2022,Concordia (MN),13,75.717824,134.139092,62.9,16.47291,-24.327105,0,0,0,0,0.000229,0,0.363636,0.27027,0.25,0.75,0.08,0.263158,0.031797,0.047695,0.22,0.373269,0.35806,0.338658
2022,Concordia (TX),8,114.382601,107.60838,72.075,1.749209,8.949201,0,0,0,0,0.881265,0,0.47619,0.235865,0.242424,0.757576,0.309091,0.612903,0.138744,0.027749,0.381818,0.447829,0.347607,0.284264
2022,Concordia MI,9,104.90282,120.124226,69.325,19.468878,2.66888,0,0,0,0,0.012056,0,0.409091,0.274071,0.193548,0.806452,0.132075,0.444444,0.057699,0.02885,0.415094,0.456024,0.340022,0.30605
2022,Converse,13,65.584059,109.901704,68.191667,14.201692,-19.598302,0,0,0,0,0.00083,0,0.227848,0.229745,0.252632,0.747368,0.22561,0.604651,0.117316,0.034217,0.481707,0.403838,0.353887,0.314901
2022,Coppin St,8,95.371417,96.175497,73.9375,13.825351,7.175359,0,6,1,0,0.39699,0,0.296537,0.194844,0.228519,0.771481,0.345759,0.493706,0.109045,0.040575,0.49919,0.359768,0.333703,0.320014
2022,Cornell,5,111.255276,97.72568,73.617308,10.520939,15.182493,3,7,0,0,0.511979,0,0.348128,0.193307,0.261929,0.738071,0.303492,0.612245,0.107625,0.039706,0.457778,0.421189,0.342231,0.250685
2022,Covenant,14,68.971329,122.532849,71.8,17.992099,-26.307898,0,0,0,0,0.00061,0,0.230769,0.25766,0.224138,0.775862,0.142857,0.424242,0.083565,0.034819,0.464286,0.371747,0.325306,0.28509
2022,Creighton,2,109.281332,93.83022,68.659091,24.97335,27.407638,18,4,0,0,0.567061,0,0.306519,0.204789,0.251781,0.748219,0.259671,0.510588,0.07812,0.064438,0.382088,0.378632,0.336915,0.307917
2022,Crown,11,82.073987,106.548768,66.8,7.807626,-8.992384,0,0,0,0,0.012056,0,0.181818,0.224551,0.272727,0.727273,0.133333,0.318182,0.04491,0.02994,0.366667,0.515152,0.357219,0.22314
2022,Crwlys Rdg,13,84.060408,127.327249,73.325,21.965981,-17.834023,0,0,0,0,0.00027,0,0.333333,0.231845,0.357143,0.642857,0.111111,0.7,0.027276,0.013638,0.47619,0.412794,0.340194,0.313843
2022,CSU Northridge,9,97.58992,102.545714,66.355,13.731874,3.95852,0,6,0,1,0.214628,0,0.30315,0.184362,0.309874,0.690126,0.293349,0.405605,0.108507,0.038178,0.301663,0.349901,0.329066,0.316205
2022,Culver Stock,11,99.016514,120.763705,72.8,12.103699,-6.69631,0,0,0,0,0.008724,0,0.32,0.096154,0.2,0.8,0.115942,0.296296,0.041209,0.013736,0.362319,0.409366,0.335793,0.302618
2022,Cumberland,10,115.9553,139.802693,72.725,28.791403,-0.008597,0,0,0,0,0.001682,0,0.407407,0.110003,0.25,0.75,0.553571,0.304348,0.096253,0.027501,0.482143,0.376289,0.353425,0.313402
2022,Dall Christian,13,78.305245,121.318613,74.44,11.093975,-23.506031,0,0,2,0,0.004641,0,0.36036,0.276733,0.283688,0.716312,0.108844,0.672897,0.091349,0.042988,0.377551,0.355573,0.324963,0.297109
2022,Dallas,13,91.64635,133.834262,76.725,19.79486,-20.005151,0,0,0,0,0.00027,0,0.3125,0.234604,0.25,0.75,0.596154,0.555556,0.052134,0.039101,0.307692,0.356928,0.312236,0.374498
2022,Dartmouth,5,105.126108,95.258344,68.149,13.761406,14.561417,1,5,0,0,0.538307,0,0.338931,0.169041,0.25393,0.74607,0.240576,0.429276,0.097434,0.049304,0.448938,0.398894,0.346589,0.276079
2022,Davidson,2,120.14642,96.410741,66.299242,17.584381,26.896152,11,13,0,0,0.723423,0,0.386454,0.148546,0.215235,0.784765,0.320022,0.55,0.070388,0.03885,0.411926,0.379323,0.332864,0.29342
2022,Dayton,2,113.960111,93.771115,64.535606,19.584478,27.218768,13,11,0,0,0.68783,0,0.365449,0.193457,0.267532,0.732468,0.313492,0.562945,0.087807,0.059634,0.34127,0.374595,0.340869,0.299149
2022,Defiance,15,76.132163,136.591983,67.85,12.586613,-31.213386,0,0,0,0,0.000201,0,0.233333,0.201425,0.306452,0.693548,0.104046,0.464286,0.083518,0.004913,0.520231,0.405414,0.344465,0.252733
2022,Delaware,4,112.927975,99.984452,68.572794,15.304535,18.413117,6,12,0,0,0.586587,0,0.352459,0.184433,0.263016,0.736984,0.339153,0.485908,0.096505,0.054472,0.387302,0.390232,0.336127,0.289028
2022,Delaware St,10,90.616551,99.702852,71.590179,8.471036,-2.278955,0,0,2,0,0.087005,0,0.325,0.243948,0.282675,0.717325,0.30568,0.42812,0.101271,0.055874,0.331844,0.383096,0.319992,0.319323
2022,Denver,8,106.23742,103.496173,69.090625,11.863704,8.319942,0,6,2,0,0.312125,0,0.36767,0.187254,0.236434,0.763566,0.318105,0.482843,0.075535,0.048397,0.355894,0.38451,0.348166,0.307847
2022,DePaul,3,111.671313,93.816721,70.799194,23.293512,23.874162,8,6,0,0,0.42039,0,0.31677,0.173138,0.30737,0.69263,0.334041,0.433824,0.087936,0.070622,0.342007,0.386243,0.333195,0.295441
2022,DePauw,10,99.947637,113.767129,59.425,6.701765,-1.098236,0,0,0,0,0.048245,0,0.3,0.151451,0.15,0.85,0.058824,0.4,0.08414,0,0.392157,0.469956,0.329744,0.242884
2022,Detroit Mercy,6,111.49701,107.232853,65.550862,11.50241,12.802412,0,6,1,0,0.492915,0,0.373153,0.17833,0.292257,0.707743,0.231049,0.488211,0.089954,0.029459,0.49242,0.388736,0.328808,0.284782
2022,Dickinson St,15,44.423639,106.435211,66.95,11.700101,-32.099922,0,0,0,0,0.000139,0,0.05,0.268857,0.1875,0.8125,0.037037,0.416667,0.074683,0.04481,0.37037,0.365868,0.349454,0.361872
2022,Dillard,12,86.385949,112.987091,79.75,10.363796,-13.43621,0,0,0,0,0.003845,0,0.136364,0.137931,0.365854,0.634146,0.126582,0.464286,0.087774,0.050157,0.278481,0.225245,0.311594,0.399347
2022,Dist Columbia,12,80.749163,107.637933,77.5,13.200375,-11.599616,0,0,0,0,0.003261,0,0.230769,0.206452,0.25,0.75,0.333333,0.428571,0.090323,0.012903,0.216667,0.395255,0.358712,0.351273
2022,Drake,2,114.666895,97.720563,67.703676,17.56864,24.418638,8,13,0,0,0.769463,0,0.337644,0.158997,0.294019,0.705981,0.290339,0.432018,0.104261,0.047786,0.346614,0.411398,0.345915,0.286329
2022,Drexel,4,111.457483,97.019754,68.642241,15.314719,17.976797,4,8,1,0,0.589895,0,0.34647,0.158744,0.251762,0.748238,0.253201,0.454774,0.069325,0.043705,0.354482,0.397475,0.343228,0.294706
2022,Dubuque,11,96.319081,136.380538,65.75,23.160439,-10.639563,0,0,0,0,0.000733,0,0.25,0.1673,0.36,0.64,0.169492,0.571429,0.045627,0,0.610169,0.428145,0.349582,0.334526
2022,Duke,1,125.355384,105.147997,68.507353,23.777155,35.484853,24,7,0,0,0.674316,0,0.368212,0.149404,0.278802,0.721198,0.285853,0.569871,0.094451,0.080713,0.365795,0.374195,0.346236,0.294137
2022,Duquesne,7,102.753311,101.52835,67.8475,19.015556,10.495562,2,3,0,0,0.046655,0,0.30456,0.169006,0.333984,0.666016,0.218784,0.404313,0.097768,0.06436,0.333333,0.363948,0.338915,0.295734
2022,E Illinois,10,88.422457,101.744318,67.020968,12.529153,-1.864394,0,3,1,0,0.127794,0,0.325704,0.238731,0.241228,0.758772,0.315252,0.589085,0.094337,0.044762,0.362476,0.388257,0.340109,0.289007
2022,E Kentucky,6,109.371723,97.801834,74.489516,8.485962,12.369834,0,7,2,0,0.30641,0,0.35277,0.1559,0.348485,0.651515,0.213176,0.546787,0.136845,0.048935,0.484235,0.386722,0.330729,0.276418
2022,E Menonite,14,70.631823,111.683582,82.275,14.280792,-24.519199,0,0,0,0,0.000319,0,0.238095,0.328168,0.297297,0.702703,0.145161,0.409091,0.060772,0.024309,0.33871,0.358664,0.345104,0.293034
2022,E Michigan,8,100.400979,100.11379,72.378226,13.971901,7.20416,0,6,1,0,0.19568,0,0.308176,0.1912,0.243744,0.756256,0.303414,0.401535,0.080669,0.044123,0.35022,0.391754,0.342552,0.303533
2022,E Texas A&M,5,94.430957,85.144094,72.95,13.266948,16.466943,0,1,0,0,0.5,0,0.301887,0.253598,0.188406,0.811594,0.435644,0.627907,0.116518,0.03427,0.524752,0.34514,0.315119,0.293021
2022,E Washington,6,110.243028,102.882569,72.158333,10.334962,13.25847,2,4,2,0,0.582022,0,0.350303,0.182259,0.248355,0.751645,0.335567,0.592719,0.076011,0.038216,0.425258,0.387206,0.340052,0.318093
2022,Earlham,15,72.555713,125.739204,79.175,12.43533,-33.364668,0,0,0,0,0.000099,0,0.269231,0.315756,0.333333,0.666667,0.236364,0.722222,0.063151,0.01263,0.472727,0.448501,0.37181,0.26703
2022,East Carolina,5,105.629959,95.131699,69.585,19.445655,16.532323,4,9,0,0,0.392553,0,0.33284,0.186343,0.284091,0.715909,0.335267,0.631429,0.097243,0.044071,0.392111,0.382237,0.326452,0.313879
2022,East-West,13,78.94017,114.204194,75.85,5.18361,-21.116391,0,0,1,0,0.011505,0,0.3125,0.197759,0.211538,0.788462,0.094488,0.4375,0.079103,0.019776,0.377953,0.364275,0.311978,0.262946
2022,Eastern,9,82.979402,86.339503,78.55,7.930601,4.130621,0,0,0,0,0.08311,0,0,0.1655,0.368421,0.631579,0.253521,0.153846,0.17823,0.050923,0.15493,0.382155,0.381791,0.255892
2022,Eastern Oregon,12,94.311633,123.842448,65.55,3.579711,-14.220314,0,0,1,0,0.010259,0,0.25,0.244088,0.25,0.75,0.375,0.409091,0.045767,0.045767,0.333333,0.425373,0.309942,0.33893
2022,Ecclesia,15,79.651349,128.283321,82.045,6.790521,-33.809485,0,0,2,0,0.000562,0,0.348993,0.316899,0.216049,0.783951,0.175258,0.473684,0.082881,0.021939,0.512027,0.372445,0.32933,0.362284
2022,Eckerd,13,88.819239,134.818412,70.65,15.168506,-21.631493,0,0,0,0,0.000445,0,0.285714,0.226469,0.344828,0.655172,0.241379,0.521739,0.042463,0.014154,0.241379,0.472662,0.349189,0.293306
2022,Edinboro,9,95.056867,104.576161,68.125,15.758806,4.958808,0,0,0,0,0.03094,0,0.217391,0.205505,0.314286,0.685714,0.258621,0.375,0.073394,0,0.396552,0.342426,0.332203,0.36332
2022,Edward Waters,15,74.924022,124.266765,80.325,11.320869,-31.479132,0,0,0,0,0.000164,0,0.0625,0.186741,0.294118,0.705882,0.097222,0.4,0.037348,0.024899,0.222222,0.500861,0.339061,0.298336
2022,ELIZBTHTON,12,63.439075,94.399531,70.325,10.618169,-13.181814,0,0,0,0,0.003845,0,0.238095,0.298614,0.340909,0.659091,0.114754,0.6875,0.099538,0.028439,0.344262,0.384251,0.318952,0.245115
2022,Elon,7,105.451525,101.56993,67.29375,16.424941,11.299948,2,5,1,0,0.408471,0,0.342105,0.193647,0.267672,0.732328,0.257778,0.523499,0.071979,0.036222,0.443333,0.384828,0.335858,0.303972
2022,Embry Rid (AZ),15,76.652533,138.999641,71.875,4.348852,-39.451172,0,0,1,0,0.000139,0,0.285714,0.153043,0.214286,0.785714,0.454545,0.526316,0.069565,0,0.254545,0.41897,0.358344,0.280759
2022,EMERSON,13,64.598824,96.069557,77.8,8.291902,-17.50808,0,0,0,0,0.002764,0,0.277778,0.359897,0.319149,0.680851,0.131148,0.736842,0.089974,0.051414,0.295082,0.404375,0.330757,0.261875
2022,Emory & Henry,9,98.434482,106.944491,71.575,13.789654,3.989658,0,0,0,0,0.03633,0,0.282609,0.202585,0.352941,0.647059,0.278689,0.58,0.111771,0.034928,0.377049,0.380232,0.333804,0.298345
2022,Erskine,13,64.137114,106.710344,73.75,18.599987,-19.200009,0,0,0,0,0.002685,0,0.128205,0.271186,0.266667,0.733333,0.175439,0.3125,0.054237,0.033898,0.342105,0.455786,0.344076,0.27698
2022,ETSU,5,113.500725,103.415163,66.875,16.410616,15.47312,5,8,0,0,0.345363,0,0.350374,0.168224,0.313901,0.686099,0.229047,0.49238,0.100935,0.041589,0.417491,0.433828,0.348306,0.279239
2022,Evangel,13,86.00318,132.703835,72.7,25.64084,-18.159164,0,0,0,0,0.000139,0,0.208333,0.137552,0.310345,0.689655,0.181818,0.409091,0.110041,0.02751,0.363636,0.382046,0.374317,0.279749
2022,Evansville,8,97.261157,102.237153,65.113333,18.268432,6.701765,0,3,0,0,0.136256,0,0.329744,0.172008,0.178922,0.821078,0.242884,0.502385,0.091123,0.031228,0.469956,0.401223,0.345501,0.286223
2022,Evergreen,16,60.83129,125.999718,77.075,10.697251,-42.102774,0,0,0,0,0.000031,0,0.05,0.233539,0.4375,0.5625,0.261538,0.2,0.116769,0,0.307692,0.335958,0.298438,0.317585
2022,Fairfield,5,107.26475,95.615823,65.959091,12.572162,14.547935,0,11,0,0,0.484925,0,0.339648,0.167229,0.274321,0.725679,0.261237,0.480488,0.082236,0.046402,0.390799,0.359855,0.331128,0.309744
2022,Farmingdale St,12,82.825906,116.000466,72.425,11.782288,-15.017693,0,0,0,0,0.002342,0,0.37931,0.26234,0.235294,0.764706,0.05,0.590909,0.041422,0,0.483333,0.402688,0.339119,0.269355
2022,FAU,3,113.095932,97.107519,68.663636,14.455401,19.796576,2,11,0,0,0.427055,0,0.34934,0.188887,0.303258,0.696742,0.291774,0.502278,0.107242,0.041485,0.430936,0.381494,0.334497,0.28485
2022,FDU,9,98.832897,107.202145,71.123077,12.301526,2.315335,1,2,4,0,0.317534,0,0.323636,0.193056,0.311628,0.688372,0.277814,0.485759,0.09085,0.04164,0.353698,0.367236,0.327739,0.282661
2022,Ferrum,11,103.994969,128.780951,74.75,18.103161,-6.69684,0,0,0,0,0.003261,0,0.366667,0.254181,0.285714,0.714286,0.163934,0.538462,0.053512,0,0.491803,0.352872,0.360738,0.318532
2022,FGCU,5,111.937025,105.031168,71.770313,11.544975,15.168506,2,15,0,0,0.674862,0,0.349189,0.187229,0.291099,0.708901,0.293306,0.573046,0.093179,0.069667,0.472662,0.403611,0.342579,0.276154
2022,Fisher,16,57.028326,121.647659,88.241667,10.758588,-49.70806,0,0,0,0,0.00001,0,0.184615,0.22665,0.297619,0.702381,0.144186,0.490909,0.094438,0.022665,0.302326,0.381509,0.318951,0.277699
2022,Fisk,16,74.220297,136.571751,79.225,10.101538,-41.698463,0,0,0,0,0.000037,0,0.210526,0.302935,0.391304,0.608696,0.186441,0.363636,0.100978,0,0.322034,0.32577,0.349917,0.318206
2022,FIU,7,104.576907,96.821074,70.414063,11.713767,11.001266,1,8,0,0,0.214498,0,0.35,0.19838,0.275647,0.724353,0.248414,0.544895,0.09098,0.056807,0.465116,0.37784,0.33243,0.296296
2022,FL Memorial,9,93.883131,97.17378,73.8,8.849209,5.049211,0,0,0,0,0.08311,0,0.238095,0.230352,0.258065,0.741935,0.131148,0.321429,0.081301,0,0.344262,0.409781,0.349794,0.248454
2022,FL National,13,81.182521,119.815815,75.125,15.168506,-18.631493,0,0,0,0,0.000733,0,0.24,0.199667,0.275862,0.724138,0.245902,0.363636,0.079867,0.026622,0.409836,0.472662,0.349189,0.293306
2022,Florida,2,113.926823,96.79798,67.119531,24.203726,27.63314,12,7,0,0,0.404468,0,0.307323,0.183907,0.328984,0.671016,0.346792,0.531008,0.120587,0.077287,0.46073,0.370188,0.324577,0.320687
2022,Florida A&M,8,99.213893,97.155522,68.170833,10.764011,7.564005,0,7,3,0,0.402937,0,0.302428,0.183363,0.275051,0.724949,0.290493,0.491132,0.091926,0.044985,0.265845,0.334753,0.329637,0.318406
2022,Florida St,3,111.039974,95.817942,69.098387,23.679822,22.434667,12,5,0,0,0.375535,0,0.33121,0.180668,0.325624,0.674376,0.302932,0.556946,0.123246,0.070493,0.340934,0.385381,0.348581,0.297301
2022,Florida Tech,10,86.208081,105.503631,69.375,19.796576,-0.003426,0,0,0,0,0.007413,0,0.304348,0.230631,0.15,0.85,0.090909,0.454545,0.057658,0.043243,0.418182,0.430936,0.34934,0.291774
2022,Fordham,5,100.937055,89.898186,69.628125,17.180368,16.292876,4,10,0,0,0.56649,0,0.296621,0.18895,0.277354,0.722646,0.297326,0.514247,0.105022,0.053409,0.427273,0.385525,0.344633,0.29384
2022,Fort Valley St,10,88.129084,100.473358,73.7,7.564005,-2.236001,0,0,0,0,0.035974,0,0.4,0.352782,0.2,0.8,0.25,0.545455,0.081411,0.013569,0.520833,0.265845,0.302428,0.290493
2022,Franciscan,15,65.457485,116.039274,84.85,5.187898,-37.612084,0,0,1,0,0.000164,0,0.318182,0.247496,0.375,0.625,0.082192,0.608696,0.094284,0,0.30137,0.310841,0.314947,0.301438
2022,Franklin,13,61.241145,108.455825,66,14.801539,-19.998462,0,0,0,0,0.000621,0,0.269231,0.272727,0.259259,0.740741,0,0.466667,0.030303,0,0.472727,0.408771,0.340397,0.216567
2022,Fredonia St,16,55.250504,132.289637,77.85,11.056124,-51.743861,0,0,0,0,0.000006,0,0.173913,0.372511,0.30303,0.69697,0.107143,0.466667,0.038536,0.02569,0.410714,0.397013,0.306096,0.298661
2022,Fresno Pacific,8,96.29241,111.16302,61.7,25.063287,8.263271,0,0,0,0,0.012056,0,0.347826,0.259319,0.208333,0.791667,0.266667,0.333333,0.06483,0.016207,0.511111,0.38284,0.326121,0.305325
2022,Fresno St,2,109.342547,99.792188,62.878125,18.613302,25.063287,9,12,0,0,0.688862,0,0.326121,0.179912,0.262673,0.737327,0.305325,0.501348,0.093435,0.041747,0.38284,0.381929,0.342163,0.303543
2022,Fullerton,4,109.04163,97.02753,67.421774,13.813837,17.351318,5,11,0,0,0.662374,0,0.330116,0.181812,0.288462,0.711538,0.359348,0.455729,0.107652,0.029664,0.301689,0.355828,0.338448,0.309749
2022,Furman,3,120.250885,96.287589,67.5875,15.334654,24.369954,5,16,0,0,0.525128,0,0.380455,0.155354,0.280639,0.719361,0.226202,0.625397,0.122282,0.051785,0.517174,0.419925,0.338882,0.280356
2022,G Washington,6,103.092426,97.00441,70.565833,17.739719,13.273058,3,8,0,0,0.416825,0,0.337539,0.178557,0.249249,0.750751,0.260599,0.485488,0.097781,0.059047,0.358395,0.38052,0.338141,0.301544
2022,GA Southern,7,101.999917,93.517976,67.548276,10.366805,11.415081,2,7,0,0,0.300267,0,0.304114,0.211854,0.282587,0.717413,0.302879,0.485994,0.110266,0.051049,0.349812,0.380569,0.325734,0.292757
2022,Gallaudet,16,52.075642,115.267474,80.075,13.200375,-41.599616,0,0,0,0,0.000022,0,0,0.324696,0.242424,0.757576,0.314815,0.333333,0.07493,0.012488,0.203704,0.395255,0.358712,0.351273
2022,Gardner-Webb,5,105.292882,90.011884,68.429032,10.718213,16.144025,0,12,0,0,0.664699,0,0.329041,0.196106,0.265092,0.734908,0.287493,0.521684,0.106067,0.069297,0.395586,0.400594,0.328709,0.313573
2022,George Fox,13,91.760691,121.722455,80.1,7.135059,-17.664966,0,0,1,0,0.027884,0,0.362069,0.224719,0.45,0.55,0.235294,0.557692,0.087391,0.012484,0.426471,0.356931,0.335126,0.334147
2022,George Mason,3,110.969283,94.363067,67.825,19.089392,21.076065,6,7,0,0,0.335009,0,0.357599,0.180366,0.239923,0.760077,0.290801,0.564581,0.074702,0.046689,0.464688,0.367009,0.339674,0.300778
2022,Georgetown,4,107.859308,99.469634,71.259677,24.660381,17.718452,2,3,0,0,0.070293,0,0.341991,0.187411,0.341126,0.658874,0.290021,0.475325,0.100496,0.053869,0.360187,0.375407,0.338967,0.301893
2022,Georgetown KY,12,98.853073,135.205442,66.65,12.369834,-14.430164,0,0,0,0,0.002342,0,0.304348,0.225056,0.371429,0.628571,0.241379,0.318182,0.12003,0.015004,0.396552,0.484235,0.35277,0.213176
2022,Georgia,5,108.529066,103.85081,69.833594,24.455062,14.867565,2,3,0,0,0.049766,0,0.321317,0.206741,0.260038,0.739962,0.390145,0.581913,0.074731,0.030877,0.369855,0.389967,0.329077,0.314083
2022,Georgia St,4,106.329323,94.10427,69.189286,12.228798,17.159833,4,10,0,0,0.838473,0,0.328746,0.171373,0.356663,0.643337,0.292627,0.542203,0.129046,0.064523,0.376728,0.360097,0.329769,0.293007
2022,Georgia Tech,4,106.239394,94.66171,69.359375,20.980704,18.024459,5,4,0,0,0.240127,0,0.352941,0.188781,0.261029,0.738971,0.246517,0.532199,0.112187,0.036945,0.346195,0.379688,0.33559,0.296761
2022,Gonzaga,1,126.771139,91.623432,73.672414,21.592776,41.561517,14,12,0,0,0.782991,0,0.378505,0.159607,0.226101,0.773899,0.298178,0.55288,0.090335,0.079569,0.3545,0.369198,0.340583,0.293077
2022,Gordon,11,87.525026,110.441076,73.75,13.751889,-7.048094,0,0,0,0,0.006295,0,0.368421,0.271186,0.366667,0.633333,0.166667,0.458333,0.122034,0.094915,0.316667,0.375806,0.357654,0.291398
2022,Goucher,16,59.472572,135.750688,72.225,7.730071,-48.069923,0,0,0,0,0.000019,0,0.3125,0.318449,0.157895,0.842105,0.234043,0.5,0.110765,0,0.340426,0.316872,0.319109,0.323927
2022,Grambling,8,97.142936,96.656804,70.385156,12.174674,7.429215,0,7,3,0,0.336231,0,0.31528,0.202013,0.29083,0.70917,0.329533,0.46729,0.093681,0.047506,0.280673,0.334137,0.328799,0.31202
2022,Grand Canyon,3,110.007797,85.801072,67.577419,13.714032,22.83902,7,11,0,0,0.693908,0,0.351389,0.192372,0.318655,0.681345,0.30955,0.505102,0.098334,0.03246,0.39517,0.38861,0.328371,0.309796
2022,Green Bay,9,98.998216,102.192504,64.946667,11.273902,4.180569,0,1,3,0,0.137389,0,0.282098,0.198625,0.300777,0.699223,0.316384,0.482036,0.076986,0.042599,0.347144,0.389716,0.336048,0.278181
2022,Greensboro,9,94.132624,98.861428,75.65,8.351732,3.551738,0,0,0,0,0.073013,0,0.290323,0.277594,0.285714,0.714286,0.241379,0.666667,0.132188,0.039656,0.534483,0.340706,0.31221,0.28436
2022,Guilford,7,104.056404,104.747647,64.175,14.594901,10.794909,0,0,0,0,0.084939,0,0.333333,0.155824,0.388889,0.611111,0.209677,0.541667,0.179198,0.038956,0.290323,0.354017,0.331501,0.333918
2022,Gwynedd Mercy,11,89.318852,114.876952,71.5,9.442475,-10.357508,0,0,0,0,0.007801,0,0.229508,0.188811,0.338235,0.661765,0.333333,0.414634,0.076923,0.013986,0.508333,0.372358,0.324804,0.243883
2022,Hampton,9,95.781761,95.925376,70.047321,9.409328,4.887906,0,5,0,0,0.319142,0,0.291139,0.179471,0.24456,0.75544,0.359772,0.471338,0.074439,0.057614,0.350888,0.374609,0.32167,0.306482
2022,Hanover,13,71.831049,117.8653,73.275,14.170498,-23.629504,0,0,0,0,0.000377,0,0.285714,0.150119,0.272727,0.727273,0.134328,0.388889,0.068236,0.027294,0.313433,0.460489,0.333333,0.264355
2022,Hardin-Sim,14,69.880355,116.945992,83.5,18.306574,-28.493436,0,0,0,0,0.000084,0,0.230769,0.239521,0.173913,0.826087,0.344828,0.666667,0.131737,0.011976,0.448276,0.421875,0.342891,0.243952
2022,Harding,11,79.464358,103.638974,74.275,15.472046,-7.327958,0,0,0,0,0.004534,0,0.285714,0.26927,0.294118,0.705882,0.15,0.380952,0.107708,0.04039,0.35,0.305505,0.310891,0.331518
2022,Harris Stowe,16,84.744089,168.579914,71.45,26.190748,-43.609246,0,0,0,0,0.000002,0,0.3125,0.293912,0.5,0.5,0.431373,0.3125,0.041987,0.041987,0.313725,0.306404,0.371383,0.323645
2022,Hartford,7,107.647983,103.337864,67.288281,11.133238,9.389505,1,7,2,0,0.581641,0,0.369403,0.181124,0.239151,0.760849,0.276153,0.48811,0.089633,0.046906,0.452193,0.378405,0.337397,0.27344
2022,Hartwick,16,62.276156,155.695696,69.275,8.833559,-56.96642,0,0,0,0,0.000004,0,0.210526,0.317575,0.222222,0.777778,0.191489,0.235294,0.014435,0.057741,0.404255,0.355792,0.353821,0.229905
2022,Harvard,6,105.317713,93.361914,70.929808,11.657234,13.511096,1,7,0,0,0.350272,0,0.331845,0.174062,0.269103,0.730897,0.263057,0.437408,0.107365,0.034704,0.428025,0.390847,0.350963,0.2741
2022,Haskell,13,67.051819,111.166002,75.75,18.073562,-21.72645,0,0,0,0,0.00027,0,0.21875,0.316832,0.269231,0.730769,0.185185,0.4,0.158416,0.013201,0.592593,0.461988,0.379747,0.232456
2022,Hastings,12,83.672709,114.185526,73.5375,13.718243,-12.58177,0,0,1,0,0.027852,0,0.3,0.217576,0.177419,0.822581,0.144068,0.347826,0.061193,0.006799,0.338983,0.386252,0.348892,0.322006
2022,Hawai'i,4,108.575395,92.537096,66.132143,12.728165,16.985288,3,10,0,0,0.587738,0,0.358491,0.197116,0.264975,0.735025,0.324967,0.515742,0.053464,0.032403,0.420079,0.343644,0.324631,0.310634
2022,Hawai'i Hilo,9,100.677477,105.325682,79.125,13.219784,3.28643,0,1,0,0,0.325858,0,0.347222,0.151659,0.179775,0.820225,0.229592,0.317647,0.109531,0.012638,0.367347,0.405399,0.353134,0.317907
2022,Hawaii Pac,12,86.847223,130.966857,64.275,16.985288,-15.814734,0,0,0,0,0.000865,0,0.25,0.202256,0.37931,0.62069,0.155172,0.47619,0.140023,0.015558,0.344828,0.420079,0.358491,0.324967
2022,Heidelberg,15,66.432732,120.612644,72.175,11.669353,-30.130647,0,0,0,0,0.000193,0,0.233333,0.277104,0.34375,0.65625,0.22807,0.538462,0.152407,0,0.526316,0.426263,0.345972,0.241414
2022,Hendrix,14,78.769801,121.16173,73.025,5.953527,-24.846473,0,0,1,0,0.001207,0,0.15,0.232797,0.214286,0.785714,0.358491,0.631579,0.082164,0.013694,0.377358,0.351531,0.300435,0.226531
2022,High Point,7,103.998947,95.79261,69.713281,12.171603,11.652859,1,9,3,0,0.510371,0,0.334944,0.191409,0.282837,0.717163,0.34281,0.49505,0.092791,0.066791,0.33953,0.381235,0.329208,0.301439
2022,Hofstra,3,115.091803,97.593531,70.923438,14.863365,20.094624,10,7,1,0,0.744919,0,0.340402,0.145403,0.247646,0.752354,0.208583,0.533405,0.112357,0.038334,0.447106,0.384206,0.32871,0.283185
2022,Holy Cross,9,98.909689,101.527906,67.819355,7.811114,2.430486,0,6,5,0,0.307272,0,0.343454,0.184075,0.301905,0.698095,0.281093,0.424528,0.087519,0.056126,0.293921,0.37172,0.337485,0.266519
2022,Hope,11,79.27096,100.113244,74.7,4.648717,-10.151282,0,0,1,0,0.016599,0,0.137931,0.174029,0.315789,0.684211,0.176471,0.5,0.120482,0.040161,0.426471,0.453917,0.332487,0.251152
2022,Hou Christian,10,104.263814,103.25339,73.280172,3.460151,2.204972,0,3,2,0,0.511834,0,0.322061,0.206106,0.319352,0.680648,0.382817,0.511811,0.107758,0.034821,0.362946,0.379438,0.334238,0.304357
2022,Houston,1,122.596119,91.192847,66.186765,22.960462,38.449935,24,7,0,0,0.794401,0,0.340852,0.171084,0.34033,0.65967,0.287114,0.594566,0.124425,0.078654,0.390985,0.380143,0.334453,0.318984
2022,Howard,6,105.46375,91.895624,73.976724,6.331401,13.200375,1,7,1,0,0.67801,0,0.358712,0.199504,0.299599,0.700401,0.351273,0.550725,0.11327,0.048478,0.395255,0.364438,0.307781,0.309939
2022,Howard Payne,16,64.076652,132.710497,74.7,16.696344,-40.103665,0,0,0,0,0.000051,0,0.265306,0.307898,0.423077,0.576923,0.210526,0.428571,0.113788,0.02008,0.429825,0.351518,0.312847,0.331117
2022,Idaho,9,105.252669,107.183204,71.839516,10.392245,3.572867,1,4,5,0,0.397854,0,0.371814,0.18949,0.239623,0.760377,0.350708,0.474359,0.049393,0.030983,0.377904,0.379945,0.344515,0.325361
2022,Idaho St,9,101.131413,104.686723,66.029167,10.426399,3.579711,0,2,3,0,0.324584,0,0.309942,0.208999,0.305499,0.694501,0.33893,0.465082,0.068657,0.033319,0.425373,0.38058,0.339544,0.320565
2022,Ill-Springfld,12,78.94372,117.754559,71.175,24.840957,-11.959038,0,0,0,0,0.000445,0,0.4,0.224798,0.193548,0.806452,0.236364,0.705882,0.070249,0.0281,0.454545,0.386929,0.347185,0.256224
2022,Illinois,1,119.913557,95.658414,68.340323,25.816669,32.543944,19,3,0,0,0.56783,0,0.367137,0.177952,0.299916,0.700084,0.316539,0.576784,0.075523,0.043898,0.426616,0.365156,0.342518,0.303423
2022,Illinois St,5,110.671827,99.204716,70.936364,17.541091,16.480484,3,7,0,0,0.330524,0,0.367376,0.193943,0.280069,0.719931,0.313603,0.467204,0.09569,0.066641,0.366044,0.394503,0.342576,0.28483
2022,Immaculata,15,71.433644,141.332314,70.5,17.672619,-37.127362,0,0,0,0,0.000022,0,0.25,0.241135,0.3125,0.6875,0.408163,0.615385,0.070922,0,0.408163,0.300062,0.285124,0.323001
2022,Incarnate Word,10,101.881108,107.574035,68.48125,11.424216,1.749209,0,4,6,0,0.304879,0,0.347607,0.197591,0.26765,0.73235,0.284264,0.502035,0.075751,0.026011,0.447829,0.352407,0.338132,0.326619
2022,Indiana,1,112.663946,93.619423,68.675758,24.495938,28.484512,14,7,0,0,0.497461,0,0.338926,0.172969,0.24812,0.75188,0.335291,0.573923,0.083396,0.072365,0.318206,0.378037,0.34589,0.296081
2022,Indiana St,6,105.110439,96.177824,70.737903,15.757597,14.170498,2,5,0,0,0.230022,0,0.333333,0.186057,0.184834,0.815166,0.264355,0.523196,0.08482,0.027361,0.460489,0.37702,0.338513,0.289484
2022,Indiana-Kokomo,12,87.867302,120.132698,68.75,10.010475,-13.789526,0,0,0,0,0.003845,0,0.263158,0.218182,0.2,0.8,0.181818,0.304348,0.058182,0.029091,0.345455,0.412227,0.360544,0.374089
2022,Iona,3,112.246685,93.952077,70.805469,17.055952,23.565056,10,15,0,0,0.615941,0,0.333333,0.177423,0.306002,0.693998,0.375331,0.6121,0.091359,0.086946,0.362096,0.37563,0.335694,0.300304
2022,Iowa,1,126.124089,94.840166,71.039286,23.432601,34.927047,19,6,0,0,0.789374,0,0.368063,0.129104,0.319018,0.680982,0.303635,0.537727,0.104168,0.061535,0.391401,0.371985,0.34607,0.306271
2022,Iowa State,2,107.241255,92.026956,67.685156,25.824026,28.058309,14,6,0,0,0.548843,0,0.321375,0.20407,0.294922,0.705078,0.281477,0.600765,0.124196,0.045246,0.37437,0.357332,0.326721,0.320212
2022,Iowa Wesleyan,11,101.897918,129.18874,72.7,12.103699,-10.69631,0,0,0,0,0.004534,0,0.411765,0.151307,0.16,0.84,0.2,0.481481,0.082531,0.013755,0.283333,0.409366,0.335793,0.302618
2022,IU Indy,11,86.344442,102.974953,63.166379,9.464265,-5.115045,0,0,6,0,0.134123,0,0.291585,0.26258,0.328587,0.671413,0.263804,0.543986,0.09062,0.040397,0.34833,0.377963,0.320216,0.286858
2022,J&W (NC),14,83.093107,124.241574,86.575,14.645789,-26.654204,0,0,1,0,0.000229,0,0.295455,0.196362,0.265625,0.734375,0.242857,0.265306,0.098181,0.017326,0.314286,0.432987,0.347444,0.31209
2022,Jackson St,7,97.129774,94.898982,65.840833,12.950652,9.623981,0,6,2,0,0.676998,0,0.299807,0.199977,0.318786,0.681214,0.264982,0.4683,0.092648,0.059234,0.30376,0.342419,0.325815,0.322531
2022,Jacksonville,5,108.820824,90.939667,63.301613,7.927149,15.836828,3,10,0,0,0.679827,0,0.346939,0.179377,0.297872,0.702128,0.2966,0.503906,0.103447,0.030576,0.315944,0.408742,0.334284,0.266757
2022,James Madison,6,109.717794,98.082571,71.371552,12.825613,14.280792,5,6,0,0,0.327172,0,0.345104,0.173932,0.27732,0.72268,0.293034,0.482587,0.119337,0.029472,0.358664,0.388299,0.326012,0.282624
2022,Jarvis Chrstn,12,82.127371,115.279572,74.71875,14.777491,-14.522513,0,0,0,0,0.001958,0,0.348624,0.224174,0.205128,0.794872,0.102459,0.539326,0.103722,0.026767,0.446721,0.388004,0.350255,0.317316
2022,Jax State,4,113.307341,98.103013,67.793548,12.135933,18.348434,2,15,1,0,0.602344,0,0.388441,0.195565,0.261135,0.738865,0.308934,0.54823,0.091359,0.0433,0.428818,0.404383,0.335979,0.276374
2022,Jessup,13,80.544528,116.460464,75.125,5.739298,-21.060729,0,0,1,0,0.002342,0,0.333333,0.199667,0.30303,0.69697,0.238095,0.5,0.106489,0.093178,0.285714,0.33808,0.358974,0.282972
2022,John Jay,14,72.063402,123.027449,78.425,20.094624,-27.705365,0,0,0,0,0.000071,0,0.227273,0.318776,0.257143,0.742857,0.04918,0.545455,0.076506,0,0.360656,0.447106,0.340402,0.208583
2022,Johnson Wales,15,63.460249,116.21757,80.7,14.913863,-32.886121,0,0,0,0,0.000071,0,0.277778,0.285006,0.15,0.85,0.218182,0.1875,0.074349,0.024783,0.327273,0.393404,0.312874,0.308009
2022,JohnsonFL,15,69.539444,127.782135,73.7375,6.884064,-36.415937,0,0,1,0,0.000151,0,0.303571,0.271232,0.315789,0.684211,0.008,0.536585,0.054246,0.047466,0.448,0.330697,0.342729,0.267629
2022,Kansas,1,121.493244,102.914557,70.276471,27.617164,37.792163,31,3,0,0,0.945837,0,0.355263,0.177869,0.296063,0.703937,0.327901,0.539014,0.091236,0.059011,0.337778,0.360183,0.330945,0.315594
2022,Kansas Chrstn,16,53.773917,130.463545,73.275,13.268363,-46.531649,0,0,0,0,0.00001,0,0.142857,0.272944,0.354839,0.645161,0.15,0.615385,0.068236,0.081883,0.35,0.34396,0.365854,0.310962
2022,Kansas City,6,110.142808,95.460298,68.970968,5.874825,13.268363,1,9,1,0,0.680435,0,0.365854,0.152004,0.247156,0.752844,0.310962,0.479532,0.107572,0.040223,0.34396,0.389821,0.336172,0.29548
2022,Kansas St,2,110.226196,90.16701,68.091935,25.407458,26.542939,8,3,0,0,0.337468,0,0.346154,0.168652,0.26699,0.73301,0.295506,0.516043,0.10754,0.024161,0.423596,0.35756,0.32508,0.316607
2022,KCU,10,89.420431,103.345387,76.258333,13.202731,-1.263932,0,0,0,0,0.027782,0,0.271429,0.218555,0.168539,0.831461,0.161111,0.5,0.131133,0.026227,0.388889,0.412537,0.336998,0.304103
2022,Kean,12,97.288306,145.274623,65.55,20.801937,-16.998048,0,0,0,0,0.000377,0,0.25,0.198322,0.470588,0.529412,0.346154,0.285714,0.091533,0.045767,0.384615,0.456062,0.387805,0.209677
2022,Keene State,13,83.916474,131.105617,67.9,12.536444,-22.263536,0,0,0,0,0.000621,0,0.363636,0.17673,0.241379,0.758621,0.065574,0.47619,0.088365,0.014728,0.360656,0.412095,0.366112,0.252494
2022,Kennesaw St,6,111.699316,99.170376,69.221774,10.375748,13.917685,0,7,0,0,0.432732,0,0.365439,0.178482,0.30127,0.69873,0.296841,0.524706,0.102988,0.040077,0.384532,0.421936,0.342132,0.264663
2022,Kent State,4,109.974999,95.563407,67.243939,12.412031,18.28262,7,12,1,0,0.756428,0,0.329773,0.183862,0.289319,0.710681,0.319615,0.49697,0.106352,0.051824,0.400321,0.399036,0.337801,0.302395
2022,Kentucky,1,122.816391,89.905557,69.588636,24.682628,36.90616,18,6,0,0,0.596379,0,0.349398,0.166346,0.320542,0.679458,0.271587,0.52988,0.098414,0.060093,0.28027,0.386117,0.334001,0.324359
2022,KEUKA,15,79.004143,135.158206,86.85,15.182493,-39.61749,0,0,0,0,0.000022,0,0.288889,0.207254,0.290323,0.709677,0.08,0.666667,0.080599,0.011514,0.6,0.457778,0.348128,0.303492
2022,Keystone,16,59.292543,144.097287,64.9,15.324062,-43.475932,0,0,0,0,0.000011,0,0.32,0.215716,0.275862,0.724138,0.070175,0.666667,0.061633,0.015408,0.438596,0.5483,0.382874,0.243389
2022,Knox,14,59.361547,110.980658,65.75,8.822236,-25.977765,0,0,0,0,0.000621,0,0.294118,0.273764,0.24,0.76,0.204082,0.714286,0.045627,0,0.346939,0.349567,0.291022,0.336039
2022,LA Christian,11,93.245728,108.746235,71.5375,8.809215,-3.49079,0,0,0,0,0.032932,0,0.369565,0.237638,0.338235,0.661765,0.137097,0.54,0.10484,0.034947,0.370968,0.315756,0.326622,0.295248
2022,La Salle,6,103.6479,96.955691,69.3075,17.873835,13.520512,5,4,1,0,0.379888,0,0.319386,0.189494,0.297075,0.702925,0.251114,0.539704,0.085128,0.061561,0.39922,0.378734,0.342302,0.293334
2022,La Sierra,10,83.27615,97.758333,69.6,16.256981,1.456958,0,0,0,0,0.016599,0,0.25,0.186782,0.307692,0.692308,0.262295,0.333333,0.043103,0,0.196721,0.406736,0.320064,0.268135
2022,La Verne,16,60.817757,132.62638,72.2,15.474556,-40.992129,0,0,0,0,0.000021,0,0.177778,0.272392,0.3,0.7,0.36129,0.511111,0.055402,0.004617,0.290323,0.331737,0.330767,0.308314
2022,Lady of Lake,11,86.49863,104.353624,75.975,2.697633,-9.102376,0,0,2,0,0.067992,0,0.228571,0.210596,0.265625,0.734375,0.358974,0.355556,0.111879,0.013162,0.299145,0.377481,0.32341,0.273027
2022,Lafayette,8,104.816923,104.500402,67.186667,11.154411,6.121094,1,3,4,0,0.40706,0,0.32793,0.164219,0.254697,0.745303,0.214857,0.640687,0.093272,0.050109,0.458286,0.371274,0.348338,0.278701
2022,LaGrange,11,107.527797,132.598585,79.125,18.348434,-8.451565,0,0,0,0,0.002342,0,0.4375,0.227488,0.321429,0.678571,0.238095,0.642857,0.075829,0.012638,0.507937,0.428818,0.388441,0.308934
2022,Lake Erie,12,73.694348,104.968891,77.8,15.917014,-13.882984,0,0,0,0,0.001425,0,0.212121,0.205656,0.25641,0.74359,0.117647,0.5,0.064267,0.025707,0.485294,0.325373,0.328746,0.312935
2022,Lamar,9,95.686099,103.224435,67.575,14.162196,3.646058,0,0,2,0,0.05478,0,0.299213,0.215342,0.319128,0.680872,0.26179,0.483434,0.086239,0.043885,0.307134,0.359909,0.323282,0.32494
2022,Lees McRae,10,96.576664,107.919794,81.175,15.47312,0.673126,0,0,0,0,0.016599,0,0.36,0.271019,0.425,0.575,0.185714,0.428571,0.098553,0.024638,0.357143,0.417491,0.350374,0.229047
2022,Lehigh,8,103.457998,100.127732,68.675,10.868085,7.930601,1,5,3,0,0.496477,0,0.381791,0.194303,0.213683,0.786317,0.255892,0.569095,0.064161,0.051875,0.382155,0.353738,0.329595,0.282108
2022,LeMoyne-Owen,12,96.544116,124.783852,74.55,7.564005,-14.236001,0,0,0,0,0.005344,0,0.4,0.160966,0.25,0.75,0.3,0.481481,0.040241,0,0.25,0.265845,0.302428,0.290493
2022,Len-Rhyne,11,100.756871,124.595242,69.225,15.47312,-5.326874,0,0,0,0,0.006295,0,0.26087,0.158902,0.222222,0.777778,0.186441,0.4,0.10112,0.028891,0.389831,0.417491,0.350374,0.229047
2022,LeTourneau,13,67.777601,108.113225,82.4375,18.62592,-22.174089,0,0,0,0,0.000232,0,0.3,0.297195,0.238806,0.761194,0.208333,0.736842,0.090978,0.042456,0.416667,0.363337,0.361871,0.279563
2022,Liberty,4,114.128503,92.271497,66.287879,9.869194,19.099498,2,14,0,0,0.599424,0,0.382287,0.175086,0.206897,0.793103,0.277624,0.571093,0.081371,0.0288,0.49528,0.390942,0.326958,0.288819
2022,Life Pacific,11,84.419648,114.30285,70.45,16.791275,-9.342078,0,0,0,0,0.003209,0,0.378049,0.274426,0.183099,0.816901,0.168831,0.533333,0.108824,0.014194,0.532468,0.309992,0.321876,0.324697
2022,Life Univ,11,71.582909,98.460266,75.275,14.742269,-10.057725,0,0,0,0,0.003261,0,0.26087,0.278977,0.3125,0.6875,0.15,0.578947,0.146131,0.013285,0.383333,0.421866,0.350785,0.287686
2022,Lincoln U (CA),12,75.665337,107.891068,78.45,19.519101,-13.28091,0,0,0,0,0.000865,0,0.25,0.344168,0.375,0.625,0.415094,0.333333,0.101976,0.012747,0.226415,0.309497,0.333935,0.355866
2022,Lindsey Wilson,10,92.166508,104.953492,78.125,14.647167,-0.152838,0,0,0,0,0.016599,0,0.384615,0.3584,0.15,0.85,0.326087,0.6,0.0256,0,0.282609,0.336303,0.352649,0.347439
2022,Lipscomb,7,108.327063,103.07991,71.354545,13.198813,10.4473,1,8,1,0,0.42301,0,0.344072,0.185586,0.212479,0.787521,0.350538,0.590588,0.062004,0.037797,0.417204,0.393913,0.33516,0.268464
2022,Little Rock,8,101.690742,101.216822,68.908929,13.93025,7.308818,2,4,0,0,0.21069,0,0.336752,0.200575,0.272418,0.727582,0.32513,0.55914,0.100547,0.031097,0.378886,0.374226,0.340586,0.295529
2022,LMU,5,108.705629,101.682207,68.15,20.008558,15.13958,2,9,0,0,0.252701,0,0.344828,0.194804,0.26597,0.73403,0.320253,0.449861,0.079945,0.025299,0.385443,0.364677,0.346771,0.296482
2022,Lncstr Bible,15,66.630348,124.246845,71.25,9.921295,-32.8787,0,0,1,0,0.000173,0,0.229508,0.231579,0.26,0.74,0.176991,0.612903,0.098246,0.014035,0.539823,0.343967,0.328482,0.279055
2022,Long Beach St,5,107.555978,98.71333,72.326562,15.34821,16.099706,5,10,0,0,0.578103,0,0.354132,0.185357,0.279295,0.720705,0.375602,0.495134,0.097215,0.044071,0.317282,0.338444,0.330462,0.314625
2022,Long Island,6,104.693131,95.764194,73.980833,10.116589,11.909936,0,9,1,0,0.74285,0,0.313984,0.183831,0.298646,0.701354,0.296784,0.625616,0.104081,0.066233,0.399578,0.369019,0.323009,0.293708
2022,Longwood,4,114.768939,96.345224,68.26875,8.401962,17.947424,0,17,0,0,0.743701,0,0.37971,0.175318,0.326907,0.673093,0.348936,0.526377,0.113522,0.035704,0.367021,0.378431,0.32785,0.294402
2022,Louisiana,5,105.273837,92.973175,70.846774,14.189986,15.970628,3,11,0,0,0.576139,0,0.345979,0.216733,0.307564,0.692436,0.351759,0.501305,0.096073,0.061468,0.367951,0.342047,0.330019,0.296983
2022,Louisiana Tech,3,112.900906,92.039548,69.891176,15.013043,21.965981,5,13,0,0,0.585823,0,0.340194,0.164962,0.256098,0.743902,0.313843,0.510428,0.093002,0.03072,0.412794,0.374417,0.33729,0.281747
2022,Louisville,3,107.091011,94.772913,68.06875,23.434343,20.253099,8,5,0,0,0.237477,0,0.309434,0.179506,0.27335,0.72665,0.250797,0.480503,0.089983,0.03535,0.422423,0.370358,0.347545,0.300258
2022,Loyola Chicago,1,117.090851,87.981072,66.9125,19.368218,30.41064,12,11,0,0,0.687507,0,0.38255,0.181674,0.228571,0.771429,0.317606,0.571429,0.103213,0.036428,0.428654,0.412781,0.340419,0.287881
2022,Loyola MD,7,101.422224,93.77438,67.521667,9.938154,10.618169,0,7,3,0,0.268299,0,0.318952,0.193024,0.260644,0.739356,0.245115,0.599732,0.116506,0.039493,0.384251,0.367508,0.339132,0.279746
2022,LSU,1,111.476037,83.210458,71.116667,24.735329,33.317682,17,4,0,0,0.521023,0,0.318584,0.204529,0.327317,0.672683,0.32976,0.487239,0.155954,0.061359,0.346095,0.377453,0.329266,0.315442
2022,LSU Alexandria,6,97.93933,95.508408,80.125,19.519101,13.71909,0,0,0,0,0.063849,0,0.4,0.237129,0.266667,0.733333,0.241935,0.464286,0.074883,0.074883,0.322581,0.309497,0.333935,0.355866
2022,LSU Shreveport,10,86.815495,108.816389,66.9625,24.038298,1.238295,0,0,0,0,0.01578,0,0.268293,0.186672,0.278689,0.721311,0.2,0.435897,0.097069,0.044801,0.356522,0.417062,0.348222,0.344874
2022,Lyon,11,99.802059,120.433908,69.925,15.472046,-3.327958,0,0,0,0,0.008724,0,0.444444,0.200215,0.258065,0.741935,0.433962,0.45,0.042903,0.028602,0.339623,0.305505,0.310891,0.331518
2022,M Hrdn-Blr,10,93.553809,108.671946,78.625,16.558464,-1.241545,0,0,0,0,0.019369,0,0.380952,0.248013,0.37931,0.62069,0.238095,0.586957,0.146264,0.044515,0.5,0.327803,0.323697,0.321801
2022,MA Col LA,16,62.406377,136.88188,77.275,11.922272,-48.877708,0,0,0,0,0.000008,0,0.275862,0.194112,0.272727,0.727273,0.134328,0.5625,0.064704,0.051763,0.432836,0.3203,0.30602,0.26406
2022,Maine,10,97.302049,103.957773,66.375,9.194336,0.615042,0,2,3,0,0.224063,0,0.307692,0.190142,0.284303,0.715697,0.208585,0.563504,0.108059,0.041561,0.385127,0.387839,0.337,0.271786
2022,Maine-Farm,12,68.523968,93.052387,76.125,0.615042,-15.184939,0,0,1,0,0.014154,0,0.235294,0.341544,0.204545,0.795455,0.288462,0.294118,0.10509,0.052545,0.326923,0.385127,0.307692,0.208585
2022,Manhatnvll,16,58.652749,125.420358,76.6,10.921318,-42.878667,0,0,0,0,0.000026,0,0.2,0.4047,0.32,0.68,0.347826,0.666667,0.091384,0.039164,0.326087,0.331525,0.307273,0.407474
2022,Manhattan,7,105.194309,98.824458,70.336667,12.687972,10.921318,2,10,0,0,0.396245,0,0.307273,0.205677,0.304304,0.695696,0.407474,0.473973,0.101891,0.047391,0.331525,0.37012,0.329322,0.300061
2022,Marist,5,105.924083,95.43366,68.005,13.725907,14.645923,2,10,1,0,0.558851,0,0.344037,0.181849,0.259962,0.740038,0.249856,0.352556,0.085778,0.049506,0.376511,0.361335,0.339028,0.301272
2022,Marquette,2,112.529024,94.155174,71.762903,25.34934,27.255594,15,4,0,0,0.417589,0,0.347204,0.17351,0.22119,0.77881,0.268187,0.594012,0.10968,0.071022,0.417481,0.369664,0.331432,0.308114
2022,Marshall,6,106.206519,98.751272,73.407576,15.427098,12.681644,2,7,0,0,0.4146,0,0.301205,0.178745,0.290375,0.709625,0.238253,0.512514,0.092056,0.066049,0.393925,0.388947,0.335671,0.289815
2022,Mary Baldwin,13,87.019382,124.775991,76.725,10.298825,-21.001167,0,0,1,0,0.001207,0,0.355932,0.18247,0.218182,0.781818,0.173228,0.5,0.091235,0.01955,0.464567,0.409477,0.33958,0.334168
2022,Maryland,2,113.03186,94.851472,68.142188,25.513383,24.932139,11,4,0,0,0.423269,0,0.325959,0.167848,0.269094,0.730906,0.338816,0.470886,0.093554,0.046777,0.371711,0.385924,0.351602,0.290726
2022,Marystl,9,92.752412,109.818683,64.175,20.140733,3.34073,0,0,0,0,0.012056,0,0.263158,0.140242,0.269231,0.730769,0.232143,0.454545,0.077912,0,0.339286,0.421875,0.354074,0.29
2022,Maryville TN,11,102.003363,118.009067,80.45,14.424951,-3.375045,0,0,0,0,0.010259,0,0.388889,0.198881,0.192308,0.807692,0.372881,0.482759,0.087011,0.07458,0.305085,0.435257,0.335723,0.282891
2022,McMurry,12,77.470331,109.335679,76.55,19.79486,-12.005151,0,0,0,0,0.001022,0,0.291667,0.365774,0.15,0.85,0.418605,0.705882,0.07838,0,0.55814,0.356928,0.312236,0.374498
2022,McNeese,8,104.807057,99.773492,76.046212,5.824584,6.93973,0,2,2,0,0.341259,0,0.312775,0.213586,0.342814,0.657186,0.36649,0.448017,0.10241,0.046224,0.328827,0.370302,0.329233,0.305774
2022,MD Eastern,8,96.586986,95.071418,70.799038,6.511093,6.703693,0,6,2,0,0.406979,0,0.320127,0.216757,0.315496,0.684504,0.31225,0.530081,0.143418,0.032052,0.420107,0.378039,0.316896,0.325166
2022,ME Fort Kent,14,61.161352,112.879946,67.8,8.290757,-27.509244,0,0,1,0,0.000923,0,0.275,0.280236,0.244898,0.755102,0.156863,0.607143,0.088496,0.022124,0.392157,0.380977,0.323386,0.292706
2022,Medgar Evers,16,70.865497,137.79155,78.8375,10.396019,-44.903964,0,0,0,0,0.000024,0,0.3,0.221976,0.448276,0.551724,0.24812,0.470588,0.095132,0.012684,0.451128,0.378359,0.326541,0.252683
2022,Memphis,1,113.890683,93.192435,71.546774,24.222934,30.653236,18,4,0,0,0.687196,0,0.358974,0.228589,0.322231,0.677769,0.384442,0.596407,0.121734,0.079353,0.307779,0.389474,0.339694,0.313464
2022,Menlo,11,82.555867,99.814954,65.8,5.739298,-5.060729,0,0,1,0,0.03094,0,0.4,0.303951,0.243902,0.756098,0.153846,0.6,0.075988,0.075988,0.384615,0.33808,0.358974,0.282972
2022,Mercer,5,110.529361,100.349982,66.862879,14.736203,14.742269,3,10,0,0,0.352464,0,0.350785,0.18491,0.23919,0.76081,0.287686,0.571256,0.092002,0.044415,0.421866,0.437307,0.343983,0.27517
2022,Merch Marn,16,60.973211,121.275309,84.5,11.909936,-42.890048,0,0,0,0,0.000022,0,0.212121,0.272189,0.342105,0.657895,0.307692,0.733333,0.059172,0,0.507692,0.399578,0.313984,0.296784
2022,Merrimack,8,99.305234,96.337643,64.300833,10.756402,8.291902,1,7,2,0,0.58123,0,0.330757,0.183512,0.261988,0.738012,0.261875,0.514116,0.140485,0.062208,0.404375,0.361837,0.328501,0.278534
2022,Methodist,15,64.709977,135.429008,71.95,18.103161,-38.69684,0,0,0,0,0.000016,0,0.24,0.19458,0.347826,0.652174,0.030769,0.529412,0.055594,0.027797,0.384615,0.352872,0.360738,0.318532
2022,Miami,2,118.978479,108.182789,67.659848,23.995986,27.331126,20,6,0,0,0.675334,0,0.352855,0.141976,0.246766,0.753234,0.288492,0.508791,0.128987,0.043444,0.358907,0.378755,0.343224,0.293072
2022,Miami Hamilton,12,87.492116,117.570364,78.025,8.296695,-16.503306,0,0,0,0,0.003261,0,0.28125,0.128164,0.166667,0.833333,0.296875,0.619048,0.089715,0.051266,0.5,0.372891,0.29927,0.262929
2022,Miami OH,7,111.836783,102.142219,69.501563,10.188102,11.669353,2,5,1,0,0.496735,0,0.345972,0.149277,0.284553,0.715447,0.241414,0.505747,0.079585,0.045413,0.426263,0.392818,0.321849,0.289924
2022,Mich Drbrn,14,78.423168,125.017692,77.5,13.927945,-26.53872,0,0,0,0,0.000244,0,0.31746,0.275269,0.274336,0.725664,0.105263,0.422535,0.073118,0.025806,0.331579,0.451878,0.349007,0.277434
2022,Michigan,1,117.93153,103.46874,67.371774,27.227622,30.180563,17,2,0,0,0.503909,0,0.339655,0.171413,0.281307,0.718693,0.289298,0.52381,0.070863,0.045965,0.3233,0.374546,0.351302,0.311626
2022,Michigan St,1,114.889397,98.025239,68.185294,26.186786,29.053456,20,2,0,0,0.468104,0,0.377709,0.191951,0.269992,0.730008,0.303876,0.607466,0.085407,0.074192,0.33385,0.37834,0.344488,0.301012
2022,Mid Atl Chrstn,14,75.393365,122.043961,74.791667,10.395687,-26.737639,0,0,1,0,0.001864,0,0.235294,0.205014,0.393258,0.606742,0.234375,0.472727,0.120334,0.017827,0.442708,0.352872,0.327687,0.331023
2022,Midway,15,73.091508,133.017851,76.658333,13.780624,-36.35271,0,0,0,0,0.000053,0,0.269231,0.243505,0.256098,0.743902,0.113514,0.46875,0.082618,0.017393,0.281081,0.451165,0.342167,0.231366
2022,Millersvll,9,97.561904,100.166887,74.85,7.730071,4.930077,0,0,0,0,0.094129,0,0.481481,0.320641,0.2,0.8,0.109091,0.62963,0.0668,0.01336,0.490909,0.316872,0.319109,0.323927
2022,Milligan,14,80.08054,128.20183,71.5375,13.130441,-24.669557,0,0,0,0,0.002384,0,0.271739,0.265595,0.283333,0.716667,0.149123,0.482353,0.097851,0.013979,0.403509,0.415543,0.331166,0.291905
2022,Millsaps,16,44.996616,116.274001,81.85,27.331285,-43.468718,0,0,0,0,0.000002,0,0.130435,0.378742,0.264706,0.735294,0.105263,0.363636,0.073305,0.061087,0.403509,0.331633,0.379021,0.28525
2022,Milwaukee,9,99.263924,100.43218,67.86875,10.894703,4.725954,1,2,1,0,0.302224,0,0.316879,0.194769,0.250653,0.749347,0.27036,0.480315,0.07229,0.054793,0.347922,0.389639,0.328767,0.291823
2022,Minn Duluth,12,80.194927,108.373134,84.85,20.356581,-12.443434,0,0,0,0,0.000865,0,0.30303,0.164997,0.15,0.85,0.083333,0.56,0.10607,0.047142,0.458333,0.362822,0.333333,0.320829
2022,Minnesota,3,109.91604,96.086052,66.115833,24.510687,21.99069,7,5,0,0,0.235255,0,0.367925,0.13915,0.197826,0.802174,0.236021,0.509409,0.080667,0.041846,0.374338,0.368785,0.346329,0.304186
2022,Miss College,11,82.796722,106.211321,74.6,14.424951,-7.375045,0,0,0,0,0.005344,0,0.214286,0.308311,0.268293,0.731707,0.290909,0.590909,0.080429,0.013405,0.254545,0.435257,0.335723,0.282891
2022,Miss Valley St,10,94.642087,107.130925,74.429464,12.388766,-2.675525,0,2,5,0,0.176531,0,0.304281,0.1809,0.306998,0.693002,0.312826,0.487218,0.099327,0.033109,0.379571,0.334823,0.321979,0.316331
2022,Mississippi St,2,113.072414,92.270252,67.750758,24.158419,27.829008,12,5,0,0,0.422285,0,0.294798,0.193669,0.314002,0.685998,0.384282,0.529271,0.118974,0.050542,0.281301,0.386295,0.329138,0.307193
2022,Missouri,4,105.250032,95.681826,67.639394,24.229069,18.841191,7,2,0,0,0.320091,0,0.280788,0.213252,0.31342,0.68658,0.299892,0.505063,0.096322,0.060033,0.328479,0.374899,0.325018,0.32647
2022,Missouri Bapt,8,88.716625,91.149146,74.5,11.865334,7.065331,0,0,0,0,0.073013,0,0.285714,0.255034,0.315789,0.684211,0.344828,0.636364,0.120805,0.013423,0.241379,0.43613,0.344363,0.36558
2022,Missouri S&T,10,93.001231,110.279567,77.725,23.104192,0.304191,0,0,0,0,0.004534,0,0.263158,0.15439,0.275862,0.724138,0.525424,0.421053,0.115793,0.025732,0.322034,0.396667,0.337535,0.278889
2022,Missouri St,2,119.648276,97.885922,68.230303,17.511432,25.64084,10,11,0,0,0.590618,0,0.374317,0.155889,0.231959,0.768041,0.279749,0.436422,0.078167,0.04841,0.382046,0.395877,0.344004,0.284781
2022,MIT,14,76.576897,130.676989,72.375,13.511096,-29.288887,0,0,0,0,0.000164,0,0.3,0.290155,0.375,0.625,0.086207,0.571429,0.110535,0.013817,0.344828,0.428025,0.331845,0.263057
2022,MN-Morris,15,67.82067,132.746974,79.275,24.381083,-37.418929,0,0,0,0,0.000007,0,0.315789,0.252286,0.15,0.85,0.155172,0.611111,0.0883,0.012614,0.327586,0.352883,0.449296,0.338469
2022,Mobile,11,75.704337,113.018333,65.175,19.027022,-10.772982,0,0,0,0,0.001425,0,0.3,0.306866,0.1875,0.8125,0.288889,0.411765,0.030687,0.076717,0.444444,0.351972,0.33612,0.321366
2022,Molloy,12,73.249335,110.534449,74,20.094624,-14.705365,0,0,0,0,0.000621,0,0.115385,0.175676,0.375,0.625,0,0.304348,0.108108,0.013514,0.342105,0.447106,0.340402,0.208583
2022,Monmouth,4,107.481534,94.015965,67.465441,16.496251,18.072737,6,15,0,0,0.481443,0,0.331288,0.173509,0.28606,0.71394,0.369191,0.49563,0.092858,0.049263,0.34047,0.367858,0.340265,0.297747
2022,Montana,7,108.25904,95.807623,68.160938,6.718872,11.700101,2,7,5,0,0.334038,0,0.349454,0.150379,0.204082,0.795918,0.361872,0.528967,0.080691,0.041721,0.365868,0.381235,0.327682,0.307042
2022,Montana St,4,113.28057,98.066442,70.166176,10.237153,17.585704,2,13,0,0,0.672113,0,0.368794,0.18234,0.245017,0.754983,0.386927,0.496674,0.074613,0.053235,0.371639,0.388053,0.347286,0.32342
2022,Montana Tech,10,91.755199,116.428577,69.65,28.33554,0.535526,0,0,0,0,0.001985,0,0.352941,0.157933,0.185185,0.814815,0.245614,0.428571,0.05743,0,0.298246,0.38847,0.348128,0.349677
2022,Montreat,16,78.267555,140.79185,80.8,11.457514,-42.342486,0,0,0,0,0.000026,0,0.290323,0.247525,0.275862,0.724138,0.123077,0.565217,0.061881,0.012376,0.476923,0.327828,0.341985,0.234735
2022,MORAVIAN,13,77.966047,115.79208,76.9,18.413117,-17.386872,0,0,0,0,0.000525,0,0.333333,0.208062,0.258065,0.741935,0.059701,0.521739,0.052016,0.026008,0.268657,0.387302,0.352459,0.339153
2022,Morehead St,3,109.55871,90.706132,66.632353,12.996509,19.684745,2,15,0,0,0.530928,0,0.360051,0.202604,0.284109,0.715891,0.283613,0.629032,0.087839,0.086515,0.412815,0.365197,0.327921,0.293572
2022,Morehouse,10,94.443718,105.4922,78.025,13.511096,0.711113,0,0,0,0,0.022739,0,0.529412,0.294777,0.194444,0.805556,0.358491,0.48,0.064082,0.025633,0.320755,0.428025,0.331845,0.263057
2022,Morgan St,8,100.78054,96.86148,76.100926,4.972923,7.730071,0,3,0,0,0.593254,0,0.319109,0.20392,0.328643,0.671357,0.323927,0.541555,0.11145,0.045262,0.316872,0.376502,0.332099,0.316622
2022,Morris,14,82.33834,121.272196,84.475,8.642667,-26.157325,0,0,1,0,0.000699,0,0.258065,0.177567,0.185185,0.814815,0.325581,0.444444,0.088784,0.05327,0.48062,0.410761,0.326896,0.303204
2022,Mount Marty,10,84.586695,109.100536,69.7,24.418638,-1.381365,0,0,0,0,0.002764,0,0.275862,0.215208,0.15,0.85,0.230769,0.368421,0.086083,0.043042,0.557692,0.346614,0.337644,0.290339
2022,Mount Olive,11,78.245436,105.300942,76.275,17.536944,-9.263049,0,0,0,0,0.002342,0,0.217391,0.222878,0.425,0.575,0.125,0.333333,0.131105,0.065552,0.319444,0.368505,0.328058,0.325027
2022,Mount St Marys,7,104.304291,96.063846,65.645833,10.176199,11.063713,0,7,2,0,0.438888,0,0.344961,0.197017,0.307619,0.692381,0.262847,0.530667,0.08683,0.061441,0.304784,0.373143,0.322945,0.282828
2022,MTSU,3,111.64019,102.707485,69.866667,14.619836,22.236052,8,14,0,0,0.616472,0,0.328106,0.189105,0.297599,0.702401,0.320166,0.479021,0.114938,0.059854,0.430873,0.370614,0.333033,0.292052
2022,Mtvincent,14,74.613562,117.687883,76.9625,1.575769,-29.224212,0,0,2,0,0.002807,0,0.317073,0.246873,0.15,0.85,0.209091,0.341463,0.09745,0.045477,0.372727,0.32866,0.349784,0.271919
2022,Multnomah,13,70.271874,106.698533,85.325,13.25847,-22.541554,0,0,0,0,0.000525,0,0.189189,0.199238,0.15,0.85,0.102941,0.590909,0.082039,0.04688,0.544118,0.425258,0.350303,0.335567
2022,Murray St,1,120.359421,93.431166,68.525,13.191403,28.791403,9,17,0,0,0.833827,0,0.353425,0.166454,0.319777,0.680223,0.313402,0.506997,0.115378,0.045604,0.376289,0.38626,0.337309,0.300843
2022,N Arizona,9,102.400379,103.722024,68.345313,10.261374,4.348852,0,3,2,0,0.161536,0,0.358344,0.197069,0.285106,0.714894,0.280759,0.523377,0.065842,0.036579,0.41897,0.36216,0.340143,0.341975
2022,N Central,16,74.587075,135.590283,75.4125,4.728196,-40.571816,0,0,1,0,0.000127,0,0.19697,0.225427,0.25,0.75,0.219512,0.473684,0.046411,0.00663,0.536585,0.478277,0.351066,0.269018
2022,N Colorado,6,113.753806,112.844813,71.378571,11.991761,13.328584,5,9,3,0,0.555252,0,0.382729,0.17212,0.220268,0.779732,0.310039,0.449064,0.058041,0.039628,0.461614,0.387485,0.340007,0.325887
2022,N Dakota St,5,111.670887,95.584813,69.245455,10.351711,16.47291,3,12,0,0,0.768033,0,0.35806,0.168045,0.226094,0.773906,0.338658,0.423299,0.056453,0.049888,0.373269,0.382789,0.357091,0.29233
2022,N Greenville,14,89.735267,136.656613,81.275,24.369954,-24.430039,0,0,0,0,0.00006,0,0.277778,0.22147,0.241379,0.758621,0.136364,0.407407,0.086127,0.012304,0.272727,0.517174,0.380455,0.226202
2022,N Illinois,8,98.44776,98.89689,68.729167,14.808956,8.015623,4,2,1,0,0.316577,0,0.317029,0.199333,0.262126,0.737874,0.331106,0.488406,0.091179,0.03977,0.335358,0.388696,0.33797,0.306038
2022,N Kentucky,6,108.386109,94.445077,66.557812,9.586394,14.198896,2,11,2,0,0.783457,0,0.345253,0.197667,0.350923,0.649077,0.258924,0.546584,0.13616,0.037561,0.432072,0.381243,0.328123,0.287912
2022,N'Western St,9,104.081801,106.072536,73.398438,9.928844,3.666338,0,2,1,0,0.33772,0,0.342144,0.194572,0.306424,0.693576,0.243539,0.53743,0.086429,0.047685,0.338469,0.364231,0.333025,0.315413
2022,Navy,5,103.778224,88.817219,64.951562,10.719321,15.663086,2,11,1,0,0.653682,0,0.325664,0.198225,0.320771,0.679229,0.302455,0.509091,0.108735,0.051481,0.31529,0.380511,0.344845,0.267239
2022,NC A&T,8,101.999461,98.454363,68.859375,10.445476,8.351732,1,6,1,0,0.324989,0,0.31221,0.184252,0.315419,0.684581,0.28436,0.486352,0.113002,0.046744,0.340706,0.39021,0.32435,0.3015
2022,NC Central,8,102.618759,93.469337,71.98871,4.364681,9.267913,0,8,1,0,0.574695,0,0.331683,0.218672,0.328865,0.671135,0.363132,0.47466,0.121435,0.030023,0.33648,0.384626,0.316282,0.32504
2022,NC State,3,113.34887,101.035873,69.311719,22.935928,19.642185,7,1,0,0,0.152505,0,0.340996,0.145177,0.338117,0.661883,0.290936,0.43932,0.101444,0.053202,0.392088,0.374216,0.348697,0.294948
2022,NC Wesleyan,10,94.095661,110.8462,68.8,15.522485,-0.277507,0,0,0,0,0.014154,0,0.4,0.218023,0.304348,0.695652,0.140351,0.541667,0.145349,0.043605,0.263158,0.390273,0.340426,0.275801
2022,Nebraska,4,108.930889,98.775808,73.089844,24.768602,18.718603,5,4,0,0,0.400302,0,0.319544,0.171878,0.221907,0.778093,0.333333,0.490385,0.098338,0.037197,0.373867,0.372638,0.346637,0.30011
2022,Nelson,15,75.059572,135.101362,79.225,10.696285,-39.603738,0,0,1,0,0.000711,0,0.27451,0.205112,0.191304,0.808696,0.173913,0.413793,0.075734,0.044178,0.403162,0.372368,0.350954,0.361292
2022,Neumann,11,108.150103,135.483758,72.65,17.976797,-7.823194,0,0,0,0,0.002764,0,0.4,0.110117,0.2,0.8,0.215385,0.357143,0,0.013765,0.307692,0.354482,0.34647,0.253201
2022,Nevada,3,109.441039,95.841603,71.231452,21.692079,20.356581,6,6,0,0,0.438,0,0.333333,0.185221,0.240483,0.759517,0.320829,0.564838,0.089667,0.046645,0.362822,0.390016,0.347871,0.297983
2022,New England,15,80.151316,137.274743,62.55,0.615042,-32.184939,0,0,1,0,0.000865,0,0.2,0.159872,0.16,0.84,0.375,0.588235,0.063949,0,0.520833,0.385127,0.307692,0.208585
2022,New Hampshire,6,111.73539,99.62584,63.263393,8.750712,12.536444,0,9,2,0,0.590564,0,0.366112,0.143391,0.277888,0.722112,0.252494,0.48227,0.073389,0.045163,0.412095,0.383703,0.338096,0.25424
2022,New Mexico,4,109.956855,97.839299,71.990625,19.481216,17.687455,5,6,0,0,0.499083,0,0.343923,0.162782,0.259191,0.740809,0.31875,0.450839,0.086817,0.060338,0.377083,0.39019,0.345106,0.310399
2022,New Mexico St,3,112.437873,94.365282,68.649219,16.128458,23.631303,16,7,1,0,0.704845,0,0.326398,0.203935,0.292445,0.707555,0.347514,0.53744,0.073744,0.060543,0.424862,0.382912,0.334183,0.313084
2022,New Orleans,7,104.933673,98.977359,75.633871,7.838801,10.363796,0,8,2,0,0.4936,0,0.311594,0.188941,0.253333,0.746667,0.399347,0.473441,0.104067,0.037106,0.225245,0.381126,0.319595,0.312249
2022,Niagara,5,105.991304,93.718173,66.546667,13.454274,15.780954,3,10,0,0,0.516032,0,0.345455,0.164296,0.236869,0.763131,0.27652,0.497965,0.084652,0.040072,0.360548,0.367146,0.332707,0.302893
2022,Nicholls,5,111.242121,98.522409,72.760156,7.126904,14.629928,1,7,0,0,0.686169,0,0.330391,0.16922,0.310261,0.689739,0.212553,0.434608,0.114245,0.054116,0.37708,0.360781,0.331604,0.321189
2022,NJIT,9,96.527912,99.054245,67.984483,11.172651,4.248531,0,8,1,0,0.282018,0,0.326889,0.188684,0.241206,0.758794,0.310667,0.446646,0.08927,0.053765,0.354959,0.382603,0.337089,0.254872
2022,NM Highlands,10,98.537039,118.371011,74.225,23.631303,-0.16871,0,0,0,0,0.003845,0,0.307692,0.229033,0.275862,0.724138,0.183333,0.6,0.080835,0.013473,0.433333,0.424862,0.326398,0.347514
2022,Norfolk St,5,107.914896,91.486899,71.045833,6.309959,16.355126,1,13,1,0,0.762099,0,0.347611,0.197056,0.261393,0.738607,0.377414,0.476131,0.094305,0.05161,0.355178,0.377738,0.316622,0.321804
2022,North Alabama,8,99.9411,93.595969,71.2525,7.393688,8.440356,0,3,2,0,0.158796,0,0.315522,0.167012,0.304428,0.695572,0.229637,0.404255,0.095903,0.048653,0.413032,0.390232,0.327978,0.304523
2022,North Carolina,1,118.629191,110.412998,70.623485,25.345341,31.468424,25,4,0,0,0.775754,0,0.362069,0.165195,0.268293,0.731707,0.296425,0.536184,0.076805,0.054493,0.374379,0.375854,0.348596,0.287374
2022,North Dakota,10,104.630978,109.735072,69.552419,10.332648,1.648766,0,3,2,0,0.238381,0,0.344913,0.172068,0.285714,0.714286,0.314896,0.504736,0.057511,0.0269,0.441402,0.400677,0.353283,0.292887
2022,North Florida,7,102.923037,97.447162,69.709677,13.243449,11.320869,2,5,0,0,0.577372,0,0.339061,0.209625,0.268827,0.731173,0.298336,0.543448,0.079593,0.06895,0.500861,0.391772,0.326814,0.270728
2022,North Park,11,115.693222,125.191661,61.025,-1.864394,-3.664394,0,0,1,0,0.106029,0,0.529412,0.180254,0.465116,0.534884,0.311475,0.52,0.09832,0.016387,0.278689,0.362476,0.325704,0.315252
2022,North Texas,2,112.797721,91.67267,60.8075,17.335617,26.110615,11,10,0,0,0.682076,0,0.35625,0.188573,0.304519,0.695481,0.375905,0.480712,0.110184,0.044951,0.42133,0.367252,0.340692,0.287412
2022,Northeastern,6,103.445776,98.945228,65.905645,16.847824,11.83493,3,4,1,0,0.325095,0,0.319635,0.211935,0.252016,0.747984,0.306034,0.496474,0.071461,0.041604,0.404557,0.396447,0.347103,0.288874
2022,Northern Iowa,3,114.75647,102.931591,68.9825,19.72294,23.160439,9,10,0,0,0.653745,0,0.349582,0.161877,0.213048,0.786952,0.334526,0.452536,0.082146,0.020778,0.428145,0.402921,0.343955,0.282729
2022,Northern NM,12,79.972036,114.373948,72.29375,18.040618,-12.759396,0,0,0,0,0.001248,0,0.280899,0.273191,0.25641,0.74359,0.246512,0.435897,0.093369,0.031123,0.413953,0.41041,0.351306,0.314761
2022,Northland,16,75.288306,152.59986,71.0875,12.140268,-45.659745,0,0,0,0,0.000014,0,0.277778,0.19694,0.194444,0.805556,0.113043,0.414634,0.049235,0.007034,0.469565,0.44421,0.35764,0.280899
2022,Northwest U,11,100.882499,131.723939,72.225,19.23507,-9.564944,0,0,0,0,0.001682,0,0.470588,0.124611,0.15,0.85,0.180328,0.481481,0.041537,0.027691,0.278689,0.457516,0.33956,0.279537
2022,Northwestern,2,112.022105,92.064229,70.020968,22.324823,24.840957,8,3,0,0,0.399411,0,0.347185,0.13959,0.268182,0.731818,0.256224,0.59466,0.092599,0.049755,0.386929,0.371764,0.347549,0.312543
2022,Northwood,12,83.258,109.376561,70.6,7.20416,-11.59584,0,0,0,0,0.008724,0,0.307692,0.254958,0.342857,0.657143,0.280702,0.5,0.056657,0.028329,0.22807,0.35022,0.308176,0.303414
2022,Notre Dame,2,116.963041,102.558329,66.465625,22.525998,27.708859,16,5,0,0,0.604312,0,0.380026,0.155626,0.210092,0.789908,0.269638,0.545783,0.076637,0.02821,0.429526,0.364556,0.339582,0.297395
2022,NVU-Lyndon,13,102.177506,144.460736,76.225,14.561417,-22.238571,0,0,0,0,0.000445,0,0.555556,0.262381,0.214286,0.785714,0.192982,0.576923,0,0.026238,0.473684,0.448938,0.338931,0.240576
2022,NW Ohio,16,55.646087,130.522382,76.275,24.138421,-42.661578,0,0,0,0,0.000003,0,0.1,0.28843,0.230769,0.769231,0.160714,0.533333,0.091773,0.039331,0.357143,0.312226,0.360374,0.287384
2022,Oakland,4,110.984868,95.205345,69.338281,10.50234,16.546092,4,8,1,0,0.417647,0,0.302057,0.17667,0.314312,0.685688,0.334222,0.519417,0.130249,0.034703,0.414712,0.377401,0.32922,0.282342
2022,Oakland City,8,100.626919,103.185906,72.125,14.170498,8.370496,0,0,0,0,0.063849,0,0.272727,0.235702,0.323529,0.676471,0.254237,0.25,0.110919,0.069324,0.186441,0.460489,0.333333,0.264355
2022,Oakwood,15,75.719654,127.524913,81.675,9.948935,-34.851064,0,0,0,0,0.000207,0,0.292683,0.293848,0.309859,0.690141,0.208,0.454545,0.073462,0.048975,0.328,0.37043,0.328753,0.232186
2022,Oberlin,14,60.395365,112.961651,70.375,18.28262,-24.517379,0,0,0,0,0.000164,0,0.264706,0.312611,0.16,0.84,0.1,0.692308,0.042629,0,0.68,0.400321,0.329773,0.319615
2022,Ohio,4,112.224128,99.933779,68.816667,13.657448,19.468878,4,14,0,0,0.431661,0,0.340022,0.152359,0.29078,0.70922,0.30605,0.498229,0.109205,0.03787,0.456024,0.379266,0.339787,0.300133
2022,Ohio Christian,16,61.87245,145.628426,71.325,16.546092,-48.253905,0,0,0,0,0.000004,0,0.142857,0.364529,0.5,0.45,0.125,0.5,0.056081,0.028041,0.375,0.414712,0.302057,0.334222
2022,Ohio State,1,121.56561,101.360679,65.4925,25.374147,29.967901,17,2,0,0,0.415281,0,0.373272,0.167449,0.257032,0.742968,0.334756,0.492921,0.067692,0.073291,0.396951,0.377326,0.343562,0.303055
2022,Ohio Vall,12,89.97759,114.883521,86.4,12.369834,-13.430164,0,0,0,0,0.002764,0,0.24,0.3125,0.292683,0.707317,0.4,0.36,0.115741,0,0.416667,0.484235,0.35277,0.213176
2022,Ohio Weslyan,14,76.450742,119.890721,82,9.371459,-28.428541,0,0,0,0,0.000377,0,0.277778,0.207317,0.275862,0.724138,0,0.6,0.109756,0.036585,0.493151,0.371047,0.339547,0.314723
2022,OK Christian,10,86.229624,113.043103,68.75,26.110615,-1.689388,0,0,0,0,0.001985,0,0.416667,0.305455,0.259259,0.740741,0.2,0.333333,0.145455,0.014545,0.24,0.42133,0.35625,0.375905
2022,Oklahoma,1,111.367878,93.581912,67.067424,26.441276,29.829845,12,5,0,0,0.510591,0,0.339385,0.222752,0.239733,0.760267,0.282509,0.553269,0.111602,0.026206,0.411968,0.365076,0.32574,0.313582
2022,Oklahoma St,1,106.42566,83.676814,70.505833,27.027678,29.194344,11,4,0,0,0.516336,0,0.294872,0.214167,0.31177,0.68823,0.329879,0.503979,0.12103,0.077062,0.314335,0.372456,0.329904,0.314286
2022,Old Dominion,5,106.25862,95.383974,66.20625,16.748948,16.186449,5,6,0,0,0.410607,0,0.29375,0.179836,0.305695,0.694305,0.340331,0.502545,0.096762,0.049561,0.265193,0.400627,0.339553,0.289326
2022,Ole Miss,3,108.895174,93.04953,67.732031,23.75712,22.325871,7,4,0,0,0.167144,0,0.326471,0.180398,0.276636,0.723364,0.286732,0.532156,0.104733,0.041063,0.372807,0.371978,0.323443,0.32615
2022,Omaha,10,102.946736,112.083871,71.199167,14.836521,1.043177,0,3,1,0,0.205933,0,0.355109,0.19195,0.267276,0.732724,0.286122,0.434437,0.067417,0.036049,0.340948,0.388662,0.36084,0.310016
2022,Oral Roberts,4,118.278663,99.490848,72.405645,9.273573,18.073562,1,10,1,0,0.510819,0,0.379747,0.136774,0.273456,0.726544,0.232456,0.388474,0.076184,0.057917,0.461988,0.381052,0.341085,0.294487
2022,Oregon,2,113.19673,99.104334,68.927273,23.335069,25.506486,11,8,0,0,0.324877,0,0.333333,0.172338,0.297835,0.702165,0.294931,0.454649,0.099798,0.047041,0.360983,0.357477,0.337156,0.299487
2022,Oregon St,6,107.498303,104.691261,69.004032,24.378869,14.127247,1,2,0,0,0.052049,0,0.318841,0.18185,0.293194,0.706806,0.275766,0.472956,0.086484,0.043943,0.307521,0.364812,0.337755,0.297007
2022,Ottawa (AZ),9,88.772265,95.863629,75.0125,15.579481,5.279467,0,1,0,0,0.421405,0,0.285714,0.246626,0.333333,0.666667,0.147287,0.44,0.073321,0.039993,0.325581,0.375532,0.35953,0.313827
2022,Pacif. Lutheran,14,65.685849,124.439428,67.85,19.23507,-26.564944,0,0,0,0,0.000099,0,0.208333,0.235814,0.382353,0.617647,0.096774,0.8125,0.058954,0.058954,0.387097,0.457516,0.33956,0.279537
2022,Pacific,7,99.992022,98.397672,69.8625,16.318829,9.34548,2,2,0,0,0.216011,0,0.318182,0.17606,0.245685,0.754315,0.318713,0.484507,0.091609,0.036739,0.334503,0.362549,0.343463,0.29071
2022,Palm Beach Atl,10,101.310824,118.913895,66.75,19.796576,1.996574,0,0,0,0,0.010259,0,0.3,0.2397,0.1875,0.8125,0.192308,0.64,0.014981,0.029963,0.384615,0.430936,0.34934,0.291774
2022,Paul Quinn,11,77.11025,103.394181,73.35,13.868413,-9.331595,0,0,0,0,0.008987,0,0.1875,0.237219,0.320513,0.679487,0.313589,0.309278,0.117246,0.043626,0.278746,0.347624,0.32603,0.349092
2022,Penn,6,109.3265,102.21073,69.727679,17.189798,14.446952,1,9,1,0,0.563854,0,0.334815,0.169025,0.255694,0.744306,0.241503,0.473262,0.078878,0.032268,0.402504,0.404135,0.341024,0.289035
2022,Penn Alleghany,16,69.014187,114.969002,107.075,7.730071,-44.069923,0,0,0,0,0.000037,0,0.4,0.37357,0.297872,0.702128,0.232877,0.464286,0.056035,0.028018,0.273973,0.316872,0.319109,0.323927
2022,Penn State,2,110.650802,93.497711,63.489516,25.375418,24.575422,10,4,0,0,0.503294,0,0.341564,0.185959,0.2621,0.7379,0.217874,0.497297,0.083326,0.034042,0.425818,0.367341,0.350318,0.302218
2022,Pepperdine,7,101.314821,100.548836,72.186719,19.46181,9.880546,0,5,0,0,0.138534,0,0.340176,0.203898,0.287398,0.712602,0.237997,0.583951,0.078356,0.032468,0.352091,0.362997,0.344029,0.298773
2022,Peru State,9,98.12086,115.630475,70.175,27.915167,5.115154,0,0,0,0,0.004534,0,0.388889,0.242252,0.24,0.76,0.245283,0.291667,0.099751,0.04275,0.339623,0.389058,0.357812,0.303951
2022,Pfeiffer,13,90.197682,126.281491,82.225,17.947424,-18.852568,0,0,0,0,0.000445,0,0.48,0.231073,0.290323,0.709677,0.164179,0.44,0.048647,0,0.373134,0.367021,0.37971,0.348936
2022,PhilanderSmith,10,78.001873,86.19931,67.6,7.308818,1.508813,0,0,0,0,0.063849,0,0.3125,0.221893,0.447368,0.552632,0.258065,0.555556,0.162722,0.044379,0.258065,0.378886,0.336752,0.32513
2022,Piedmont,13,80.532571,119.884965,71.85,11.383447,-19.416551,0,0,0,0,0.003262,0,0.396226,0.306193,0.236364,0.763636,0.11215,0.642857,0.118302,0.020877,0.495327,0.397156,0.357617,0.272648
2022,Pitt,5,104.12536,97.876637,64.154687,23.470279,16.039037,10,1,0,0,0.291898,0,0.313869,0.21189,0.292705,0.707295,0.393865,0.521481,0.083782,0.059914,0.336196,0.378413,0.349524,0.290884
2022,Point,10,93.626471,104.145117,71.8,8.849209,0.049211,0,0,0,0,0.041721,0,0.388889,0.167131,0.242424,0.757576,0.125,0.555556,0.05571,0.041783,0.28125,0.409781,0.349794,0.248454
2022,Point Park,15,68.095665,130.076099,73.841667,19.151559,-33.315107,0,0,0,0,0.000077,0,0.257143,0.243765,0.336957,0.663043,0.216667,0.54,0.063198,0.013542,0.388889,0.400063,0.34288,0.325538
2022,Portland,5,107.466535,101.623092,72.008594,13.927468,15.986277,1,14,0,0,0.677991,0,0.344729,0.182704,0.230967,0.769033,0.351762,0.556663,0.069436,0.03385,0.380488,0.367412,0.334017,0.293079
2022,Portland St,7,104.216109,95.794961,72.850806,9.310176,10.697251,1,3,2,0,0.585789,0,0.298438,0.170034,0.302857,0.697143,0.317585,0.429268,0.127968,0.045165,0.335958,0.389902,0.337773,0.326525
2022,Prairie View,8,100.56582,99.950476,72.812037,14.54039,9.050728,0,4,2,0,0.444547,0,0.345455,0.239582,0.314286,0.685714,0.384818,0.476852,0.116485,0.042219,0.326733,0.336408,0.324795,0.319585
2022,Presbyterian,7,101.964321,94.764407,69.067188,10.285592,10.260597,0,6,1,0,0.35667,0,0.269912,0.196367,0.346491,0.653509,0.314452,0.512563,0.116282,0.039364,0.35892,0.400949,0.329785,0.305404
2022,Presentation,12,91.134404,128.727256,67.466667,13.348438,-15.118242,0,0,1,0,0.006851,0,0.382353,0.237154,0.225,0.775,0.149068,0.393939,0.06917,0.029644,0.42236,0.375498,0.389384,0.330211
2022,Princeton,3,118.7684,100.311208,69.55431,11.281923,20.801937,3,14,0,0,0.770744,0,0.387805,0.146251,0.247333,0.752667,0.209677,0.514253,0.09023,0.026771,0.456062,0.394755,0.33233,0.280423
2022,Providence,1,115.338157,99.749728,67.228333,24.394139,28.951722,23,3,0,0,0.592234,0,0.342723,0.173538,0.281139,0.718861,0.385442,0.540246,0.074869,0.056028,0.381265,0.37424,0.337931,0.300644
2022,PSU Behrend,13,73.312192,122.865233,69.325,15.758806,-23.041192,0,0,0,0,0.000319,0,0.285714,0.274071,0.28,0.72,0.12963,0.666667,0.057699,0.014425,0.518519,0.342426,0.332203,0.36332
2022,PSU York,13,64.839269,104.826541,77.8,12.651308,-22.148673,0,0,0,0,0.000621,0,0.2,0.192802,0.157895,0.842105,0.123077,0.222222,0.03856,0.03856,0.384615,0.424672,0.377892,0.305677
2022,Pur-Calmet,7,94.796383,95.799229,79.75,16.480484,9.680483,0,0,0,0,0.055604,0,0.25,0.137931,0.290323,0.709677,0.136986,0.517241,0.100313,0.050157,0.328767,0.366044,0.367376,0.313603
2022,Purchase,16,52.847255,117.922455,80.225,8.535673,-45.264309,0,0,0,0,0.000026,0,0.181818,0.261764,0.184211,0.815789,0.180328,0.5,0.087255,0.087255,0.360656,0.354541,0.320552,0.315933
2022,Purdue,1,126.715375,101.591153,67.569118,24.636542,34.950058,23,4,0,0,0.602908,0,0.390789,0.172808,0.290618,0.709382,0.362795,0.588542,0.06834,0.051799,0.390545,0.374094,0.344616,0.29386
2022,Purdue FW,6,107.556115,98.619867,70.585938,8.908057,12.43533,1,11,1,0,0.7467,0,0.37181,0.190371,0.241414,0.758586,0.26703,0.541568,0.125291,0.035418,0.448501,0.39262,0.328275,0.285874
2022,Quincy,10,93.056012,106.459056,72.175,16.480484,1.680483,0,0,0,0,0.016599,0,0.454545,0.235539,0.324324,0.675676,0.213115,0.478261,0.138552,0.041566,0.360656,0.366044,0.367376,0.313603
2022,Quinnipiac,6,107.668141,98.280349,69.575806,12.748789,12.864935,0,10,0,0,0.339617,0,0.344569,0.186383,0.279197,0.720803,0.265574,0.565272,0.091337,0.0306,0.437705,0.361442,0.331913,0.301233
2022,Radford,7,99.887484,96.908795,66.356034,13.386486,9.476148,0,5,0,0,0.486738,0,0.30687,0.207865,0.305383,0.694617,0.278158,0.474474,0.099775,0.022865,0.407592,0.377729,0.331522,0.299291
2022,Randolph,15,90.547161,145.486359,71.6,11.299948,-30.500044,0,0,0,0,0.000193,0,0.333333,0.181564,0.344828,0.655172,0.262295,0.333333,0.041899,0,0.344262,0.443333,0.342105,0.257778
2022,Redlands,9,99.013086,104.740265,83.925,17.351318,5.551295,0,0,0,0,0.02655,0,0.407407,0.262139,0.233333,0.766667,0.396552,0.44,0.107239,0.035746,0.465517,0.301689,0.330116,0.359348
2022,Regent,15,59.95253,128.524205,70.654167,11.561185,-39.405476,0,0,2,0,0.005172,0,0.222222,0.30194,0.28877,0.71123,0.196875,0.561798,0.063691,0.016512,0.309375,0.38022,0.344248,0.331716
2022,Regis College,16,65.224289,122.847658,79.225,2.430486,-41.369495,0,0,1,0,0.000139,0,0.181818,0.252446,0.32,0.68,0.177419,0.428571,0.113601,0.012622,0.177419,0.293921,0.343454,0.281093
2022,Regis U,8,85.320854,83.300382,78.875,8.319942,8.519928,0,0,0,0,0.132139,0,0.16,0.190174,0.25,0.75,0.409836,0.409091,0.139461,0.038035,0.409836,0.355894,0.36767,0.318105
2022,Rhode Island,3,104.598953,88.900669,68.283871,17.971958,19.791321,5,9,0,0,0.322664,0,0.336714,0.208806,0.267794,0.732206,0.360403,0.542263,0.108182,0.087868,0.292235,0.379692,0.33671,0.283426
2022,Rhodes,14,69.127859,119.903277,79.0875,24.101681,-26.198321,0,0,0,0,0.000368,0,0.222222,0.335072,0.333333,0.666667,0.104,0.526316,0.037933,0,0.432,0.350166,0.366489,0.293554
2022,Rice,5,112.180814,103.861558,69.474219,14.39072,14.857384,2,8,0,0,0.248823,0,0.372774,0.179473,0.246249,0.753751,0.312944,0.595238,0.074218,0.024739,0.429274,0.381566,0.336521,0.291181
2022,Richmond,3,113.213504,99.121465,67.844286,21.455043,23.790184,15,8,0,0,0.651255,0,0.337292,0.144448,0.233422,0.766578,0.308691,0.577053,0.115811,0.033691,0.420579,0.36619,0.342552,0.302156
2022,Rider,6,102.738239,95.042576,69.299242,14.05475,12.763855,3,8,1,0,0.429555,0,0.321678,0.170976,0.294358,0.705642,0.272909,0.508475,0.098825,0.03542,0.28643,0.371928,0.330677,0.315259
2022,Rivier,13,76.780056,115.959218,75.75,11.922272,-20.877708,0,0,0,0,0.000865,0,0.294118,0.224422,0.1875,0.8125,0.166667,0.190476,0.052805,0.013201,0.283333,0.3203,0.30602,0.26406
2022,Robert Morris,9,105.512076,105.575759,68.247656,11.029238,6.116741,0,3,3,0,0.314528,0,0.338624,0.208798,0.276127,0.723873,0.283061,0.492102,0.087915,0.055863,0.319077,0.390356,0.329381,0.2893
2022,Rockford,15,85.513736,129.901949,74.275,-1.864394,-30.664394,0,0,1,0,0.001682,0,0.375,0.296197,0.481481,0.518519,0.147541,0.818182,0.121171,0.04039,0.52459,0.362476,0.325704,0.315252
2022,Rocky Mnt,11,73.20851,98.293746,77.55,17.585704,-8.214319,0,0,0,0,0.002764,0,0.307692,0.167634,0.228571,0.771429,0.28125,0.388889,0.090264,0.02579,0.203125,0.371639,0.368794,0.386927
2022,Rogers State,15,51.449473,126.134224,68.7,18.073562,-38.72645,0,0,0,0,0.000016,0,0.111111,0.276565,0.333333,0.666667,0.226415,0.090909,0.116448,0.014556,0.339623,0.461988,0.379747,0.232456
2022,Roosevelt,11,83.425009,120.065522,67.325,30.41064,-5.389361,0,0,0,0,0.000525,0,0.307692,0.26736,0.173913,0.826087,0.14,0.473684,0.059413,0.074267,0.52,0.428654,0.38255,0.317606
2022,Rust,12,65.442432,96.11048,79.85,15.227773,-14.57223,0,0,0,0,0.001425,0,0.25,0.262993,0.264706,0.735294,0.092308,0.5,0.150282,0.025047,0.307692,0.402951,0.326761,0.329171
2022,Rutgers,2,110.560116,95.426334,66.305645,23.287708,24.856464,13,2,0,0,0.485336,0,0.335714,0.173196,0.286496,0.713504,0.269468,0.587342,0.108977,0.059354,0.313725,0.38292,0.347547,0.29762
2022,Rutgers-Camden,16,46.592717,124.695454,71.225,20.801937,-41.998048,0,0,0,0,0.000006,0,0.222222,0.4212,0.15,0.85,0.282051,0.3,0.05616,0.04212,0.461538,0.456062,0.387805,0.209677
2022,S Dakota St,2,124.379516,100.342335,72.102206,11.786809,24.381083,8,15,1,0,0.868514,0,0.449296,0.152969,0.214227,0.785773,0.338469,0.488636,0.084031,0.034673,0.352883,0.38767,0.353939,0.30315
2022,S Diego Christ,14,70.745159,119.343097,73.65,12.040769,-26.75925,0,0,0,0,0.000436,0,0.243243,0.210455,0.235294,0.764706,0.235294,0.514286,0.027155,0.040733,0.310924,0.443252,0.351512,0.345904
2022,S Illinois,3,107.890287,91.198014,62.980645,17.772993,20.140733,2,12,0,0,0.58845,0,0.354074,0.180803,0.234358,0.765642,0.29,0.521739,0.087072,0.033292,0.421875,0.389373,0.3394,0.293341
2022,Sacramento St,9,102.140985,101.844855,66.485345,10.573804,5.739298,0,5,3,0,0.465611,0,0.358974,0.166487,0.249169,0.750831,0.282972,0.458333,0.089727,0.042529,0.33808,0.386994,0.348059,0.330287
2022,Sacred Heart,8,106.540238,104.459013,70.110833,8.270914,6.433431,0,5,4,0,0.342616,0,0.342776,0.197782,0.310313,0.689687,0.246689,0.540273,0.077972,0.031379,0.389625,0.368694,0.321318,0.281179
2022,Saginaw,4,109.767857,96.227531,65.05,12.754983,18.954986,0,0,0,0,0.514401,0,0.386364,0.138355,0.157895,0.842105,0.346154,0.489362,0.10761,0.030746,0.423077,0.435686,0.318707,0.277327
2022,Saint Francis,9,101.923111,102.353619,69.5625,9.447882,5.187898,0,4,3,0,0.248449,0,0.314947,0.181132,0.325751,0.674249,0.301438,0.509162,0.0944,0.039772,0.310841,0.373801,0.333128,0.274549
2022,Saint Joseph's,4,104.297607,92.692291,69.3775,19.599076,17.599084,4,7,0,0,0.263814,0,0.336261,0.195068,0.258865,0.741135,0.229425,0.543507,0.071109,0.035554,0.449267,0.372494,0.340594,0.294552
2022,Saint Louis,2,115.862743,93.474083,69.884559,18.636458,26.190748,11,9,0,0,0.578648,0,0.371383,0.183917,0.307165,0.692835,0.323645,0.540193,0.093431,0.045453,0.306404,0.373415,0.339053,0.302909
2022,Saint Mary's,1,114.311922,90.292024,65.56875,22.671508,31.195026,14,11,0,0,0.664518,0,0.350153,0.172529,0.254159,0.745841,0.239203,0.51374,0.106758,0.039081,0.362126,0.358838,0.348065,0.292243
2022,Saint Peter's,3,105.352344,99.530423,67.209167,16.748419,21.313139,6,15,0,0,0.852808,0,0.352705,0.206321,0.303867,0.696133,0.371115,0.51768,0.10812,0.073403,0.304083,0.364702,0.335041,0.299811
2022,Saint Xavier,12,72.765195,99.542497,73.125,4.725954,-14.074045,0,0,1,0,0.008724,0,0.227273,0.191453,0.307692,0.692308,0.234375,0.473684,0.109402,0.054701,0.34375,0.347922,0.316879,0.27036
2022,Salisbury,6,118.821163,103.328032,76.075,-2.278955,13.921055,0,0,0,0,0.964026,0,0.394737,0.223464,0.272727,0.727273,0.269841,0.774194,0.039435,0.05258,0.603175,0.331844,0.325,0.30568
2022,Salve Regina,12,84.308324,114.083097,74.6,14.913863,-11.886121,0,0,0,0,0.002342,0,0.333333,0.321716,0.25,0.75,0.32,0.454545,0.053619,0,0.36,0.393404,0.312874,0.308009
2022,Sam Houston,4,105.825252,88.558426,67.875758,12.549007,18.306574,5,8,0,0,0.611717,0,0.342891,0.185723,0.316045,0.683955,0.243952,0.550827,0.112059,0.036162,0.421875,0.37656,0.320931,0.33103
2022,Samford,6,109.583654,98.753332,71.29375,13.781198,14.424951,4,13,0,0,0.63545,0,0.335723,0.192864,0.298507,0.701493,0.282891,0.48014,0.10476,0.041203,0.435257,0.417041,0.334947,0.281822
2022,San Diego,6,102.402863,93.475016,67.965323,15.80523,14.14715,1,11,1,0,0.281707,0,0.334646,0.18368,0.267086,0.732914,0.257652,0.4,0.074516,0.054107,0.282693,0.363537,0.336764,0.291229
2022,San Diego St,1,107.196423,83.361538,65.749194,22.555241,29.336477,16,7,0,0,0.68351,0,0.357553,0.192815,0.279155,0.720845,0.312905,0.501362,0.113825,0.071631,0.308191,0.385112,0.340183,0.298914
2022,San Fran St,13,80.27782,112.493265,87.15,16.267912,-18.532107,0,0,0,0,0.004383,0,0.261538,0.172117,0.258065,0.741935,0.190476,0.617021,0.091796,0.028686,0.442177,0.365339,0.332395,0.372465
2022,San Francisco,1,116.571791,90.777627,70.836364,22.24286,30.984027,13,11,0,0,0.5362,0,0.353726,0.18181,0.284916,0.715084,0.288577,0.474781,0.108658,0.065024,0.450401,0.361854,0.355182,0.292769
2022,San José St,7,102.93862,101.460671,66.83629,19.279655,11.04093,2,4,0,0,0.140811,0,0.352258,0.197401,0.24456,0.75544,0.223063,0.550409,0.078188,0.047299,0.451369,0.384718,0.340137,0.308382
2022,Santa Barbara,4,111.910592,92.299577,68.329464,11.215381,19.022505,2,8,0,0,0.763523,0,0.331878,0.193913,0.262027,0.737973,0.373936,0.580132,0.091469,0.04286,0.299935,0.352673,0.328891,0.304629
2022,Santa Clara,2,116.978175,96.951627,71.182812,20.64445,25.329285,7,14,0,0,0.590683,0,0.387789,0.161995,0.214539,0.785461,0.276696,0.521459,0.085168,0.051803,0.31878,0.361745,0.338918,0.298102
2022,SC State,9,98.153163,94.472742,74.957258,6.610283,5.900612,0,9,0,0,0.497969,0,0.299848,0.200114,0.364198,0.635802,0.311823,0.475533,0.088653,0.047769,0.323645,0.388209,0.32199,0.316209
2022,SC Upstate,7,105.808352,107.689958,69.774167,11.848685,10.561191,1,7,0,0,0.471685,0,0.361153,0.182971,0.230533,0.769467,0.288484,0.536745,0.089814,0.049684,0.387192,0.403219,0.325706,0.303625
2022,Schreiner,14,66.609743,118.372533,77.575,19.050717,-28.249294,0,0,0,0,0.000196,0,0.175,0.367386,0.297872,0.702128,0.354167,0.382353,0.08379,0.012891,0.416667,0.389401,0.327564,0.309225
2022,SE Louisiana,7,110.176293,105.799947,73.717424,8.131101,9.660508,0,11,3,0,0.659421,0,0.358881,0.193203,0.277521,0.722479,0.370582,0.570946,0.107289,0.053028,0.427235,0.365291,0.33122,0.304632
2022,SE Missouri,6,108.733658,101.731508,72.621875,13.384088,11.865334,2,8,0,0,0.518434,0,0.344363,0.181161,0.274859,0.725141,0.36558,0.54401,0.089074,0.036576,0.43613,0.376444,0.339617,0.303262
2022,Seattle U,4,108.000764,88.389848,72.034375,11.716332,19.23507,4,12,0,0,0.587902,0,0.33956,0.160947,0.26517,0.73483,0.279537,0.525935,0.095874,0.050323,0.457516,0.38482,0.328357,0.321592
2022,SEBAPT,16,63.192142,134.30837,81.35,7.282374,-51.517629,0,0,1,0,0.000031,0,0.285714,0.290924,0.291667,0.708333,0.20765,0.615385,0.06556,0.008195,0.420765,0.381018,0.329226,0.290105
2022,Seton Hall,1,113.621375,90.733695,69.218548,23.708923,28.740179,18,0,0,0,0.566585,0,0.339791,0.173364,0.314002,0.685998,0.314469,0.404792,0.101595,0.078759,0.358249,0.361712,0.329661,0.296972
2022,SF Austin,4,108.469776,93.043699,72.147581,13.92536,19.519101,9,5,0,0,0.756682,0,0.333935,0.228027,0.332727,0.667273,0.355866,0.552941,0.125191,0.057677,0.309497,0.375664,0.334322,0.318854
2022,Shenandoah,15,81.101999,136.913666,76.6,11.652859,-34.147133,0,0,0,0,0.000099,0,0.333333,0.195822,0.428571,0.571429,0.222222,0.5,0.065274,0.013055,0.375,0.33953,0.334944,0.34281
2022,Siena,6,102.881329,96.734989,67.85431,14.878745,12.202898,4,10,1,0,0.492369,0,0.355717,0.18498,0.251309,0.748691,0.289328,0.421129,0.091474,0.05895,0.339914,0.361606,0.334873,0.307876
2022,SIUE,8,101.697455,97.534873,68.999219,10.928487,8.822236,1,5,1,0,0.388358,0,0.291022,0.2183,0.3382,0.6618,0.336039,0.510363,0.103262,0.055254,0.349567,0.391128,0.328189,0.279649
2022,SMU,2,114.638313,95.770401,69.296774,20.969083,26.987261,16,7,0,0,0.59241,0,0.363151,0.177358,0.253219,0.746781,0.358683,0.553708,0.090774,0.062843,0.425085,0.375303,0.332666,0.314976
2022,South Alabama,4,108.826283,98.958309,68.211667,12.002784,19.027022,4,13,0,0,0.595921,0,0.33612,0.184719,0.280193,0.719807,0.321366,0.443445,0.100667,0.071347,0.351972,0.375059,0.323982,0.308206
2022,South Carolina,3,106.174245,89.113077,72.316935,22.971179,23.164731,12,5,0,0,0.463872,0,0.316342,0.210543,0.339511,0.660489,0.285938,0.536375,0.108394,0.070032,0.348667,0.373058,0.332555,0.315352
2022,South Dakota,6,114.598195,101.281633,67.645161,10.099347,14.015464,1,11,0,0,0.600299,0,0.373942,0.147353,0.259155,0.740845,0.337268,0.446321,0.065331,0.033858,0.332209,0.394829,0.363448,0.285622
2022,South Florida,6,94.592104,91.145792,65.875,21.082941,13.115198,4,2,1,0,0.1513,0,0.252747,0.190488,0.316876,0.683124,0.25419,0.50597,0.094509,0.056804,0.305028,0.387187,0.332665,0.319934
2022,Southern,5,102.773003,90.243832,72.432258,10.009671,14.647167,2,9,1,0,0.515562,0,0.352649,0.199964,0.303279,0.696721,0.347439,0.524652,0.14474,0.035628,0.336303,0.332329,0.329775,0.321453
2022,Southern Miss,9,98.535005,103.851188,68.830303,14.103839,3.746259,1,3,0,0,0.128378,0,0.313274,0.193273,0.246612,0.753388,0.270096,0.506866,0.072642,0.040063,0.302787,0.385269,0.339713,0.293801
2022,Southern Utah,4,112.292458,109.080652,72.392742,11.463236,16.663217,4,9,0,0,0.667204,0,0.339973,0.173783,0.27451,0.72549,0.349946,0.421546,0.086892,0.036093,0.403537,0.376085,0.338048,0.318422
2022,Spalding,12,76.472183,108.346298,64.3875,3.277154,-15.522846,0,0,1,0,0.009175,0,0.047619,0.217434,0.28,0.72,0.287129,0.27027,0.116482,0.015531,0.207921,0.387296,0.318778,0.252609
2022,Spring Hill,13,69.449292,108.65041,78.233333,14.605256,-20.861412,0,0,0,0,0.006692,0,0.111111,0.315296,0.315789,0.684211,0.302326,0.392857,0.059651,0.042608,0.313953,0.337491,0.327812,0.334535
2022,Spurgeon,16,65.480429,148.829976,72.325,13.268363,-50.531649,0,0,0,0,0.000005,0,0.263158,0.359488,0.26087,0.73913,0.142857,0.294118,0.055306,0.041479,0.387755,0.34396,0.365854,0.310962
2022,St Bonaventure,2,112.136024,105.227898,67.073276,21.619741,24.716717,14,9,0,0,0.662107,0,0.318182,0.158345,0.273367,0.726633,0.268754,0.521625,0.096652,0.072489,0.311872,0.377712,0.342968,0.295685
2022,St Elizabeth,14,53.750736,90.886153,82.275,4.248531,-25.551449,0,0,1,0,0.001425,0,0.15,0.243087,0.272727,0.727273,0.128571,0.222222,0.121544,0.048617,0.285714,0.354959,0.326889,0.310667
2022,St Francis BK,8,100.767344,98.71973,69.210833,9.117422,6.244103,1,2,1,0,0.4215,0,0.313433,0.180126,0.322306,0.677694,0.244129,0.477971,0.097287,0.037566,0.36592,0.371513,0.325712,0.286832
2022,St Joe ME,14,73.263649,122.96767,76.95,12.536444,-29.263536,0,0,0,0,0.000193,0,0.28,0.311891,0.16129,0.83871,0.035088,0.363636,0.012995,0.012995,0.438596,0.412095,0.366112,0.252494
2022,St John Fisher,13,82.160874,122.701362,77.125,19.880803,-18.919196,0,0,0,0,0.000319,0,0.318182,0.311183,0.30303,0.69697,0.267857,0.619048,0.051864,0.012966,0.392857,0.381196,0.341823,0.260092
2022,St John's,2,114.276275,90.760033,74.986719,23.235654,27.973162,12,2,0,0,0.462002,0,0.33526,0.158778,0.316268,0.683732,0.260646,0.619195,0.117938,0.07293,0.323818,0.373799,0.333175,0.316267
2022,St Kath,12,90.621146,120.538844,71.983333,10.182735,-13.283953,0,0,1,0,0.022019,0,0.27451,0.185228,0.337209,0.662791,0.227027,0.486111,0.111137,0.027784,0.275676,0.359754,0.318959,0.329652
2022,St Mary's (MD),15,64.161129,121.373462,79.5,7.216882,-39.083111,0,0,0,0,0.000438,0,0.15625,0.371069,0.277778,0.722222,0.416667,0.4375,0.08805,0.025157,0.333333,0.368489,0.319618,0.318089
2022,St Mary's (TX),10,97.497932,107.78766,73.3125,9.657958,0.357951,0,0,0,0,0.041077,0,0.245614,0.150043,0.4,0.6,0.261194,0.568627,0.136402,0.061381,0.425373,0.32548,0.314501,0.315809
2022,St Thomas (FL),11,88.581246,107.947145,84.975,11.001266,-8.798735,0,0,0,0,0.007413,0,0.411765,0.247132,0.395833,0.604167,0.287671,0.52,0.058841,0.035305,0.232877,0.465116,0.35,0.248414
2022,St Thomas (MN),8,113.30776,108.484664,67.645833,8.227635,7.807626,0,4,2,0,0.226447,0,0.357219,0.119741,0.249154,0.750846,0.22314,0.47125,0.076378,0.018725,0.515152,0.389823,0.342228,0.290991
2022,St. Andrews,15,71.841431,126.369409,71.2625,10.80913,-30.240864,0,0,1,0,0.00786,0,0.23,0.199965,0.2,0.8,0.163793,0.391892,0.080688,0.03859,0.431034,0.403035,0.343048,0.317639
2022,Stanford,3,107.703988,93.86538,67.005469,24.69974,22.08723,10,6,0,0,0.232159,0,0.338663,0.223396,0.3116,0.6884,0.299438,0.544156,0.083016,0.03871,0.386517,0.363427,0.337366,0.295199
2022,Stanislaus St,11,66.743711,91.85278,71.25,20.270253,-4.529763,0,0,0,0,0.007443,0,0.261905,0.189474,0.333333,0.666667,0.15748,0.65625,0.154386,0.02807,0.330709,0.348315,0.334167,0.278958
2022,Stetson,8,105.087585,100.25202,68.731667,10.649208,8.849209,2,4,2,0,0.348506,0,0.349794,0.188656,0.29588,0.70412,0.248454,0.562092,0.10233,0.042678,0.409781,0.409921,0.34276,0.251223
2022,Stony Brook,7,110.751271,102.433913,68.515323,12.285497,11.782288,3,9,1,0,0.513929,0,0.339119,0.154427,0.280148,0.719852,0.269355,0.42454,0.09793,0.042373,0.402688,0.385968,0.340697,0.269127
2022,Sul Ross State,15,65.097395,121.5278,80.375,11.809042,-36.990966,0,0,0,0,0.00006,0,0.205882,0.22395,0.258065,0.741935,0.073529,0.7,0.07465,0.062208,0.5,0.312651,0.334884,0.366941
2022,SUNY New Paltz,13,72.552703,108.049304,74.75,8.535673,-19.264309,0,0,0,0,0.001985,0,0.25,0.227425,0.432432,0.567568,0.144928,0.380952,0.133779,0.040134,0.347826,0.354541,0.320552,0.315933
2022,SUNY Poly,13,78.159998,131.465671,70.125,19.596429,-24.203553,0,0,0,0,0.000139,0,0.181818,0.185383,0.342857,0.657143,0.241935,0.388889,0.042781,0.02852,0.177419,0.423155,0.402628,0.26542
2022,SUNY-Oneonta,12,85.21194,114.862715,66.975,8.833559,-11.96642,0,0,0,0,0.006295,0,0.26087,0.149309,0.5,0.485714,0.323077,0.368421,0.119448,0.014931,0.353846,0.355792,0.353821,0.229905
2022,SW Adventist,16,74.518293,132.830789,76.2,2.935655,-39.864352,0,0,2,0,0.000332,0,0.326923,0.216535,0.305085,0.694915,0.190476,0.6,0.07874,0.026247,0.412698,0.350707,0.332103,0.313178
2022,SW Asm of God,7,104.913081,103.017609,75.025,14.132581,11.332569,0,0,0,0,0.094129,0,0.444444,0.253249,0.322581,0.677419,0.333333,0.52,0.093302,0.039987,0.315789,0.303624,0.305284,0.343434
2022,SW Christian U,15,78.352566,134.15584,74.35,16.351745,-30.448264,0,0,0,0,0.001383,0,0.325,0.282448,0.285714,0.714286,0.102564,0.363636,0.0538,0.0269,0.34188,0.419534,0.355069,0.222505
2022,SW Univ TX,15,83.5579,139.997732,72.9125,15.377154,-30.422853,0,0,0,0,0.000105,0,0.282609,0.274301,0.303571,0.696429,0.245455,0.463415,0.048003,0.041145,0.418182,0.308725,0.357867,0.341058
2022,Syracuse,2,119.18617,98.973568,69.868182,24.166216,25.984405,12,4,0,0,0.412563,0,0.377358,0.153536,0.292154,0.707846,0.282898,0.526776,0.100189,0.053781,0.391819,0.374292,0.343121,0.292138
2022,TAMU Intrnatnl,11,82.635608,97.520165,73.825,7.762519,-4.037495,0,0,0,0,0.02655,0,0.157895,0.216729,0.435897,0.564103,0.435484,0.263158,0.067728,0.081273,0.306452,0.373984,0.304348,0.416376
2022,Tarleton St,6,103.184692,93.970825,65.88871,14.771301,14.132581,3,5,1,0,0.579924,0,0.305284,0.185063,0.309725,0.690275,0.343434,0.495035,0.116031,0.033292,0.303624,0.373148,0.331117,0.315941
2022,TCU,1,110.251074,92.97619,67.442969,26.531823,29.620054,15,5,0,0,0.50655,0,0.303754,0.21546,0.334408,0.665592,0.312092,0.538937,0.093134,0.062553,0.319172,0.361451,0.333343,0.30806
2022,Temple,3,106.003596,90.917442,67.644828,20.89624,20.875552,9,7,0,0,0.491641,0,0.31051,0.185553,0.316726,0.683274,0.396594,0.526965,0.099913,0.068308,0.381995,0.389818,0.337421,0.307765
2022,Tennessee,1,115.062941,87.318924,69.146212,26.361726,36.41887,20,7,0,0,0.765927,0,0.358561,0.179681,0.320555,0.679445,0.295569,0.622951,0.134103,0.063546,0.405841,0.362414,0.328663,0.321818
2022,Tennessee St,7,104.820738,97.072007,70.086719,8.776538,10.101538,0,9,4,0,0.506243,0,0.349917,0.197969,0.296693,0.703307,0.318206,0.476364,0.096309,0.047709,0.32577,0.377232,0.320897,0.304403
2022,Tennessee Tech,7,106.677118,99.367896,71.055469,12.263763,11.457514,0,7,0,0,0.59237,0,0.341985,0.186474,0.312553,0.687447,0.234735,0.570792,0.102033,0.052336,0.327828,0.39709,0.330867,0.292959
2022,Texas,1,114.406669,90.633685,64.758594,25.344238,32.738351,14,5,0,0,0.399801,0,0.323344,0.181443,0.311918,0.688082,0.323112,0.53599,0.119193,0.052599,0.360023,0.37639,0.335708,0.31582
2022,Texas A&M,1,112.778608,100.875763,69.417857,22.589877,28.414876,16,7,0,0,0.768253,0,0.335664,0.192622,0.342788,0.657212,0.349633,0.534807,0.146525,0.049802,0.349633,0.369521,0.322532,0.320567
2022,Texas A&M-CC,6,107.91362,97.677368,72.516912,5.294763,11.809042,0,10,2,0,0.669856,0,0.334884,0.195898,0.337423,0.662577,0.366941,0.556645,0.117214,0.02393,0.312651,0.372945,0.324719,0.302449
2022,Texas Lutheran,13,89.324512,131.640546,75.125,11.809042,-22.990966,0,0,0,0,0.000621,0,0.366667,0.279534,0.217391,0.782609,0.288462,0.809524,0.093178,0.053245,0.576923,0.312651,0.334884,0.366941
2022,Texas Southern,5,103.394339,96.579424,69.875833,12.325221,16.162714,1,12,0,0,0.758875,0,0.31685,0.213235,0.305485,0.694515,0.326824,0.423127,0.079665,0.071555,0.313613,0.336967,0.32186,0.322499
2022,Texas St,4,111.667439,95.519458,65.744643,11.738375,18.945266,3,13,0,0,0.754781,0,0.380851,0.189586,0.300214,0.699786,0.315175,0.480447,0.099954,0.055409,0.304799,0.375074,0.327481,0.311798
2022,Texas Tech,1,114.465699,88.343394,67.899265,25.312646,36.13967,18,6,0,0,0.609256,0,0.314241,0.204022,0.290323,0.709677,0.360874,0.523269,0.120421,0.051114,0.34435,0.364615,0.335538,0.315584
2022,The Citadel,7,110.677835,102.658485,72.020161,11.5202,11.384723,0,9,1,0,0.40625,0,0.353945,0.16886,0.252377,0.747623,0.294586,0.596659,0.065394,0.049717,0.497877,0.423425,0.332069,0.281545
2022,TN Wesleyan,14,78.70518,129.103653,78.116667,21.269274,-26.530724,0,0,0,0,0.000436,0,0.3125,0.209089,0.447619,0.552381,0.118182,0.276923,0.081075,0.034137,0.290909,0.395725,0.347998,0.310414
2022,Toccoa Falls,15,73.560272,129.562973,74.175,11.157648,-32.975682,0,0,1,0,0.000292,0,0.3,0.229188,0.313953,0.686047,0.216667,0.446429,0.107853,0.008988,0.333333,0.405103,0.334206,0.297875
2022,Toledo,3,119.119608,95.923973,70.401515,12.967832,24.138421,8,12,0,0,0.676328,0,0.360374,0.146777,0.265306,0.734694,0.287384,0.510574,0.078339,0.038739,0.312226,0.397947,0.334057,0.299156
2022,Tougaloo,8,113.515021,114.400849,65.375,9.660508,7.860502,0,0,0,0,0.106029,0,0.428571,0.183556,0.375,0.625,0.083333,0.333333,0.107075,0.015296,0.35,0.427235,0.358881,0.370582
2022,Towson,2,116.330031,94.734931,66.028788,15.836358,24.642249,10,12,0,0,0.778588,0,0.359441,0.179903,0.327258,0.672742,0.342035,0.525384,0.108309,0.040845,0.380927,0.389831,0.333446,0.300974
2022,Transylvania,10,90.459066,112.090509,70.6,19.684745,-2.115255,0,0,0,0,0.005344,0,0.470588,0.184136,0.241379,0.758621,0.280702,0.684211,0.070822,0.014164,0.298246,0.412815,0.360051,0.283613
2022,Trinity (FL),16,67.342506,142.974954,75.6,11.001266,-48.798735,0,0,0,0,0.00001,0,0.210526,0.238095,0.321429,0.678571,0.271186,0.277778,0.092593,0.026455,0.322034,0.465116,0.35,0.248414
2022,Trinity (IL),13,77.684115,116.837277,81.225,12.659446,-23.140555,0,0,0,0,0.000555,0,0.325,0.221607,0.180328,0.819672,0.173228,0.446809,0.092336,0.024623,0.314961,0.420413,0.328266,0.245094
2022,Trinity Co Jax,14,67.006622,117.608763,69.875,13.578848,-25.221151,0,0,0,0,0.000491,0,0.26087,0.271914,0.367647,0.632353,0.081967,0.545455,0.085868,0.014311,0.377049,0.408402,0.343,0.297468
2022,Trinity Tx,13,89.698646,125.340932,75.8,7.506873,-20.293132,0,0,0,0,0.001985,0,0.230769,0.263852,0.297297,0.702703,0.126984,0.607143,0.013193,0.013193,0.412698,0.338308,0.294118,0.264677
2022,Troy,5,103.514328,93.377345,69.532258,11.565276,15.227773,8,8,1,0,0.490462,0,0.326761,0.218047,0.304498,0.695502,0.329171,0.57162,0.113199,0.031083,0.402951,0.37278,0.330913,0.296477
2022,Truett McCnnll,14,75.676534,130.281538,67.975,10.260597,-28.539397,0,0,0,0,0.000319,0,0.125,0.279515,0.315789,0.684211,0.466667,0.315789,0.073556,0.044134,0.177778,0.35892,0.269912,0.314452
2022,Tulane,3,112.126682,94.701962,70.039655,22.008799,23.201902,9,5,0,0,0.511094,0,0.365055,0.150161,0.215921,0.784079,0.333534,0.53406,0.113236,0.046772,0.385912,0.374238,0.33194,0.320313
2022,Tulsa,4,107.197698,96.51908,67.392742,20.588783,17.556522,5,5,0,0,0.398614,0,0.342488,0.190027,0.274975,0.725025,0.310425,0.489933,0.101475,0.033027,0.360513,0.383172,0.332734,0.317655
2022,TX Perm Basin,10,91.165231,109.748011,71.175,23.631303,1.83129,0,0,0,0,0.005344,0,0.384615,0.196698,0.206897,0.793103,0.22807,0.5,0.140499,0.01405,0.45614,0.424862,0.326398,0.347514
2022,UAB,2,118.240879,91.364486,71.268382,14.399859,27.331285,14,7,0,0,0.772576,0,0.379021,0.160949,0.317764,0.682236,0.28525,0.437066,0.135362,0.05984,0.331633,0.382374,0.326191,0.292786
2022,UAlbany,8,97.995249,95.20681,66.101613,12.697899,9.181785,1,7,1,0,0.389252,0,0.323268,0.186907,0.283266,0.716734,0.249282,0.408964,0.101994,0.037089,0.323377,0.389655,0.345156,0.271186
2022,UC Davis,6,103.34299,93.110359,68.315625,11.568474,12.760119,2,8,1,0,0.499307,0,0.333333,0.182974,0.261239,0.738761,0.29063,0.452579,0.087828,0.042084,0.320644,0.339227,0.33304,0.321702
2022,UC Irvine,4,104.298441,86.611747,66.272,12.419219,18.7632,4,8,0,0,0.662458,0,0.324742,0.204008,0.277533,0.722467,0.296296,0.448276,0.090536,0.053718,0.281772,0.345712,0.321623,0.317264
2022,UC Merced,14,67.309718,122.792403,63.65,12.760119,-25.039905,0,0,0,0,0.000377,0,0.235294,0.235664,0.238095,0.761905,0.297872,0.428571,0.094266,0,0.361702,0.320644,0.333333,0.29063
2022,UC Riverside,5,104.736221,90.957341,66.594643,13.478429,16.256981,5,7,0,0,0.515248,0,0.320064,0.185021,0.222111,0.777889,0.268135,0.54612,0.078835,0.019843,0.406736,0.332792,0.324277,0.308421
2022,UC San Diego,7,105.420318,98.435055,69.048276,10.692376,10.568219,3,5,1,0,0.485151,0,0.370112,0.181782,0.194131,0.805869,0.320815,0.566714,0.0834,0.026468,0.455761,0.340114,0.319795,0.306982
2022,UCF,3,109.907438,92.731962,68.134167,21.181669,22.355003,8,8,0,0,0.475054,0,0.350133,0.191289,0.314096,0.685904,0.285469,0.587838,0.102738,0.054305,0.43135,0.364762,0.328377,0.310999
2022,UCLA,1,120.206981,94.483317,68.4125,24.480074,35.148635,20,7,0,0,0.687759,0,0.351438,0.133839,0.312816,0.687184,0.298087,0.5,0.102777,0.04842,0.315206,0.363121,0.339291,0.303517
2022,UConn,1,118.156137,90.163399,68.419531,23.612202,32.545542,17,5,0,0,0.672627,0,0.353116,0.173562,0.341743,0.658257,0.306091,0.522145,0.087238,0.095002,0.342132,0.378513,0.331764,0.305902
2022,UIC,7,105.922583,100.032929,70.355,10.376627,9.836627,0,3,0,0,0.581863,0,0.324163,0.170564,0.260479,0.739521,0.228099,0.552632,0.081965,0.056381,0.460606,0.373933,0.332392,0.288991
2022,UL Monroe,7,106.55737,100.83113,70.772581,11.956962,10.189216,1,5,0,0,0.320843,0,0.337963,0.180041,0.275896,0.724104,0.260964,0.555423,0.101643,0.038743,0.350839,0.363681,0.330832,0.294562
2022,UMass,5,115.074329,105.264464,69.778906,18.876389,16.101396,6,9,0,0,0.475876,0,0.371184,0.16615,0.310473,0.689527,0.327722,0.530984,0.092704,0.037171,0.430826,0.377438,0.339809,0.295652
2022,UMass Lowell,6,103.952782,92.092487,69.618548,6.948061,11.922272,1,8,2,0,0.440189,0,0.30602,0.178855,0.295597,0.704403,0.26406,0.43562,0.105181,0.059773,0.3203,0.384681,0.336917,0.261746
2022,UMBC,6,110.469771,100.470554,69.125,10.926291,12.651308,0,11,0,0,0.581497,0,0.377892,0.15868,0.226145,0.773855,0.305677,0.487085,0.069168,0.029837,0.424672,0.385724,0.338966,0.267443
2022,UNC Asheville,5,110.9389,102.438577,69.47,9.058739,15.389993,1,10,1,0,0.540352,0,0.357247,0.176575,0.274606,0.725394,0.375665,0.490909,0.093086,0.071014,0.403426,0.393543,0.325093,0.2947
2022,UNC Greensboro,5,107.301132,99.688693,63.802419,15.497478,15.522485,4,11,0,0,0.518666,0,0.340426,0.205776,0.309108,0.690892,0.275801,0.511692,0.100107,0.025785,0.390273,0.441535,0.350137,0.273569
2022,UNC Wilmington,4,108.572841,109.164922,67.942969,14.398048,17.536944,12,11,1,0,0.832559,0,0.328058,0.154541,0.315642,0.684358,0.325027,0.42839,0.112686,0.063012,0.368505,0.382146,0.33749,0.291633
2022,UNLV,3,110.757864,90.481604,67.317188,19.880633,23.461872,9,7,0,0,0.507254,0,0.335888,0.166191,0.267301,0.732699,0.30076,0.565217,0.090987,0.04178,0.425081,0.387796,0.338042,0.298801
2022,USC,1,114.555555,92.230302,67.966667,22.211874,28.247158,18,7,0,0,0.55517,0,0.354167,0.177003,0.296604,0.703396,0.309426,0.528217,0.075349,0.065986,0.319672,0.359423,0.333599,0.297689
2022,UT Arlington,6,102.606337,94.561964,68.924138,14.708178,13.597827,4,4,0,0,0.344733,0,0.313458,0.203122,0.313964,0.686036,0.287736,0.56962,0.113568,0.061537,0.346108,0.367595,0.335244,0.309033
2022,UT Martin,8,102.300471,99.9789,70.414167,12.716696,8.296695,0,5,2,0,0.162448,0,0.29927,0.189356,0.320072,0.679928,0.262929,0.463255,0.093731,0.062014,0.372891,0.3964,0.332199,0.302183
2022,UT Rio Grande,8,102.874613,102.461929,73.050806,14.846402,7.762519,1,1,1,0,0.230913,0,0.304348,0.210636,0.257009,0.742991,0.416376,0.499341,0.071537,0.043717,0.373984,0.363402,0.320057,0.326595
2022,UT Southern,9,119.916924,123.445908,67.8,9.707857,5.907857,0,0,0,0,0.08311,0,0.565217,0.20649,0.241379,0.758621,0.140351,0.645161,0.058997,0.073746,0.403509,0.442953,0.315427,0.266016
2022,Utah,3,110.382701,96.206538,68.048387,22.689611,21.012182,7,2,0,0,0.332258,0,0.334746,0.180137,0.289778,0.710222,0.300167,0.555113,0.067315,0.042664,0.393552,0.344183,0.329901,0.305811
2022,Utah State,2,114.948827,93.644897,68.249242,20.792926,26.910561,8,9,0,0,0.347046,0,0.342704,0.18293,0.23494,0.76506,0.28533,0.661435,0.091465,0.03108,0.401397,0.376944,0.34335,0.300414
2022,Utah Tech,7,101.694628,95.623359,74.270161,11.713579,9.926467,3,3,1,0,0.203464,0,0.313754,0.2024,0.281643,0.718357,0.345659,0.602516,0.090341,0.032575,0.374062,0.376992,0.328682,0.312641
2022,Utah Valley,3,107.463822,89.003548,69.397656,13.827653,20.121388,5,9,0,0,0.50518,0,0.370909,0.2229,0.271042,0.728958,0.381684,0.595238,0.078803,0.064393,0.312856,0.383989,0.322694,0.31958
2022,UTEP,4,105.988429,98.020521,68.440625,15.426899,17.515128,4,12,0,0,0.576637,0,0.352174,0.172595,0.253189,0.746811,0.28274,0.487245,0.110041,0.052052,0.378082,0.374629,0.332842,0.306653
2022,UTSA,8,99.781288,97.680798,70.678125,13.106878,7.506873,1,3,2,0,0.236625,0,0.294118,0.179511,0.331974,0.668026,0.264677,0.460377,0.080913,0.035814,0.338308,0.382699,0.334324,0.295101
2022,VA Lynchburg,12,73.606882,110.805851,68.325,17.947424,-12.852568,0,0,0,0,0.001207,0,0.238095,0.278083,0.15,0.85,0.14,0.333333,0.087816,0.029272,0.42,0.367021,0.37971,0.348936
2022,Va Wesleyn,10,101.780596,122.488527,62.425,16.186449,-0.613549,0,0,0,0,0.012056,0,0.3125,0.144173,0.352941,0.647059,0.046875,0.541667,0.048058,0.016019,0.5,0.265193,0.29375,0.340331
2022,Valparaiso,5,109.295464,97.940134,68.174219,15.763516,15.482265,3,7,0,0,0.423851,0,0.33237,0.162268,0.211799,0.788201,0.262088,0.478469,0.09351,0.043547,0.38022,0.402023,0.347026,0.278878
2022,Vanderbilt,2,110.151075,98.186813,69.307576,24.524634,26.935746,11,7,0,0,0.51755,0,0.340882,0.193691,0.278966,0.721034,0.392739,0.501946,0.108432,0.048095,0.461496,0.373408,0.331282,0.32768
2022,Vassar,14,66.479117,119.900812,69.75,17.897323,-24.902664,0,0,0,0,0.000164,0,0.318182,0.329749,0.153846,0.846154,0.217391,0.428571,0.086022,0.043011,0.478261,0.362694,0.330159,0.325849
2022,VCU,2,104.591393,89.814372,68.225,22.156986,26.413243,15,7,0,0,0.694014,0,0.342975,0.223281,0.258462,0.741538,0.304537,0.567751,0.135825,0.074753,0.300808,0.383089,0.344704,0.298605
2022,Vermont,2,119.131426,91.612423,65.252273,12.245088,26.145103,4,18,0,0,0.80683,0,0.364439,0.148607,0.208981,0.791019,0.2641,0.551648,0.079876,0.038545,0.430043,0.389216,0.339604,0.274958
2022,Villanova,1,122.385884,103.101769,64.237879,26.605273,35.631594,26,4,0,0,0.824096,0,0.359064,0.155671,0.292281,0.707719,0.304629,0.490148,0.097177,0.03538,0.460172,0.370499,0.339476,0.300582
2022,Virgin Islands,16,66.791136,131.511071,73.625,8.440356,-46.759643,0,0,0,0,0.00006,0,0.2,0.366723,0.375,0.625,0.777778,0.5,0.067912,0.040747,0.222222,0.413032,0.315522,0.229637
2022,Virginia,2,112.078647,101.186818,60.165625,23.12815,24.956729,14,6,0,0,0.488911,0,0.321932,0.163611,0.277061,0.722939,0.280744,0.59893,0.097128,0.075313,0.29814,0.378065,0.342786,0.300246
2022,Virginia Tech,1,119.10114,93.4133,63.686429,22.917668,30.739898,15,6,0,0,0.667781,0,0.392768,0.169581,0.267081,0.732919,0.237332,0.553846,0.084342,0.050246,0.414685,0.36562,0.341717,0.296939
2022,VMI,5,116.859747,106.130007,69.81371,10.311557,15.324062,4,8,0,0,0.423242,0,0.382874,0.163107,0.226749,0.773251,0.243389,0.586651,0.068385,0.039737,0.5483,0.420651,0.327901,0.276761
2022,Voorhees,11,76.240882,100.434056,75.5625,15.538759,-7.761239,0,0,0,0,0.00453,0,0.375,0.284533,0.22807,0.77193,0.131579,0.363636,0.125724,0.052936,0.280702,0.38063,0.347093,0.294734
2022,W Carolina,8,105.617228,105.312525,70.121094,13.868685,7.574941,2,7,0,0,0.292457,0,0.319361,0.176926,0.309742,0.690258,0.278061,0.523507,0.069523,0.03387,0.511224,0.422444,0.346878,0.283759
2022,W Colorado,13,76.699376,112.930253,84.375,15.966472,-20.833549,0,0,0,0,0.000445,0,0.212121,0.272593,0.290323,0.709677,0.073529,0.6,0.106667,0.011852,0.485294,0.376827,0.33908,0.376827
2022,W Florida,12,68.465974,102.771484,74.75,15.970628,-14.829376,0,0,0,0,0.001207,0,0.210526,0.214047,0.292683,0.707317,0.151515,0.222222,0.06689,0.040134,0.287879,0.367951,0.345979,0.351759
2022,W Illinois,6,111.23044,104.694521,73.337903,11.284957,12.103699,2,7,1,0,0.308384,0,0.335793,0.157028,0.300338,0.699662,0.302618,0.409195,0.085332,0.035188,0.409366,0.387047,0.359306,0.289474
2022,W Michigan,9,102.401012,106.911371,67.132258,14.287425,4.648717,1,4,1,0,0.414315,0,0.332487,0.204219,0.279727,0.720273,0.251152,0.436986,0.079285,0.034597,0.453917,0.397819,0.337392,0.30403
2022,Wagner,4,109.926067,90.076595,69.573148,8.355362,17.672619,1,14,1,0,0.604696,0,0.285124,0.179933,0.318091,0.681909,0.323001,0.526104,0.12031,0.040458,0.300062,0.376775,0.325956,0.285801
2022,Wake Forest,1,117.57934,98.698899,72.172656,21.343196,29.006059,15,8,0,0,0.517583,0,0.350699,0.187917,0.239796,0.760204,0.319808,0.52954,0.08833,0.053691,0.420182,0.378695,0.342579,0.29001
2022,Waldorf,15,57.518281,127.337744,70.325,14.015464,-38.784549,0,0,0,0,0.000031,0,0.315789,0.312833,0.214286,0.785714,0.137255,0.642857,0.01422,0.042659,0.372549,0.332209,0.373942,0.337268
2022,Walla Walla,13,84.393343,120.043613,89.025,13.25847,-23.541554,0,0,0,0,0.000445,0,0.275862,0.213423,0.28125,0.71875,0.271429,0.56,0.101095,0.022466,0.414286,0.425258,0.350303,0.335567
2022,Warner,10,89.281743,107.777081,68,19.796576,0.996574,0,0,0,0,0.008724,0,0.335,0.17,0.31,0.69,0.29,0.55,0.095,0.08,0.379364,0.430936,0.34934,0.291774
2022,Warren Wilson,16,59.144658,147.315855,72.491667,8.703589,-56.429738,0,0,0,0,0.000013,0,0.188679,0.294287,0.287879,0.712121,0.267974,0.560976,0.059777,0.045982,0.346405,0.394728,0.327576,0.334775
2022,Wash Coll (MD),15,78.349996,144.112987,69.225,13.3634,-35.436583,0,0,0,0,0.000068,0,0.2,0.23113,0.266667,0.733333,0.203704,0.552632,0.065005,0,0.462963,0.310037,0.335312,0.282651
2022,Washington,3,107.330265,93.614271,71.132813,22.98331,20.595799,13,3,0,0,0.40952,0,0.312303,0.167381,0.32928,0.67072,0.34733,0.409548,0.11642,0.05799,0.328668,0.36592,0.343848,0.307901
2022,Washington St,2,113.804565,99.451919,67.822727,22.227142,28.216318,15,6,0,0,0.675148,0,0.339773,0.167996,0.339419,0.660581,0.298643,0.453988,0.093827,0.065679,0.442433,0.359295,0.342793,0.310994
2022,Webber Int,15,69.810685,131.082971,69.9375,13.578848,-32.721151,0,0,0,0,0.000271,0,0.172414,0.271671,0.303571,0.696429,0.233645,0.457143,0.085791,0.007149,0.271028,0.408402,0.343,0.297468
2022,Weber St,5,110.781037,95.309554,71.048485,10.281642,15.966472,2,9,1,0,0.352805,0,0.33908,0.163781,0.205104,0.794896,0.376827,0.399772,0.107908,0.0354,0.376827,0.39267,0.338732,0.313753
2022,Webster,9,95.061958,103.801678,70.4,11.865334,3.065331,0,0,0,0,0.041721,0,0.461538,0.227273,0.325581,0.674419,0.421053,0.47619,0.056818,0.014205,0.22807,0.43613,0.344363,0.36558
2022,Wells College,16,67.813873,134.009044,76.8,15.182493,-40.61749,0,0,0,0,0.000019,0,0.322581,0.273438,0.375,0.625,0.131148,0.647059,0.091146,0.065104,0.508197,0.457778,0.348128,0.303492
2022,West Virginia,2,109.243467,91.023703,68.620455,27.1007,26.1007,10,6,0,0,0.235162,0,0.327559,0.181499,0.333647,0.666353,0.361273,0.444159,0.113492,0.066241,0.33687,0.375007,0.332507,0.305173
2022,Westcliff,12,77.263018,105.919226,79.975,11.757598,-14.542425,0,0,0,0,0.002979,0,0.193548,0.268834,0.26087,0.73913,0.365217,0.380952,0.100031,0.012504,0.269565,0.333469,0.322036,0.371594
2022,Western KY,3,111.611642,92.150562,70.977344,15.222077,20.872076,3,12,0,0,0.769901,0,0.353957,0.170829,0.240283,0.759717,0.301857,0.505108,0.119316,0.083653,0.3687,0.386372,0.326212,0.278246
2022,Western NE,15,69.706489,124.650878,79.75,12.864935,-34.935046,0,0,0,0,0.000071,0,0.225806,0.238245,0.2,0.8,0.163934,0.45,0.075235,0.012539,0.508197,0.437705,0.344569,0.265574
2022,Western NM,11,84.247324,106.414788,76.8375,17.601292,-5.698718,0,0,0,0,0.004302,0,0.384615,0.266797,0.328571,0.671429,0.275,0.488372,0.097609,0.039043,0.325,0.377583,0.348048,0.300745
2022,Westminster PA,12,72.479051,101.378817,78.8,11.288949,-14.51105,0,0,0,0,0.002764,0,0.3,0.215736,0.325,0.675,0.112676,0.333333,0.076142,0.114213,0.28169,0.38121,0.347025,0.300216
2022,Westminster UT,4,96.373881,97.545593,60.85,26.498446,17.698433,0,0,0,0,0.041721,0,0.333333,0.164339,0.289474,0.710526,0.101695,0.6,0.032868,0.016434,0.508475,0.370487,0.35452,0.272109
2022,Westmont,12,84.42035,109.184813,85.225,9.880546,-13.919471,0,0,0,0,0.003845,0,0.354839,0.234673,0.272727,0.727273,0.15942,0.730769,0.082136,0.011734,0.449275,0.352091,0.340176,0.237997
2022,Wheeling,14,74.313157,128.811843,67.2,16.745075,-24.554924,0,0,0,0,0.001637,0,0.263158,0.275298,0.396226,0.603774,0.224299,0.424242,0.104167,0.022321,0.35514,0.425372,0.351149,0.327916
2022,Whittier,14,66.201346,121.942984,77.6,23.461872,-29.338142,0,0,0,0,0.000031,0,0.172414,0.154639,0.333333,0.666667,0.225352,0.666667,0.025773,0.03866,0.408451,0.425081,0.335888,0.30076
2022,Wichita St,3,108.472282,89.477431,68.108929,22.71581,23.794379,9,6,0,0,0.50869,0,0.311669,0.188773,0.320809,0.679191,0.317013,0.510638,0.110642,0.067119,0.414321,0.37199,0.337221,0.324
2022,Wiley,11,94.946599,116.414988,69.3125,11.582579,-5.717431,0,0,1,0,0.012869,0,0.285714,0.187556,0.403846,0.596154,0.299145,0.479167,0.100992,0.021641,0.299145,0.308316,0.316574,0.308828
2022,Wilkes-Barre,15,73.604578,131.27046,81.025,16.355126,-36.444867,0,0,0,0,0.000031,0,0.307692,0.271521,0.333333,0.666667,0.333333,0.375,0.074051,0.024684,0.45614,0.355178,0.347611,0.377414
2022,Willamette,14,89.263741,125.270987,93.225,15.986277,-24.813739,0,0,0,0,0.000229,0,0.342857,0.182355,0.166667,0.833333,0.146667,0.482759,0.085814,0,0.466667,0.380488,0.344729,0.351762
2022,William & Mary,9,95.845914,100.164321,70.532031,15.097781,4.69779,2,2,2,0,0.0432,0,0.307692,0.229949,0.280779,0.719221,0.299611,0.506906,0.093486,0.042091,0.390217,0.38312,0.337938,0.295529
2022,William Carey,12,88.761022,121.05883,70.775,11.386641,-13.913364,0,0,1,0,0.015605,0,0.36,0.226069,0.352113,0.647887,0.142857,0.355556,0.070646,0.049452,0.396825,0.327379,0.324697,0.295731
2022,William Peace,13,75.340857,123.882033,70.775,15.43116,-23.368835,0,0,0,0,0.000561,0,0.271429,0.233133,0.362069,0.637931,0.14876,0.676471,0.09184,0.014129,0.578512,0.397894,0.325429,0.270875
2022,William Woods,16,44.889584,117.993298,69.375,8.822236,-42.977765,0,0,0,0,0.000037,0,0.034483,0.245045,0.30303,0.69697,0.083333,0.583333,0.057658,0.057658,0.483333,0.349567,0.291022,0.336039
2022,Winthrop,5,111.43947,96.699558,69.860156,10.768606,15.899861,2,15,0,0,0.846016,0,0.371467,0.208899,0.244303,0.755697,0.368725,0.508314,0.092596,0.037128,0.428736,0.398045,0.327458,0.304374
2022,Wisconsin,1,114.34073,95.831126,67.057258,25.411465,28.896316,21,3,0,0,0.581492,0,0.312024,0.127479,0.265928,0.734072,0.323271,0.442581,0.078893,0.041852,0.360593,0.368606,0.35036,0.296576
2022,WISCSUP,13,81.6637,127.191772,59.85,4.180569,-21.619431,0,0,1,0,0.002764,0,0.285714,0.200501,0.222222,0.777778,0.122449,0.5,0.100251,0.033417,0.285714,0.347144,0.282098,0.316384
2022,Wofford,3,115.496279,96.24179,65.558594,13.750997,20.063502,0,16,0,0,0.583153,0,0.355634,0.177322,0.272818,0.727182,0.287258,0.51956,0.105345,0.022404,0.484642,0.427437,0.334607,0.277871
2022,WPI,11,81.988419,113.762719,65.9,26.145103,-3.65488,0,0,0,0,0.001425,0,0.333333,0.212443,0.208333,0.791667,0.072727,0.473684,0.075873,0.045524,0.381818,0.430043,0.364439,0.2641
2022,Wright St,5,112.528099,104.92607,69.669853,12.005902,15.917014,4,10,1,0,0.675693,0,0.328746,0.176463,0.301855,0.698145,0.312935,0.507495,0.082743,0.042216,0.325373,0.391467,0.32978,0.289819
2022,Wyoming,2,115.251899,93.416741,67.309848,19.552145,26.393309,15,8,0,0,0.412046,0,0.342675,0.165224,0.23181,0.76819,0.357889,0.45018,0.058976,0.029713,0.431556,0.381751,0.338353,0.305593
2022,Xavier,1,114.465185,106.272838,69.912097,24.886465,28.797581,18,4,0,0,0.567565,0,0.324615,0.165646,0.278788,0.721212,0.356202,0.553506,0.104278,0.06229,0.356751,0.383874,0.335394,0.311205
2022,Xavier (LA),8,102.03982,106.935397,74.65,15.970628,7.170624,0,0,0,0,0.041721,0,0.466667,0.174146,0.333333,0.666667,0.212121,0.37931,0.120563,0.040188,0.227273,0.367951,0.345979,0.351759
2022,Yale,4,107.487947,95.491087,70.828333,15.323117,17.897323,2,13,0,0,0.658554,0,0.330159,0.18166,0.247451,0.752549,0.325849,0.462435,0.088006,0.044709,0.362694,0.403555,0.345798,0.276767
2022,Yellowstone,16,60.121094,131.40985,76.75,11.700101,-46.099922,0,0,0,0,0.000013,0,0.133333,0.247557,0.3,0.7,0.16129,0.117647,0.052117,0.026059,0.241935,0.365868,0.349454,0.361872
2022,Youngstown St,7,111.179652,106.945667,67.378125,9.030124,11.288949,1,8,2,0,0.503059,0,0.347025,0.171606,0.296496,0.703504,0.300216,0.458583,0.07931,0.038032,0.38121,0.385515,0.323871,0.280597
2023,Abilene Chrstn,5,109.437114,94.930533,71.4725,12.995107,16.54508,4,7,0,0,0.407784,0,0.344209,0.176758,0.315844,0.684156,0.318333,0.580049,0.123124,0.033113,0.340556,0.3615,0.332799,0.3392
2023,Academy Art,5,99.170888,102.601437,73.35,34.051401,17.251383,0,0,0,0,0.012056,0,0.25,0.218132,0.344828,0.655172,0.472727,0.318182,0.177232,0.0409,0.290909,0.371629,0.371553,0.312298
2023,Air Force,4,111.186999,97.299794,64.272656,20.116699,19.291679,7,5,0,0,0.24942,0,0.356071,0.190108,0.225159,0.774841,0.312347,0.649471,0.089463,0.061749,0.448044,0.381412,0.348935,0.33303
2023,Akron,3,115.335772,93.382412,67.831061,15.151565,22.363686,3,17,0,0,0.51695,0,0.35503,0.165295,0.284622,0.715378,0.338778,0.524882,0.088902,0.038867,0.445205,0.369585,0.33439,0.307311
2023,Alabama,1,119.858852,90.494736,74.384559,26.810508,40.091587,25,6,0,0,0.770418,0,0.337945,0.189397,0.287798,0.712202,0.367376,0.547669,0.081453,0.068009,0.478487,0.369194,0.334956,0.33205
2023,Alabama A&M,8,101.990481,96.487866,70.796212,10.490216,8.7993,0,5,3,0,0.57174,0,0.370492,0.211448,0.309546,0.690454,0.34743,0.509113,0.113,0.056928,0.326552,0.359161,0.330757,0.332377
2023,Alabama St,9,96.771853,101.824076,68.464516,12.234911,3.94458,0,3,5,0,0.231228,0,0.305785,0.193649,0.346464,0.653536,0.320703,0.452416,0.085752,0.051828,0.332235,0.341276,0.34031,0.328799
2023,Albany St,10,84.150603,89.315507,77.825,1.799667,-0.000342,0,0,1,0,0.106029,0,0.434783,0.295535,0.315789,0.684211,0.5,0.5,0.141343,0.102795,0.425926,0.347005,0.313321,0.322917
2023,Albertus,9,98.764405,111.402773,73.275,17.038038,2.23807,0,0,0,0,0.016599,0,0.333333,0.259297,0.351351,0.648649,0.142857,0.321429,0.081883,0.054589,0.285714,0.379979,0.362759,0.330189
2023,Alcorn St,7,103.330428,100.867042,69.050806,13.32957,11.492059,2,7,0,0,0.667253,0,0.295539,0.183596,0.350476,0.649524,0.351351,0.41555,0.116324,0.036906,0.296746,0.34622,0.327313,0.335838
2023,Alice Lloyd,14,69.422897,125.951756,67.5625,12.280037,-28.519962,0,0,0,0,0.011371,0,0.227273,0.273821,0.210526,0.789474,0.145631,0.485714,0.051804,0.022202,0.427184,0.40423,0.353243,0.3037
2023,Allen,13,91.773538,131.968352,71.2875,11.715382,-19.584604,0,0,1,0,0.006078,0,0.333333,0.231457,0.34,0.66,0.33945,0.386364,0.084166,0.035069,0.330275,0.350528,0.3225,0.374548
2023,Alma,14,65.490132,109.959536,79.225,6.796402,-29.003599,0,0,0,0,0.000525,0,0.243902,0.27769,0.433333,0.566667,0.169231,0.470588,0.201956,0,0.630769,0.37737,0.299843,0.380332
2023,American,7,106.962617,99.560324,63.597656,11.768032,11.636812,1,11,1,0,0.307096,0,0.34635,0.220134,0.26701,0.73299,0.279141,0.555414,0.116946,0.061913,0.36135,0.380004,0.352422,0.280335
2023,Anderson (IN),12,73.980575,112.865464,66.9,10.647041,-17.152961,0,0,0,0,0.001985,0,0.290323,0.298954,0.307692,0.692308,0.075472,0.444444,0.149477,0,0.584906,0.427324,0.377404,0.329738
2023,Anderson SC,10,107.292721,122.857575,82.3375,22.007484,-0.292509,0,0,0,0,0.00507,0,0.421053,0.23683,0.269231,0.730769,0.251908,0.482759,0.060726,0.018218,0.435115,0.455068,0.349847,0.376758
2023,ANTELOPE,9,78.409265,92.074195,78.6,27.734215,4.934185,0,0,0,0,0.004534,0,0.222222,0.254453,0.236842,0.763158,0.266667,0.478261,0.101781,0.050891,0.3,0.338144,0.329268,0.365464
2023,App State,4,107.715386,90.591082,67.997656,12.580004,17.836254,3,10,0,0,0.416931,0,0.334711,0.16177,0.252189,0.747811,0.29288,0.509158,0.093753,0.067098,0.391586,0.369136,0.327113,0.303311
2023,AR-Pine Bluff,9,95.964858,94.09044,71.897581,8.318124,5.995535,0,3,3,0,0.199019,0,0.315722,0.212219,0.293184,0.706816,0.32775,0.564907,0.112167,0.038585,0.433277,0.334738,0.311394,0.330059
2023,Arcadia,13,69.344104,114.271715,70.8,16.527948,-20.272032,0,0,0,0,0.000445,0,0.266667,0.29661,0.15,0.85,0.163265,0.631579,0.070621,0.014124,0.306122,0.404125,0.315862,0.293757
2023,Arizona,1,122.760476,91.844048,72.650735,25.601621,35.704462,20,8,0,0,0.604412,0,0.381699,0.184201,0.260642,0.739358,0.364764,0.652653,0.084206,0.044127,0.379653,0.364359,0.338741,0.312636
2023,Arizona St,2,109.596852,94.222121,69.813971,25.334204,28.267519,14,9,0,0,0.494304,0,0.313653,0.169358,0.307263,0.692737,0.307879,0.569412,0.104058,0.066985,0.395428,0.356751,0.338522,0.328385
2023,Ark Baptist,11,70.399177,85.313664,74.175,6.619827,-4.680179,0,0,1,0,0.032422,0,0.238095,0.242669,0.211268,0.788732,0.226087,0.324324,0.114594,0.020222,0.365217,0.365302,0.321,0.32958
2023,Arkansas,1,115.326813,95.984507,70.29697,27.01605,32.504937,17,5,0,0,0.49501,0,0.316981,0.183637,0.284854,0.715146,0.38744,0.496081,0.119407,0.074575,0.282065,0.386328,0.336037,0.33799
2023,Arkansas St,7,105.734658,99.535864,64.969697,13.053182,10.659238,1,7,1,0,0.415,0,0.352445,0.179571,0.293321,0.706679,0.333519,0.557272,0.102612,0.050373,0.329628,0.353867,0.330794,0.316834
2023,Arlington Bapt,16,59.662512,133.006661,70.933333,17.403094,-40.063598,0,0,0,0,0.000067,0,0.173913,0.343045,0.361111,0.638889,0.335664,0.588235,0.079887,0.028195,0.321678,0.390816,0.3497,0.29877
2023,Army,6,109.711088,98.766288,68.810606,9.97336,12.700665,0,11,0,0,0.484177,0,0.350975,0.188044,0.24735,0.75265,0.307609,0.488136,0.073984,0.030827,0.38748,0.37938,0.350592,0.278424
2023,Auburn,1,114.290269,94.705724,69.214844,26.365449,31.047802,17,4,0,0,0.422138,0,0.313725,0.180146,0.323555,0.676445,0.354667,0.549637,0.115582,0.074045,0.3536,0.367959,0.332007,0.34106
2023,Augustine,10,97.213303,112.530096,67.225,14.244882,0.444891,0,0,0,0,0.019442,0,0.411765,0.238007,0.2,0.8,0.211538,0.5,0.133879,0.029751,0.326923,0.384356,0.333821,0.388858
2023,Aurora,13,88.191444,126.461512,77.8,9.595826,-22.204177,0,0,0,0,0.001022,0,0.190476,0.231362,0.228571,0.771429,0.125,0.62963,0.051414,0.03856,0.328125,0.42971,0.339073,0.315879
2023,Austin Peay,9,103.861553,103.540505,67.004032,12.42573,6.709606,1,3,1,0,0.133912,0,0.321739,0.175242,0.320988,0.679012,0.276536,0.520861,0.105916,0.045255,0.385475,0.404243,0.348632,0.292703
2023,Ave Maria,14,84.872885,130.222677,77.175,16.662129,-24.137869,0,0,0,0,0.000229,0,0.321429,0.246194,0.258065,0.741935,0.216667,0.380952,0.077745,0.012958,0.466667,0.451193,0.354567,0.274946
2023,Averett,14,58.229446,114.619502,65.375,17.776566,-24.023424,0,0,0,0,0.000193,0,0.076923,0.183556,0.333333,0.666667,0.080645,0.333333,0.030593,0,0.209677,0.331342,0.360656,0.301467
2023,B'tine Mesa,15,73.532139,133.826815,76.4375,19.45989,-33.840144,0,0,0,0,0.000029,0,0.297872,0.196239,0.240741,0.759259,0.201613,0.432432,0.039248,0.019624,0.379032,0.401623,0.372679,0.318709
2023,Bakersfield,7,98.996734,95.108193,64.460606,14.889932,10.77475,1,8,0,0,0.318944,0,0.324943,0.198853,0.294847,0.705153,0.289266,0.484973,0.096371,0.04701,0.246893,0.35234,0.332465,0.324592
2023,Baldwin Wall,8,85.997219,96.581178,71.75,26.691906,8.891903,0,0,0,0,0.010259,0,0.40625,0.292683,0.228571,0.771429,0.185185,0.722222,0.083624,0.027875,0.592593,0.387081,0.336261,0.312773
2023,Ball State,4,115.792581,99.670059,68.703906,13.090444,17.771694,4,13,0,0,0.506466,0,0.368664,0.177392,0.29381,0.70619,0.42521,0.501784,0.080054,0.055947,0.364706,0.3771,0.343035,0.29755
2023,Baylor,1,122.546374,99.343434,68.417969,27.927042,34.032916,17,4,0,0,0.492784,0,0.371703,0.17996,0.340018,0.659982,0.371677,0.563791,0.097288,0.034713,0.452523,0.351883,0.34219,0.326705
2023,Belhaven,14,76.519631,122.958857,76.7,15.610195,-25.189808,0,0,0,0,0.000463,0,0.261905,0.325945,0.3,0.7,0.218182,0.547619,0.104302,0.013038,0.381818,0.39724,0.360923,0.364819
2023,Bellarmine,6,108.990038,101.066734,63.518182,13.295465,12.804558,1,9,1,0,0.454144,0,0.351064,0.175564,0.226042,0.773958,0.250863,0.585947,0.087782,0.021468,0.432681,0.404851,0.34466,0.279104
2023,Belmont,3,115.475805,97.621651,69.598438,16.012699,20.637701,8,10,0,0,0.522069,0,0.388116,0.163438,0.251429,0.748571,0.249211,0.54343,0.101026,0.045349,0.415878,0.394641,0.340104,0.307871
2023,Bethel (TN),12,96.936284,124.142554,75.3125,11.400646,-11.899358,0,0,0,0,0.004302,0,0.37037,0.232365,0.322581,0.677419,0.294118,0.444444,0.073029,0.073029,0.226891,0.352132,0.341592,0.3395
2023,Bethesda,11,87.735363,112.613201,82.48125,16.85309,-10.196941,0,0,0,0,0.028948,0,0.272,0.200045,0.308219,0.691781,0.225806,0.381443,0.075775,0.042434,0.448029,0.388608,0.32365,0.309179
2023,Bethune,9,100.827785,103.931881,69.792187,10.213655,3.357396,0,5,2,0,0.395703,0,0.361386,0.184924,0.309249,0.690751,0.314546,0.468912,0.103432,0.040298,0.325282,0.355681,0.33337,0.326487
2023,Binghamton,8,104.844596,100.690682,68.271774,11.604101,8.99768,1,5,0,0,0.403243,0,0.322702,0.189943,0.275,0.725,0.296653,0.45466,0.068039,0.046304,0.302326,0.378537,0.338451,0.290514
2023,Blackburn,16,56.031752,114.608148,79.7,5.941231,-40.858771,0,0,1,0,0.000084,0,0.16129,0.288582,0.16129,0.83871,0.214286,0.642857,0.037641,0.025094,0.553571,0.273889,0.3286,0.329444
2023,Blue Mountain,14,84.727079,130.688606,74.275,11.27485,-25.525151,0,0,0,0,0.000445,0,0.45,0.255806,0.15,0.85,0.166667,0.217391,0.107708,0.053854,0.37037,0.349628,0.37234,0.303932
2023,Bluffton,16,57.785541,132.198304,77.375,13.705284,-48.09472,0,0,0,0,0.000007,0,0.190476,0.271405,0.275862,0.724138,0.080645,0.588235,0.051696,0,0.33871,0.467471,0.345679,0.285939
2023,Bob Jones,16,69.340759,140.728954,80.6875,15.755051,-47.54494,0,0,0,0,0.000008,0,0.181818,0.192099,0.324324,0.675676,0.371901,0.3125,0.03718,0.006197,0.272727,0.362631,0.333203,0.314067
2023,Boise St,1,114.801786,90.837359,67.520455,22.309697,29.374384,19,3,0,0,0.570376,0,0.364789,0.166055,0.244463,0.755537,0.305926,0.434272,0.075847,0.043533,0.379071,0.380559,0.34649,0.324938
2023,Boston College,4,107.018906,97.031361,67.036364,22.017156,17.895956,10,6,0,0,0.478214,0,0.318644,0.183076,0.28245,0.71755,0.273358,0.504274,0.094928,0.053341,0.315003,0.384523,0.346577,0.308918
2023,Boston U,7,104.385135,98.947879,67.36129,11.598558,11.873586,0,13,2,0,0.499731,0,0.333811,0.179102,0.28897,0.71103,0.286353,0.43607,0.095776,0.036395,0.39038,0.382805,0.34954,0.284684
2023,Bowling Green,7,111.352293,105.693188,71.175806,13.19931,10.547699,2,6,0,0,0.150131,0,0.340426,0.171316,0.293959,0.706041,0.334588,0.509524,0.085205,0.042149,0.353954,0.385363,0.343122,0.322437
2023,Boyce,16,84.219982,145.928901,80.6,13.758615,-40.541385,0,0,0,0,0.000028,0,0.377358,0.28536,0.224138,0.775862,0.283186,0.545455,0.037221,0,0.469027,0.398261,0.343404,0.30149
2023,Bradley,2,112.914446,91.279374,66.344118,17.227616,24.987617,8,15,0,0,0.744746,0,0.359416,0.176442,0.270973,0.729027,0.275934,0.511211,0.105067,0.059405,0.391079,0.400469,0.338359,0.305669
2023,Brandeis,13,74.656204,115.892,66.125,10.224855,-18.57511,0,0,0,0,0.001682,0,0.157895,0.196597,0.153846,0.846154,0.3,0.411765,0.060491,0.015123,0.38,0.414523,0.342069,0.290452
2023,Brescia,12,86.376809,120.218952,81.68125,15.928318,-17.621682,0,0,0,0,0.007755,0,0.257426,0.177519,0.338462,0.661538,0.25448,0.5,0.101002,0.024485,0.362007,0.393821,0.34252,0.307484
2023,Brevard,14,69.355116,121.590648,74.366667,15.02371,-28.442949,0,0,0,0,0.000154,0,0.21519,0.224115,0.294872,0.705128,0.201117,0.666667,0.121022,0.026894,0.441341,0.382151,0.358935,0.360636
2023,Brewton Parker,15,55.79045,121.836668,73.75,19.933974,-35.866022,0,0,0,0,0.000019,0,0.130435,0.352542,0.386364,0.613636,0.166667,0.692308,0.094915,0.081356,0.383333,0.390393,0.367801,0.3628
2023,Bridgewater VA,15,73.547082,135.746735,68.325,17.776566,-30.023424,0,0,0,0,0.000071,0,0.25,0.351262,0.25,0.75,0.148936,0.388889,0.087816,0.014636,0.510638,0.331342,0.360656,0.301467
2023,Brown,5,104.752233,92.990859,70.237037,16.349979,16.927783,3,7,0,0,0.504284,0,0.347267,0.189306,0.255048,0.744952,0.298009,0.545455,0.102299,0.045876,0.399486,0.392912,0.343562,0.29141
2023,Bryan (TN),11,107.692749,128.938267,74.8,9.756212,-8.04379,0,0,0,0,0.010259,0,0.485714,0.213904,0.217391,0.782609,0.133333,0.517241,0.080214,0,0.583333,0.415504,0.349502,0.358656
2023,Bryant,5,111.940189,96.827697,73.031667,9.331056,15.811081,2,9,0,0,0.434178,0,0.340336,0.183482,0.26972,0.73028,0.330588,0.475236,0.091285,0.048381,0.392092,0.380705,0.335191,0.279664
2023,BRYN ATHYN,15,58.175006,109.01544,79.55,11.774148,-32.025835,0,0,0,0,0.000139,0,0.208333,0.276556,0.15,0.85,0.346154,0.076923,0.050283,0,0.461538,0.397351,0.318056,0.292494
2023,Bucknell,8,104.846595,98.952696,66.747656,10.49323,9.72451,0,7,2,0,0.404707,0,0.356061,0.198977,0.23911,0.76089,0.264723,0.538269,0.0824,0.05665,0.377358,0.376206,0.340758,0.28638
2023,Buffalo,6,110.020713,99.056417,74.225,15.903862,15.478866,4,9,0,0,0.477533,0,0.321839,0.1903,0.312086,0.687914,0.316,0.518764,0.106938,0.042944,0.348,0.384872,0.351039,0.316453
2023,Bushnell,9,93.937794,104.927738,74.925,16.713445,2.913424,0,0,0,0,0.019442,0,0.416667,0.146813,0.242424,0.757576,0.377049,0.55,0.106773,0.013347,0.196721,0.367335,0.317355,0.334548
2023,Butler,3,105.880917,91.797681,67.375781,25.817225,22.729733,8,4,0,0,0.286691,0,0.327014,0.175323,0.216075,0.783925,0.259762,0.522698,0.100184,0.064007,0.358234,0.366518,0.348623,0.307852
2023,BYU,2,113.514566,90.551062,71.257353,21.48375,26.471965,9,7,0,0,0.524699,0,0.339901,0.198535,0.294811,0.705189,0.323705,0.54874,0.104014,0.055309,0.404382,0.385975,0.36189,0.315204
2023,C Arkansas,9,104.228768,105.43562,73.866129,14.059867,5.582449,0,7,1,0,0.298577,0,0.32439,0.180798,0.305996,0.694004,0.243976,0.467153,0.089089,0.042798,0.411647,0.386792,0.348737,0.294124
2023,C Connecticut,9,101.799026,101.128894,67.080469,9.875193,6.187722,0,5,4,0,0.484907,0,0.327354,0.181219,0.296703,0.703297,0.233191,0.522124,0.083389,0.056835,0.35699,0.368891,0.339655,0.296779
2023,C Michigan,8,99.941122,100.6699,69.159677,13.951242,6.796402,1,6,0,0,0.201712,0,0.299843,0.230416,0.312956,0.687044,0.380332,0.474359,0.084424,0.055039,0.37737,0.389906,0.33796,0.308988
2023,CA Baptist,4,109.787527,92.698585,66.551515,15.631373,19.096052,6,9,0,0,0.491522,0,0.329749,0.172571,0.295029,0.704971,0.311907,0.580764,0.066478,0.046899,0.440991,0.367231,0.344923,0.33471
2023,Cairn,11,85.01479,112.614988,74.8875,19.70747,-8.09251,0,0,0,0,0.002234,0,0.322034,0.22033,0.210526,0.789474,0.252174,0.5,0.073443,0.033383,0.513043,0.38811,0.341673,0.349043
2023,Cal Maritime,10,100.088205,119.338769,71.55,18.421128,-1.378906,0,0,0,0,0.007413,0,0.5625,0.181691,0.321429,0.678571,0.305085,0.391304,0.055905,0,0.271186,0.346154,0.339683,0.434066
2023,Cal Poly,7,98.473606,94.935225,65.491667,16.159644,10.777794,2,4,0,0,0.175821,0,0.294309,0.211454,0.260185,0.739815,0.306405,0.476923,0.083749,0.037941,0.354876,0.349267,0.337267,0.320212
2023,Cal Sate EB,2,121.404387,100.655511,68.45,17.119076,26.319047,0,1,0,0,0.905871,0,0.5625,0.18992,0.16129,0.83871,0.44,0.6,0.073046,0.073046,0.32,0.396354,0.390276,0.339062
2023,Cal State LA,10,95.544075,113.207951,77.125,17.368345,-2.431682,0,0,0,0,0.007413,0,0.323529,0.155592,0.26087,0.73913,0.234375,0.75,0.103728,0.038898,0.53125,0.362176,0.361946,0.268394
2023,California,6,98.357398,98.561108,65.207813,25.519324,13.238056,2,1,0,0,0.041972,0,0.29771,0.199842,0.276068,0.723932,0.31523,0.465257,0.072365,0.047924,0.309327,0.370645,0.339047,0.315827
2023,Calumet,14,76.66675,127.443316,71.775,10.061441,-28.23856,0,0,0,0,0.000502,0,0.28,0.264716,0.327869,0.672131,0.153846,0.5,0.069662,0.076628,0.42735,0.417387,0.339373,0.314241
2023,CALV MO,16,71.640371,140.288563,78.8,8.892721,-46.907296,0,0,0,0,0.000019,0,0.266667,0.266497,0.333333,0.666667,0.129032,0.55,0.164975,0.050761,0.483871,0.360629,0.282707,0.324295
2023,Camp-Harrod,14,77.02213,128.316679,73.05,14.072549,-27.394115,0,0,0,0,0.000291,0,0.254545,0.23728,0.166667,0.833333,0.209877,0.467742,0.086699,0.004563,0.339506,0.395222,0.354033,0.285842
2023,Campbell,6,110.399446,99.347569,65.947794,12.921345,14.244882,3,9,2,0,0.61623,0,0.333821,0.180178,0.250469,0.749531,0.388858,0.501205,0.094549,0.043261,0.384356,0.377104,0.348844,0.32565
2023,Canisius,7,107.093804,100.089853,68.86,14.016543,12.189902,0,9,0,0,0.528419,0,0.347411,0.172814,0.310516,0.689484,0.247651,0.564875,0.081324,0.038242,0.405749,0.356763,0.344633,0.296756
2023,Card Stritch,16,52.901041,136.433133,79.225,14.103953,-56.69605,0,0,0,0,0.000002,0,0.142857,0.315557,0.384615,0.615385,0.171875,0.5,0.025245,0.012622,0.4375,0.375517,0.352132,0.331095
2023,CARLOW,15,75.463895,132.353695,76.75,10.864734,-35.435259,0,0,1,0,0.000271,0,0.257576,0.234528,0.15,0.85,0.176991,0.5,0.052117,0.032573,0.584071,0.424602,0.342924,0.252004
2023,Carolina U,16,62.077629,129.011648,73.7875,10.863359,-40.936631,0,0,1,0,0.000604,0,0.217391,0.284601,0.280702,0.719298,0.355769,0.448276,0.074538,0.020329,0.442308,0.347655,0.323129,0.354336
2023,Cazenovia Coll,13,75.805691,109.72788,77.075,8.99768,-18.802284,0,0,0,0,0.001985,0,0.304348,0.233539,0.277778,0.722222,0.278689,0.277778,0.103795,0,0.377049,0.302326,0.322702,0.296653
2023,Cent Baptist,15,76.330513,132.286267,77.175,10.766157,-35.033849,0,0,0,0,0.000099,0,0.214286,0.181406,0.347826,0.652174,0.2,0.65,0.064788,0.05183,0.430769,0.370968,0.350725,0.299462
2023,Centenary (LA),14,80.402229,130.814563,76.225,23.564069,-24.235934,0,0,0,0,0.000071,0,0.28,0.196786,0.344828,0.655172,0.166667,0.210526,0.052476,0.013119,0.378788,0.321857,0.377634,0.370892
2023,Centenary (NJ),15,70.364727,128.103472,75.075,10.756171,-35.043801,0,0,0,0,0.000099,0,0.125,0.35964,0.324324,0.675676,0.326923,0.368421,0.03996,0.03996,0.307692,0.372714,0.345912,0.269573
2023,Chaminade,11,83.575523,120.969932,74.8,28.703174,-11.096822,0,0,0,0,0.00027,0,0.333333,0.294118,0.208333,0.791667,0.148148,0.47619,0.053476,0.026738,0.388889,0.401537,0.356459,0.260327
2023,Champ Chrstn,15,75.097179,129.22333,82.992857,8.496951,-38.160203,0,0,3,0,0.001502,0,0.247748,0.27369,0.295238,0.704762,0.18427,0.464516,0.101558,0.02582,0.498876,0.388755,0.337085,0.321884
2023,Chapman,13,76.071006,116.55455,78.65,21.178263,-19.121772,0,0,0,0,0.00027,0,0.275,0.298792,0.175439,0.824561,0.261682,0.513514,0.076287,0.025429,0.373832,0.365917,0.382197,0.366221
2023,Charleston,2,118.410977,92.037154,71.276471,14.450961,26.879546,13,13,0,0,0.875264,0,0.333982,0.167946,0.336964,0.663036,0.328052,0.498406,0.103161,0.044153,0.478565,0.378937,0.335896,0.307163
2023,Charleston So,8,111.723239,106.105644,67.469355,11.713445,10.074743,0,5,0,0,0.220519,0,0.343365,0.174512,0.329973,0.670027,0.269189,0.455433,0.075064,0.038727,0.395135,0.375756,0.343526,0.337597
2023,Charlotte,3,113.097563,106.37651,62.478906,18.032921,22.216252,9,10,0,0,0.688526,0,0.376471,0.173058,0.222571,0.777429,0.243276,0.525381,0.085529,0.041014,0.406455,0.378458,0.341736,0.316921
2023,Chattanooga,4,116.232189,99.897944,69.072143,12.757111,17.779975,2,10,0,0,0.599947,0,0.376537,0.168354,0.264196,0.735804,0.312929,0.580087,0.082729,0.050051,0.51763,0.401021,0.331076,0.29122
2023,Chicago St,8,108.692493,105.205588,67.020161,10.757118,9.595826,0,4,2,0,0.596603,0,0.339073,0.203117,0.334862,0.665138,0.315879,0.498684,0.084231,0.039949,0.42971,0.375911,0.325473,0.28733
2023,Cincinnati,2,116.913986,99.574885,70.589394,21.519838,28.703174,11,10,0,0,0.599859,0,0.356459,0.150679,0.296631,0.703369,0.260327,0.555556,0.088862,0.056236,0.401537,0.376016,0.341605,0.307414
2023,CINCYCLER,15,69.533349,129.959466,73.9375,18.978269,-32.321733,0,0,0,0,0.000224,0,0.305556,0.297549,0.288462,0.711538,0.233645,0.714286,0.094675,0.013525,0.336449,0.397624,0.361536,0.279988
2023,Clark (MA),10,75.415391,93.577442,66.275,8.542545,-4.257428,0,0,0,0,0.022739,0,0.222222,0.256507,0.371429,0.628571,0.155172,0.588235,0.135798,0.015089,0.62069,0.440115,0.326823,0.343266
2023,Clarks Summit,14,77.186378,122.082967,75.275,11.774148,-25.025835,0,0,0,0,0.000445,0,0.388889,0.332116,0.304348,0.695652,0.169811,0.333333,0.079708,0.013285,0.339623,0.397351,0.318056,0.292494
2023,Clayton State,11,91.49121,118.680565,74.225,18.897562,-7.902427,0,0,0,0,0.002342,0,0.181818,0.175143,0.4375,0.5625,0.157143,0.5,0.080835,0.026945,0.314286,0.382863,0.335058,0.236256
2023,Clemson,2,116.962266,94.840984,68.445455,20.97625,27.235085,15,8,0,0,0.524723,0,0.369478,0.163368,0.211073,0.788927,0.307197,0.540046,0.075265,0.045159,0.401182,0.381241,0.344649,0.29523
2023,Cleveland St,5,111.108771,100.283814,67.368382,13.468425,16.525565,1,14,0,0,0.658431,0,0.309609,0.172013,0.352844,0.647156,0.293627,0.491379,0.10347,0.04977,0.27549,0.395523,0.343098,0.290382
2023,Clinton,12,89.38331,122.229593,77.5,15.749549,-15.050444,0,0,0,0,0.001207,0,0.285714,0.219355,0.222222,0.777778,0.338983,0.434783,0.051613,0.025806,0.237288,0.441578,0.34937,0.35306
2023,CO Christian,9,100.908371,110.091517,74.091667,14.517513,3.384153,0,1,0,0,0.296406,0,0.242424,0.197953,0.243243,0.756757,0.269231,0.417722,0.049488,0.031493,0.362637,0.37226,0.344125,0.355365
2023,Coast Guard,14,68.842166,118.971454,69.75,12.360106,-25.439861,0,0,0,0,0.000377,0,0.25,0.172043,0.342105,0.657895,0.151515,0.444444,0.100358,0.043011,0.363636,0.369423,0.286634,0.372992
2023,Coastal,7,109.214201,101.91065,69.779839,11.820495,10.936624,4,4,0,0,0.148988,0,0.316312,0.175205,0.302689,0.697311,0.283511,0.469363,0.086909,0.045766,0.375,0.361829,0.329204,0.303737
2023,Coastal GA,12,87.136225,119.883833,69.8,17.687617,-12.212381,0,0,0,0,0.009803,0,0.354167,0.27937,0.296875,0.703125,0.142857,0.619048,0.071633,0.02149,0.428571,0.341377,0.322582,0.347621
2023,Col Of Nj,12,80.417568,124.825878,66.75,15.746289,-18.053679,0,0,0,0,0.000733,0,0.222222,0.254682,0.2,0.8,0.196078,0.736842,0.029963,0.014981,0.529412,0.257159,0.334076,0.287514
2023,Colby Sawyer,14,89.368398,134.287516,69.75,5.466288,-25.333675,0,0,1,0,0.001207,0,0.380952,0.229391,0.352941,0.647059,0.163934,0.434783,0.071685,0.086022,0.344262,0.321697,0.365609,0.252954
2023,Colgate,3,120.046198,100.407856,68.014706,12.857863,21.537893,1,20,0,0,0.861855,0,0.407781,0.149622,0.233766,0.766234,0.272727,0.620452,0.102486,0.041946,0.350505,0.374446,0.34956,0.280476
2023,Colorado,2,109.771115,93.432426,69.47803,25.646363,27.777774,14,4,0,0,0.393526,0,0.318519,0.192343,0.301381,0.698619,0.303139,0.509479,0.109038,0.052338,0.347401,0.357934,0.338183,0.321663
2023,Colorado Coll,11,90.450375,111.660275,78.175,9.902985,-8.897041,0,0,0,0,0.008724,0,0.333333,0.217461,0.333333,0.666667,0.2,0.5,0.127918,0.051167,0.461538,0.257576,0.325792,0.415501
2023,Colorado St,3,115.820493,98.709798,67.038636,22.119159,22.82217,9,4,0,0,0.496572,0,0.364296,0.166345,0.19428,0.80572,0.295531,0.624284,0.084528,0.036614,0.384916,0.392569,0.352986,0.31757
2023,Columbia,9,99.833391,101.830591,71.183621,13.132712,5.056878,1,3,0,0,0.119298,0,0.316527,0.194252,0.296593,0.703407,0.281829,0.488506,0.094946,0.028096,0.413194,0.394833,0.333929,0.284502
2023,Columbia Int'l,13,83.411542,120.341809,74.6,12.351629,-18.448362,0,0,0,0,0.001207,0,0.3,0.308311,0.3125,0.6875,0.296296,0.428571,0.053619,0,0.37037,0.350352,0.341709,0.329225
2023,Concord,11,80.770893,111.725545,78.9625,24.527796,-10.272206,0,0,0,0,0.002309,0,0.232558,0.234288,0.327586,0.672414,0.178295,0.409091,0.08865,0.037993,0.333333,0.416143,0.345645,0.325775
2023,Concordia MI,15,78.889406,139.78941,65.85,8.455033,-32.344967,0,0,0,0,0.000229,0,0.333333,0.212604,0.25,0.75,0.113208,0.666667,0.136674,0,0.622642,0.415934,0.330251,0.264835
2023,Coppin St,9,102.334289,106.553431,74.277344,15.429399,5.373164,1,6,2,0,0.308208,0,0.337531,0.200684,0.212526,0.787474,0.371301,0.462131,0.103497,0.034078,0.443328,0.361993,0.342842,0.309872
2023,Cornell,4,117.779095,99.99923,72.419643,14.268539,20.025709,3,8,0,0,0.319464,0,0.352526,0.171126,0.301455,0.698545,0.281933,0.599265,0.134139,0.031069,0.489643,0.373619,0.33791,0.289565
2023,Covenant,12,91.511371,136.471714,67.9875,17.718775,-18.081219,0,0,0,0,0.002697,0,0.301587,0.183857,0.321429,0.678571,0.176471,0.609756,0.05148,0.022063,0.529412,0.447418,0.366076,0.281527
2023,Creighton,1,119.056834,100.242362,69.919697,27.001645,34.68273,19,4,0,0,0.611369,0,0.359853,0.166425,0.227569,0.772431,0.281009,0.578194,0.074978,0.059809,0.420484,0.370946,0.347443,0.310205
2023,Crown,11,83.063305,111.444304,71.4625,15.429127,-9.370894,0,0,0,0,0.005641,0,0.26087,0.2099,0.315789,0.684211,0.18254,0.488372,0.069967,0.04198,0.365079,0.415706,0.343975,0.310073
2023,Crwlys Rdg,14,79.069145,122.217771,75.7625,9.068795,-25.231211,0,0,1,0,0.015477,0,0.189189,0.191388,0.230769,0.769231,0.327731,0.547619,0.098994,0.039597,0.310924,0.403957,0.32323,0.336615
2023,CSU Northridge,8,100.705167,99.133902,66.021875,13.469299,8.181767,2,3,0,0,0.309182,0,0.32,0.189331,0.293621,0.706379,0.352738,0.451799,0.095139,0.046859,0.331412,0.355588,0.33219,0.323766
2023,D'Youville,13,79.441809,124.524197,70.6,12.488536,-22.311432,0,0,0,0,0.000621,0,0.304348,0.127479,0.25,0.75,0.266667,0.368421,0.028329,0.042493,0.383333,0.347138,0.34386,0.292935
2023,Dakota St,11,89.499334,107.067479,74.275,9.523028,-5.276991,0,0,0,0,0.016599,0,0.352941,0.215416,0.314286,0.685714,0.138462,0.333333,0.121171,0,0.261538,0.403429,0.389518,0.272
2023,Dall Christian,15,84.647174,142.175112,75.683333,14.083,-33.717017,0,0,1,0,0.000076,0,0.327273,0.312706,0.287879,0.712121,0.242038,0.447761,0.096895,0.026426,0.350318,0.3536,0.361211,0.314121
2023,Dartmouth,7,103.262198,96.032226,72.129464,12.379832,11.572709,5,2,3,0,0.397427,0,0.332847,0.200037,0.241803,0.758197,0.292128,0.500695,0.075757,0.055951,0.421279,0.376866,0.331868,0.294345
2023,Davidson,4,110.701202,95.873975,67.060937,18.5855,19.504262,4,10,0,0,0.588381,0,0.325301,0.161234,0.249042,0.750958,0.339346,0.535032,0.080151,0.019106,0.374295,0.378126,0.33557,0.32293
2023,Davis & Elkins,13,89.675249,130.827652,77.55,13.053903,-22.746095,0,0,0,0,0.000525,0,0.3,0.180529,0.333333,0.666667,0.268657,0.478261,0.116054,0.012895,0.298507,0.479325,0.366629,0.276931
2023,Dayton,2,113.659991,88.666604,64.092647,18.725741,25.872807,9,12,0,0,0.692144,0,0.338346,0.188147,0.259016,0.740984,0.355381,0.621849,0.0748,0.068375,0.372758,0.376693,0.339557,0.327653
2023,Dean,11,94.091065,108.44058,77.025,5.466288,-5.333675,0,0,1,0,0.03094,0,0.533333,0.207725,0.47619,0.52381,0.263889,0.307692,0.142811,0,0.208333,0.321697,0.365609,0.252954
2023,Defiance,15,64.47495,132.470243,69.5625,13.761056,-37.03895,0,0,0,0,0.000138,0,0.293103,0.366577,0.411765,0.588235,0.147059,0.535714,0.086253,0.007188,0.568627,0.337176,0.332622,0.280467
2023,Delaware,6,107.726848,99.051148,67.866667,14.626399,13.468843,5,9,2,0,0.481006,0,0.320588,0.166994,0.26754,0.73246,0.331361,0.476716,0.101804,0.058493,0.365788,0.380315,0.339437,0.291095
2023,Delaware St,9,96.65962,103.088557,70.155,12.943677,2.503693,0,2,3,0,0.229312,0,0.315498,0.228542,0.320917,0.679083,0.286377,0.521008,0.099304,0.037536,0.314203,0.380018,0.35156,0.333717
2023,Denver,8,107.897873,102.783264,70.114844,12.209256,9.902985,0,10,0,0,0.325004,0,0.325792,0.212598,0.256456,0.743544,0.415501,0.434731,0.078888,0.043678,0.257576,0.386118,0.338227,0.29531
2023,DePaul,4,109.552161,99.851786,70.908333,26.189922,19.971748,4,6,0,0,0.145742,0,0.367925,0.182481,0.285047,0.714953,0.27588,0.545346,0.090172,0.066667,0.378378,0.366168,0.342238,0.320308
2023,Detroit Mercy,5,117.283932,105.389886,68.220455,14.389794,16.020095,2,7,0,0,0.618772,0,0.386286,0.173235,0.357261,0.642739,0.281126,0.471461,0.089727,0.028428,0.432312,0.374479,0.338304,0.289862
2023,Dillard,10,95.475352,102.806208,75.65,4.634515,-0.165501,0,0,1,0,0.073013,0,0.3,0.171844,0.315789,0.684211,0.205882,0.321429,0.118969,0.039656,0.294118,0.290756,0.377649,0.377591
2023,Dist Columbia,9,95.865494,101.559399,81.55,14.638908,4.838922,0,0,0,0,0.035974,0,0.277778,0.220723,0.296296,0.703704,0.285714,0.518519,0.147149,0.036787,0.285714,0.366312,0.376731,0.339422
2023,Drake,2,115.893469,90.648979,68.309559,16.072998,26.684427,11,13,0,0,0.792296,0,0.372765,0.153281,0.22716,0.77284,0.282752,0.497849,0.078794,0.03832,0.367729,0.381182,0.331082,0.30504
2023,Drexel,5,106.664425,91.29229,65.228906,12.515431,16.527948,3,9,2,0,0.519536,0,0.315862,0.178698,0.294643,0.705357,0.293757,0.483829,0.086235,0.049345,0.404125,0.370131,0.328069,0.306686
2023,Duke,1,118.615535,93.525952,65.938235,24.627283,32.482848,19,8,0,0,0.861033,0,0.336219,0.182435,0.31383,0.68617,0.308321,0.569005,0.086534,0.068246,0.353752,0.37702,0.346857,0.300398
2023,Duquesne,3,113.720079,99.365418,69.602344,17.812784,20.479459,8,10,0,0,0.510324,0,0.364557,0.171061,0.346188,0.653812,0.265829,0.56372,0.118979,0.055673,0.396985,0.376974,0.342725,0.328107
2023,E Illinois,9,99.664103,97.789206,71.376613,9.199297,5.941231,1,4,2,0,0.2435,0,0.3286,0.189364,0.273764,0.726236,0.329444,0.563363,0.117505,0.047454,0.273889,0.3808,0.331691,0.331803
2023,E Kentucky,4,110.544264,108.566081,72.925758,12.739397,17.761019,6,11,0,0,0.589216,0,0.337306,0.166629,0.340105,0.659895,0.244323,0.524008,0.110947,0.066485,0.381017,0.405275,0.343199,0.297549
2023,E Michigan,8,107.623754,108.294776,70.875,16.336727,7.962533,2,5,0,0,0.316903,0,0.315789,0.167036,0.276923,0.723077,0.314724,0.372354,0.088297,0.030494,0.332786,0.395023,0.347823,0.322351
2023,E Nazarene,15,67.130191,129.426481,69.7,7.336516,-36.463453,0,0,0,0,0.000139,0,0.266667,0.215208,0.333333,0.666667,0.206897,0.333333,0.114778,0.043042,0.258621,0.414574,0.353028,0.320882
2023,E Texas A&M,8,108.067047,103.762267,68.422727,9.882527,8.96736,3,2,5,0,0.33673,0,0.320276,0.187338,0.285042,0.714958,0.27619,0.551804,0.08459,0.044731,0.459259,0.35723,0.340243,0.324777
2023,E Washington,3,117.361583,105.143474,68.748437,15.05179,20.757645,5,16,0,0,0.602164,0,0.360153,0.197732,0.248264,0.751736,0.315022,0.5625,0.072274,0.044546,0.438901,0.376298,0.342248,0.319802
2023,Earlham,16,56.968304,135.61465,76.85,17.771694,-49.028306,0,0,0,0,0.000003,0,0.210526,0.286272,0.433333,0.566667,0.092308,0.25,0.026025,0,0.292308,0.364706,0.368664,0.42521
2023,East Carolina,5,107.105929,96.129573,68.557576,19.216576,17.034761,5,8,1,0,0.478054,0,0.31599,0.192274,0.329518,0.670482,0.371308,0.563069,0.09459,0.038455,0.415612,0.37928,0.333695,0.320934
2023,East-West,13,86.389531,125.570602,75.25,7.624574,-22.675431,0,0,1,0,0.006097,0,0.213115,0.166113,0.340426,0.659574,0.151515,0.333333,0.099668,0.033223,0.462121,0.392111,0.349506,0.296754
2023,Eastern Oregon,13,77.018294,131.784162,73.275,32.890404,-20.909616,0,0,0,0,0.000433,0,0.243243,0.259297,0.285714,0.714286,0.160714,0.361111,0.054589,0.013647,0.330357,0.351943,0.37604,0.321268
2023,Ecclesia,16,65.914646,130.639278,78.35,5.995535,-44.804475,0,0,1,0,0.000043,0,0.25,0.280791,0.230769,0.769231,0.490566,0.470588,0.076579,0.025526,0.301887,0.433277,0.315722,0.32775
2023,Edward Waters,12,75.409434,106.067625,73.2875,4.934341,-16.865656,0,0,1,0,0.024385,0,0.25,0.25243,0.337349,0.662651,0.308333,0.25641,0.075047,0.061402,0.233333,0.376765,0.322902,0.310086
2023,Elon,9,102.302457,102.54791,66.908594,12.860339,6.772854,0,4,1,0,0.471334,0,0.301939,0.184487,0.260426,0.739574,0.277499,0.510499,0.091543,0.032227,0.403127,0.37983,0.328447,0.303318
2023,EMERSON,14,78.791681,135.155509,73.85,20.070244,-28.729721,0,0,0,0,0.00006,0,0.238095,0.162492,0.285714,0.714286,0.092308,0.521739,0.054164,0.027082,0.323077,0.310276,0.38126,0.33183
2023,Emory & Henry,11,98.358462,120.081255,70.5,13.546972,-5.25302,0,0,0,0,0.008724,0,0.277778,0.326241,0.352941,0.647059,0.4,0.333333,0.099291,0.085106,0.36,0.348953,0.320695,0.300992
2023,Erskine,12,74.932857,101.290013,77.175,6.772854,-14.027129,0,0,0,0,0.006295,0,0.142857,0.246194,0.28125,0.71875,0.213115,0.318182,0.142533,0.025915,0.344262,0.403127,0.301939,0.277499
2023,ETSU,6,107.634097,97.867333,67.198437,13.753216,13.546972,2,6,0,0,0.406564,0,0.320695,0.195317,0.305704,0.694296,0.300992,0.47503,0.090683,0.046039,0.348953,0.40667,0.339584,0.316813
2023,Eureka,12,66.038232,93.71409,80.75,11.767792,-14.032229,0,0,0,0,0.002764,0,0.2,0.235294,0.219512,0.780488,0.151515,0.3,0.099071,0.012384,0.227273,0.37151,0.320552,0.319088
2023,Evansville,9,95.333411,102.787815,69.859375,17.149043,3.755295,0,5,0,0,0.130781,0,0.322006,0.175352,0.250996,0.749004,0.293638,0.449931,0.100201,0.027734,0.336052,0.399454,0.33956,0.306982
2023,Evergreen,16,52.553999,129.860308,83.875,13.897098,-55.902939,0,0,0,0,0.000002,0,0.12,0.28614,0.307692,0.692308,0.446429,0.666667,0.119225,0.011923,0.446429,0.368901,0.340116,0.338338
2023,Fairfield,7,103.25006,95.542095,65.833065,13.321368,12.360106,1,10,0,0,0.32987,0,0.286634,0.179829,0.291866,0.708134,0.372992,0.428986,0.0833,0.05586,0.369423,0.356529,0.337489,0.28821
2023,Fairmnt St,11,105.026854,123.661952,73.025,10.547699,-5.2523,0,0,0,0,0.014154,0,0.384615,0.164327,0.275862,0.724138,0.316667,0.68,0.041082,0.054776,0.433333,0.353954,0.340426,0.334588
2023,FAU,1,120.470731,101.054427,69.385294,19.744214,32.010877,15,18,0,0,0.844308,0,0.371781,0.169556,0.272243,0.727757,0.293019,0.517708,0.097919,0.035607,0.439036,0.375207,0.34049,0.312103
2023,FDU,7,112.822693,111.748943,70.591912,7.366958,10.756171,1,7,3,0,0.612753,0,0.345912,0.162492,0.341379,0.658621,0.269573,0.524202,0.113744,0.027499,0.372714,0.376779,0.332946,0.304149
2023,FDU Florhm,15,72.776873,135.590641,60.95,-3.011816,-36.811788,0,0,1,0,0.000733,0,0.387097,0.164069,0.227273,0.772727,0.036364,0.75,0.131255,0.049221,0.563636,0.401815,0.332258,0.234608
2023,FGCU,5,111.231868,98.27798,67.150781,14.649627,16.662129,1,13,2,0,0.348219,0,0.354567,0.16986,0.271906,0.728094,0.274946,0.508075,0.101916,0.048399,0.451193,0.403509,0.345581,0.281885
2023,Fisher,16,61.16371,128.952752,79.425,20.070244,-41.729721,0,0,0,0,0.000007,0,0.217391,0.25181,0.275862,0.724138,0.045455,0.444444,0.075543,0.062952,0.348485,0.310276,0.38126,0.33183
2023,Fisk,10,96.570976,108.741299,69.65,9.277756,-0.522248,0,0,0,0,0.039172,0,0.333333,0.28715,0.458333,0.541667,0.235294,0.595745,0.165111,0.028715,0.327731,0.371028,0.359997,0.353043
2023,FIU,6,107.262166,97.53279,72.374219,17.908528,15.377272,6,5,0,0,0.340735,0,0.326379,0.204234,0.272817,0.727183,0.290704,0.457901,0.125217,0.055268,0.360559,0.391886,0.34793,0.314528
2023,FL National,11,97.286461,115.84594,69.675,9.367334,-4.932673,0,0,1,0,0.0206,0,0.381818,0.208109,0.301587,0.698413,0.222222,0.422222,0.09329,0.071762,0.470085,0.34292,0.343882,0.302625
2023,Fla Coll,6,91.89776,87.89271,73.975,15.377272,13.577266,0,0,0,0,0.106029,0,0.296296,0.243325,0.324324,0.675676,0.362069,0.47619,0.148699,0,0.465517,0.360559,0.326379,0.290704
2023,Florida,2,111.660447,92.149268,70.010156,25.449996,27.601511,10,5,0,0,0.323935,0,0.319055,0.15712,0.237624,0.762376,0.350678,0.490752,0.095968,0.075435,0.366938,0.378088,0.336029,0.335584
2023,Florida A&M,10,92.034449,100.372443,66.848276,12.406571,1.799667,0,2,3,0,0.405041,0,0.313321,0.238316,0.309549,0.690451,0.322917,0.470588,0.098525,0.054163,0.347005,0.341668,0.332313,0.350696
2023,Florida St,5,108.441951,101.801671,69.235156,23.671724,16.296735,5,4,0,0,0.215953,0,0.330174,0.175128,0.276342,0.723658,0.303804,0.53616,0.088918,0.05642,0.344022,0.376885,0.347079,0.301438
2023,Florida Tech,10,88.2468,108.546203,68.6,18.897562,-0.902427,0,0,0,0,0.007413,0,0.173913,0.233236,0.441176,0.558824,0.266667,0.428571,0.072886,0.058309,0.383333,0.382863,0.335058,0.236256
2023,Fordham,4,107.467071,90.120448,70.655303,15.896835,19.418065,6,16,0,0,0.658053,0,0.318182,0.190854,0.291838,0.708162,0.376118,0.524467,0.102075,0.068622,0.416623,0.370915,0.335472,0.312715
2023,Framingham St,15,63.734937,124.095751,75.6,15.811081,-34.988889,0,0,0,0,0.000043,0,0.125,0.251323,0.416667,0.583333,0.25,0.375,0.079365,0.013228,0.25,0.392092,0.340336,0.330588
2023,Franciscan,16,64.870566,139.62116,84.6,6.350891,-57.44908,0,0,1,0,0.000005,0,0.217391,0.224586,0.259259,0.740741,0.246154,0.277778,0.047281,0.01182,0.353846,0.359659,0.379147,0.320455
2023,Franklin,11,70.608138,92.146165,63.9,0.530295,-10.269711,0,0,1,0,0.03094,0,0.172414,0.250391,0.371429,0.628571,0.067797,0.578947,0.093897,0.046948,0.491525,0.28638,0.296748,0.312573
2023,Fredonia St,15,79.383836,137.300887,69.225,12.189902,-30.610069,0,0,0,0,0.000164,0,0.461538,0.303359,0.352941,0.647059,0.2,0.45,0.057783,0.072228,0.236364,0.405749,0.347411,0.247651
2023,Fresno Pacific,7,86.797698,91.20159,70.225,20.154333,10.354305,0,0,0,0,0.035974,0,0.444444,0.341759,0.15,0.85,0.244444,0.47619,0.09968,0.02848,0.4,0.407053,0.30837,0.251046
2023,Fresno St,4,107.311203,94.856682,63.983871,22.257583,20.154333,7,4,0,0,0.431021,0,0.30837,0.180993,0.264392,0.735608,0.251046,0.530556,0.098815,0.051928,0.407053,0.384312,0.355685,0.32519
2023,Fullerton,3,108.423525,90.85913,67.37803,16.418311,20.703127,9,9,0,0,0.736285,0,0.368805,0.175851,0.273466,0.726534,0.375828,0.436457,0.096246,0.038228,0.378587,0.345541,0.337101,0.320939
2023,Furman,3,121.979723,101.873105,70.345588,15.105499,24.327728,10,12,0,0,0.746014,0,0.346895,0.158043,0.279205,0.720795,0.341078,0.59407,0.096582,0.045573,0.461691,0.400603,0.350342,0.29779
2023,G Washington,6,113.112447,102.200452,71.059375,16.46811,15.430621,4,10,0,0,0.467941,0,0.321127,0.177229,0.254025,0.745975,0.348296,0.467204,0.080039,0.047935,0.383991,0.385557,0.340599,0.323363
2023,GA College,10,79.632109,97.382422,75.7,19.933974,-0.866022,0,0,0,0,0.006295,0,0.214286,0.237781,0.179487,0.820513,0.20339,0.45,0.06605,0.02642,0.474576,0.390393,0.367801,0.3628
2023,GA Southern,6,105.86451,93.596347,67.72803,13.946569,15.449597,5,8,0,0,0.507876,0,0.314112,0.169126,0.27897,0.72103,0.279855,0.408333,0.103802,0.042058,0.34216,0.370474,0.336068,0.306016
2023,Gallaudet,15,72.46473,135.026155,75.425,19.533206,-34.766785,0,0,0,0,0.000035,0,0.25,0.331455,0.27451,0.72549,0.494624,0.433333,0.059662,0.006629,0.387097,0.369139,0.363466,0.354951
2023,Gardner-Webb,5,107.465102,92.232326,68.232258,10.954971,16.425946,1,10,0,0,0.510704,0,0.336192,0.190053,0.282192,0.717808,0.340034,0.490775,0.104955,0.069024,0.334865,0.376937,0.337962,0.348005
2023,George Mason,4,107.713986,92.905126,67.790152,18.090287,19.059997,9,10,0,0,0.640368,0,0.350365,0.202497,0.255932,0.744068,0.370349,0.565,0.067946,0.046042,0.386133,0.376469,0.337092,0.32524
2023,Georgetown,5,107.661178,102.485925,70.263281,24.865767,15.772028,2,3,0,0,0.127931,0,0.308848,0.174344,0.299739,0.700261,0.291107,0.464548,0.087617,0.064934,0.309721,0.37912,0.346353,0.307558
2023,Georgia,4,107.834898,96.631241,68.501563,22.261598,18.661603,7,7,0,0,0.216114,0,0.317109,0.19297,0.302448,0.697552,0.404735,0.491758,0.092151,0.038776,0.382187,0.378942,0.33173,0.322135
2023,Georgia St,7,102.502922,96.27416,68.450806,14.418695,10.947729,1,6,0,0,0.142598,0,0.294964,0.188504,0.320561,0.679439,0.324762,0.45906,0.084355,0.05231,0.310788,0.362027,0.331067,0.295194
2023,Georgia SW,7,110.028644,108.258309,69.175,12.854827,11.054827,0,0,0,0,0.106029,0,0.375,0.274666,0.34375,0.65625,0.236364,0.451613,0.130105,0.014456,0.145455,0.438123,0.376171,0.327859
2023,Georgia Tech,4,109.612634,96.83783,68.047727,20.412704,18.897562,6,6,0,0,0.680159,0,0.335058,0.155417,0.302165,0.697835,0.236256,0.54152,0.087728,0.059673,0.382863,0.37307,0.334523,0.29981
2023,Georgian Court,7,99.853528,90.182764,75.775,2.503693,11.703711,0,0,0,0,0.905871,0,0.5,0.30353,0.15,0.85,0.659091,0.478261,0.079182,0.026394,0.363636,0.314203,0.315498,0.286377
2023,Glenville,9,95.274278,107.795379,84.7,25.964964,3.164965,0,0,0,0,0.004534,0,0.354839,0.247934,0.323529,0.676471,0.173913,0.714286,0.153483,0.023613,0.449275,0.368396,0.338028,0.258491
2023,Gonzaga,1,130.172538,105.904778,71.920455,24.255088,36.406423,22,8,0,0,0.851092,0,0.387292,0.147048,0.27907,0.72093,0.336609,0.508364,0.106178,0.046348,0.324816,0.393572,0.355026,0.317758
2023,Goshen,14,74.035675,120.760856,74.95,9.491045,-27.308955,0,0,0,0,0.000501,0,0.326923,0.273516,0.166667,0.833333,0.034483,0.363636,0.093396,0.026684,0.448276,0.410499,0.334962,0.288719
2023,Goucher,14,75.881835,127.413915,72.0625,8.652598,-29.647379,0,0,0,0,0.000448,0,0.37037,0.256722,0.408163,0.591837,0.125,0.590909,0.083261,0.041631,0.225,0.338735,0.362574,0.288372
2023,Grace Christia,10,91.650639,111.949609,80.55,20.660069,-4.139935,0,0,0,0,0.003261,0,0.35,0.235878,0.375,0.625,0.276923,0.52,0.124146,0.012415,0.307692,0.352912,0.367832,0.297137
2023,Grambling,5,104.427322,88.027815,68.17803,9.331846,16.350019,2,10,1,0,0.867638,0,0.355828,0.211123,0.304348,0.695652,0.417367,0.499383,0.107562,0.060448,0.27395,0.348071,0.325501,0.322352
2023,Grand Canyon,3,117.389514,97.015065,67.389286,16.084242,23.235567,11,11,0,0,0.742143,0,0.383394,0.179342,0.276316,0.723684,0.366103,0.487293,0.072924,0.048757,0.419355,0.371851,0.33765,0.33417
2023,Green Bay,10,94.715699,109.668327,66.434375,15.531041,-1.025214,0,2,1,0,0.112447,0,0.301105,0.210264,0.259669,0.740331,0.314715,0.533537,0.076203,0.03575,0.434835,0.372715,0.33884,0.298063
2023,Greensboro,12,66.099589,93.950038,80.6,8.069015,-15.73097,0,0,0,0,0.003845,0,0.294118,0.28536,0.25641,0.74359,0.266667,0.473684,0.086849,0.012407,0.283333,0.406525,0.332484,0.297255
2023,Guilford,10,90.322904,106.676444,76.65,19.504262,-0.295725,0,0,0,0,0.007413,0,0.230769,0.182648,0.357143,0.642857,0.197183,0.36,0.065232,0.026093,0.366197,0.374295,0.325301,0.339346
2023,Gwynedd Mercy,13,91.244058,139.988379,62.275,8.360323,-22.439644,0,0,0,0,0.001207,0,0.375,0.208752,0.15,0.85,0.191489,0.727273,0.032116,0,0.340426,0.358328,0.310463,0.247695
2023,Hampton,9,101.245109,105.574988,70.471875,12.692304,3.479817,0,5,1,0,0.30742,0,0.32158,0.156978,0.3051,0.6949,0.328852,0.463768,0.061195,0.044787,0.366598,0.371749,0.331317,0.318011
2023,Han LaGrange,12,90.765498,128.139975,65.325,5.653322,-18.146684,0,0,1,0,0.003845,0,0.47619,0.275545,0.181818,0.818182,0.14,0.5,0.045924,0.091848,0.42,0.354511,0.35994,0.277629
2023,Hardin-Sim,13,78.369014,119.576831,80.325,14.049746,-23.750281,0,0,0,0,0.000377,0,0.333333,0.21164,0.16129,0.83871,0.107692,0.458333,0.074697,0.049798,0.415385,0.345142,0.321928,0.305958
2023,Harding,12,81.469249,117.824037,70.75,10.659238,-17.140768,0,0,0,0,0.001985,0,0.315789,0.240283,0.259259,0.740741,0.178571,0.428571,0.113074,0.070671,0.339286,0.329628,0.352445,0.333519
2023,Harris Stowe,13,81.846329,123.191543,70.9625,12.401726,-19.898276,0,0,0,0,0.001765,0,0.289474,0.260701,0.377049,0.622951,0.196581,0.47619,0.07046,0.028184,0.324786,0.37459,0.329715,0.372793
2023,Hartford,10,96.192007,104.670824,66.641071,5.802446,-3.011816,0,2,5,0,0.126179,0,0.332258,0.21544,0.285877,0.714123,0.234608,0.552352,0.09593,0.056272,0.401815,0.384954,0.344675,0.275265
2023,Harvard,4,105.83959,91.73266,68.184821,15.962466,18.191059,3,6,0,0,0.356236,0,0.308725,0.199563,0.294581,0.705419,0.309479,0.531429,0.110519,0.056045,0.374137,0.38801,0.351606,0.297488
2023,Hawai'i,4,107.680102,88.744753,65.519697,15.884365,20.229792,7,12,0,0,0.605468,0,0.329835,0.185464,0.274678,0.725322,0.330183,0.475389,0.069838,0.057813,0.370762,0.342884,0.338979,0.318267
2023,Hawaii Pac,10,88.834422,110.348038,67.275,20.229792,-3.770241,0,0,0,0,0.006295,0,0.263158,0.148644,0.269231,0.730769,0.15,0.5,0.059457,0.014864,0.316667,0.370762,0.329835,0.330183
2023,Hendrix,16,73.336904,134.43875,78.45,5.582449,-42.217549,0,0,1,0,0.000071,0,0.347826,0.216699,0.392857,0.607143,0.354839,0.578947,0.089229,0.012747,0.370968,0.411647,0.32439,0.243976
2023,High Point,8,107.023881,101.765134,72.708065,12.456198,9.733625,2,8,0,0,0.405121,0,0.325,0.193882,0.306383,0.693617,0.393675,0.471095,0.090064,0.067437,0.392585,0.390456,0.342962,0.330224
2023,Hofstra,3,114.902262,98.050513,68.161364,15.055349,23.758222,8,12,0,0,0.779483,0,0.367137,0.155158,0.221429,0.778571,0.208184,0.502128,0.092028,0.062685,0.398465,0.372947,0.331945,0.311147
2023,Holy Cross,9,100.284357,100.822633,69.303906,11.341257,5.466288,0,7,0,0,0.299637,0,0.365609,0.174503,0.245192,0.754808,0.252954,0.490148,0.091535,0.040131,0.321697,0.378643,0.355247,0.282374
2023,Holy Names,15,74.685608,126.306948,80.6,18.421128,-30.378906,0,0,0,0,0.00006,0,0.142857,0.173697,0.235294,0.764706,0.253968,0.238095,0.136476,0.012407,0.222222,0.346154,0.339683,0.434066
2023,Hou Christian,10,107.438363,110.120868,73.830469,6.80999,1.109976,0,2,4,0,0.314462,0,0.365014,0.206978,0.30082,0.69918,0.384863,0.556992,0.077881,0.037247,0.389694,0.363827,0.33531,0.309335
2023,Houghton,16,45.105259,142.41728,69.325,-3.011816,-65.811788,0,0,1,0,0.000006,0,0.157895,0.288496,0.166667,0.833333,0.14,0.636364,0.02885,0.014425,0.38,0.401815,0.332258,0.234608
2023,Houston,1,123.496979,88.60465,64.855147,22.312298,39.112297,19,13,0,0,0.779562,0,0.344648,0.153283,0.329795,0.670205,0.284517,0.538462,0.12834,0.073467,0.377712,0.388156,0.337262,0.318796
2023,Howard,6,109.03351,99.645801,71.993382,12.010324,14.638908,1,10,1,0,0.668653,0,0.376731,0.225919,0.323747,0.676253,0.339422,0.556167,0.099682,0.044122,0.366312,0.359624,0.33571,0.325174
2023,Howard Payne,16,61.260316,122.088046,83.175,15.297413,-41.002616,0,0,0,0,0.000018,0,0.195652,0.270514,0.192308,0.807692,0.218487,0.333333,0.090171,0.04208,0.386555,0.342849,0.333069,0.312146
2023,Huston Till,14,83.130265,131.417209,75.041667,10.339664,-28.127019,0,0,1,0,0.001136,0,0.333333,0.266519,0.337079,0.662921,0.325444,0.533333,0.093282,0.039978,0.514793,0.284322,0.314062,0.373183
2023,Idaho,7,110.885174,103.19003,68.127344,10.796476,10.790192,1,7,0,0,0.226382,0,0.340125,0.166049,0.226762,0.773238,0.353177,0.462379,0.075227,0.026146,0.365197,0.366418,0.341883,0.315972
2023,Idaho St,6,108.634304,100.791003,66.924219,15.140404,13.496624,1,9,3,0,0.335322,0,0.337931,0.17277,0.257711,0.742289,0.289636,0.493703,0.086385,0.042025,0.406162,0.382239,0.342221,0.322311
2023,Ill-Springfld,3,116.148421,98.905342,74.4,13.112232,22.312232,0,1,0,0,0.905871,0,0.407407,0.241935,0.232558,0.767442,0.436364,0.62069,0.013441,0.067204,0.490909,0.373348,0.348083,0.332599
2023,Illinois,1,115.144871,90.025603,70.139844,24.873502,31.346233,12,4,0,0,0.414419,0,0.308953,0.182225,0.299012,0.700988,0.338437,0.467213,0.097573,0.080642,0.418691,0.354448,0.345526,0.29577
2023,Illinois St,7,104.923301,100.108926,66.788281,15.433499,11.133499,3,5,0,0,0.316791,0,0.336232,0.21804,0.267943,0.732057,0.312537,0.468114,0.085625,0.049129,0.406121,0.384922,0.33915,0.310057
2023,Illinois Tech,10,122.389901,136.211233,66.125,12.661396,0.861396,0,0,0,0,0.02655,0,0.46875,0.10586,0.34375,0.65625,0.238095,0.576923,0.015123,0.030246,0.507937,0.374544,0.328691,0.400104
2023,Immaculata,14,77.234861,117.140243,75.1125,3.8534,-28.146576,0,0,2,0,0.002289,0,0.357143,0.346147,0.166667,0.833333,0.621951,0.473684,0.126477,0.053253,0.341463,0.363654,0.321197,0.299884
2023,Incarnate Word,9,103.202576,102.153443,70.43629,7.779563,4.786,0,4,4,0,0.320291,0,0.348294,0.194639,0.290422,0.709578,0.341116,0.492268,0.118616,0.040302,0.317198,0.371238,0.342452,0.317175
2023,Indiana,1,117.894872,96.415153,69.002273,26.16824,31.768245,16,6,0,0,0.486775,0,0.370297,0.168198,0.25339,0.74661,0.300677,0.542066,0.08344,0.071583,0.263158,0.371746,0.343507,0.30874
2023,Indiana St,3,115.977333,98.342191,71.457353,13.844692,23.333582,4,14,0,0,0.63079,0,0.353846,0.165051,0.202391,0.797609,0.313387,0.568875,0.091787,0.026342,0.46146,0.38753,0.336697,0.299619
2023,Indiana-SB,8,112.414783,120.623565,67.8,17.771694,6.971694,0,0,0,0,0.03094,0,0.5,0.117994,0.238095,0.761905,0.131148,0.357143,0.176991,0.014749,0.327869,0.364706,0.368664,0.42521
2023,Indnapolis,9,79.205179,93.24641,68.425,17.521349,2.721343,0,0,0,0,0.016599,0,0.322581,0.263062,0.340909,0.659091,0.046875,0.526316,0.043844,0.014615,0.484375,0.364447,0.358273,0.315155
2023,Iona,2,116.470491,92.45829,68.894853,16.007088,26.378538,5,22,0,0,0.867856,0,0.35982,0.15326,0.313839,0.686161,0.290183,0.53396,0.108435,0.080259,0.320982,0.366232,0.339848,0.300095
2023,Iowa,1,123.003601,100.333358,70.395313,25.854072,30.666198,14,4,1,0,0.423118,0,0.343085,0.140723,0.330181,0.669819,0.325535,0.580504,0.094111,0.048831,0.374316,0.352855,0.342403,0.298509
2023,Iowa State,1,113.089318,87.963885,66.167187,27.594692,32.079537,13,4,0,0,0.324777,0,0.339286,0.197889,0.339552,0.660448,0.277717,0.54878,0.133185,0.043923,0.33809,0.37926,0.34001,0.326717
2023,Iowa Wesleyan,9,104.46237,111.34519,72.75,11.767792,3.967771,0,0,0,0,0.048245,0,0.305556,0.178694,0.421053,0.578947,0.140845,0.444444,0.09622,0,0.507042,0.37151,0.320552,0.319088
2023,Ithaca,10,86.591516,101.275411,76.65,20.025709,1.225741,0,0,0,0,0.008724,0,0.2,0.208741,0.324324,0.675676,0.212121,0.636364,0.104371,0.013046,0.454545,0.489643,0.352526,0.281933
2023,IU Indy,10,99.776566,108.320684,68.252344,11.799049,0.530295,0,2,3,0,0.242558,0,0.296748,0.231219,0.292247,0.707753,0.312573,0.455471,0.084704,0.037087,0.28638,0.371848,0.328557,0.288499
2023,J&W (NC),12,90.942769,124.426459,74.9875,14.081239,-15.218748,0,0,0,0,0.001553,0,0.272727,0.160027,0.298507,0.701493,0.154412,0.44898,0.073346,0.020003,0.404412,0.397631,0.32785,0.299044
2023,Jackson St,8,100.146578,99.020177,70.916667,13.634721,8.731682,0,6,1,0,0.731689,0,0.318462,0.219635,0.337731,0.662269,0.32967,0.5075,0.105972,0.035039,0.340136,0.338526,0.327487,0.338974
2023,Jacksonville,6,106.318944,96.66215,62.057759,12.128453,13.18363,1,7,0,0,0.25387,0,0.340136,0.185033,0.227273,0.772727,0.23239,0.548105,0.082237,0.03834,0.387097,0.404674,0.34569,0.278563
2023,James Madison,3,114.182826,88.772105,73.221212,11.942654,24.427505,8,9,1,0,0.667619,0,0.3502,0.180027,0.312649,0.687351,0.37048,0.475884,0.123329,0.036005,0.371966,0.363987,0.325769,0.301978
2023,Jarvis Chrstn,14,76.914725,127.908392,78.441667,15.783127,-29.683552,0,0,0,0,0.000139,0,0.28125,0.271964,0.308511,0.691489,0.264045,0.47541,0.093488,0.025497,0.359551,0.405203,0.347747,0.290443
2023,Jax State,6,109.615454,101.000175,66.533065,13.138699,12.854827,0,9,0,0,0.523897,0,0.376171,0.198785,0.284691,0.715309,0.327859,0.51004,0.083393,0.035878,0.438123,0.392928,0.34642,0.280968
2023,Jessup,12,84.398388,126.20085,72.175,27.372107,-13.427918,0,0,0,0,0.000229,0,0.258065,0.193973,0.25,0.75,0.216667,0.8,0.069276,0,0.516667,0.377153,0.34551,0.398393
2023,John Brown,10,87.156677,109.093323,80,27.590506,-2.209514,0,0,0,0,0.001425,0,0.30303,0.2,0.270833,0.729167,0,0.230769,0.05,0.0125,0.428571,0.458948,0.368844,0.249077
2023,John Jay,14,91.268491,156.966366,67.275,27.184275,-26.615704,0,0,0,0,0.000026,0,0.363636,0.178372,0.5,0.473684,0.147541,0.4,0.059457,0.014864,0.360656,0.352768,0.36227,0.304476
2023,Johnson Univ,14,65.009733,115.102837,79.95,17.779975,-29.020016,0,0,0,0,0.000084,0,0.222222,0.162602,0.243902,0.756098,0.026316,0.578947,0.037523,0.025016,0.473684,0.51763,0.376537,0.312929
2023,Johnson Wales,14,68.529375,117.018117,79.225,11.873586,-29.926381,0,0,0,0,0.000193,0,0.26087,0.227201,0.25,0.75,0.171875,0.47619,0.088356,0.075734,0.359375,0.39038,0.333811,0.286353
2023,JohnsonFL,16,62.074387,134.920605,74.875,15.180338,-44.119656,0,0,0,0,0.000036,0,0.222222,0.233723,0.301887,0.698113,0.079365,0.393939,0.040067,0.013356,0.428571,0.41172,0.364798,0.238461
2023,Kansas,1,116.60736,92.210364,70.396324,29.003616,35.920279,24,4,0,0,0.674296,0,0.343977,0.175477,0.271089,0.728911,0.297672,0.594681,0.124923,0.053479,0.341258,0.357782,0.339357,0.330757
2023,Kansas Chrstn,12,84.838027,112.331931,80.3875,14.924739,-12.37528,0,0,0,0,0.013357,0,0.366667,0.298554,0.15,0.85,0.278846,0.306122,0.099518,0.037319,0.288462,0.293559,0.320512,0.389509
2023,Kansas City,8,101.253394,98.5074,66.626563,13.236487,8.892721,2,7,2,0,0.224033,0,0.282707,0.202622,0.362405,0.637595,0.324295,0.414938,0.090054,0.054877,0.360629,0.388724,0.342975,0.303297
2023,Kansas St,1,114.42919,100.015726,71.857031,26.741269,32.513485,20,5,0,0,0.672074,0,0.340299,0.199615,0.291228,0.708772,0.369589,0.639618,0.106983,0.038705,0.362554,0.355884,0.336329,0.331777
2023,KCU,15,87.236417,140.006756,76.9,9.603584,-32.946412,0,0,1,0,0.000508,0,0.29703,0.191808,0.244681,0.755319,0.228571,0.542553,0.081274,0.013004,0.412245,0.394461,0.346205,0.298011
2023,Kean,8,88.893111,93.082126,86.825,23.631917,8.831945,0,0,0,0,0.016599,0,0.190476,0.195796,0.366667,0.633333,0.397059,0.44,0.184279,0.034552,0.308824,0.418076,0.344491,0.318367
2023,Kennesaw St,4,111.926821,96.168567,70.301471,13.9054,19.933974,4,16,0,0,0.738433,0,0.367801,0.176969,0.273411,0.726589,0.3628,0.542035,0.113377,0.039745,0.390393,0.396287,0.339159,0.290427
2023,Kent State,2,114.925285,90.867078,70.173529,16.406194,26.691906,8,18,0,0,0.770025,0,0.336261,0.163041,0.304636,0.695364,0.312773,0.450267,0.126996,0.056163,0.387081,0.383548,0.344129,0.320318
2023,Kentucky,1,120.446446,98.186345,67.278906,25.363718,31.287248,16,4,0,0,0.602103,0,0.353553,0.173253,0.348837,0.651163,0.324648,0.556818,0.096148,0.055738,0.300677,0.371873,0.336541,0.328824
2023,Kentucky St,16,69.450937,135.812221,85.5,14.638432,-47.661571,0,0,0,0,0.000006,0,0.264151,0.251462,0.328571,0.671429,0.30303,0.351351,0.05848,0.070175,0.401515,0.370112,0.356848,0.335846
2023,Keystone,14,90.31049,140.865203,75.7,12.700665,-29.099297,0,0,0,0,0.000193,0,0.333333,0.171731,0.272727,0.727273,0.190476,0.375,0.09247,0,0.380952,0.38748,0.350975,0.307609
2023,Knox,14,61.029629,106.281443,71.125,5.653322,-26.146684,0,0,1,0,0.001022,0,0.125,0.295255,0.25,0.75,0.283019,0.285714,0.01406,0.01406,0.45283,0.354511,0.35994,0.277629
2023,LA Christian,11,89.276363,117.797592,77.75,23.564069,-8.235934,0,0,0,0,0.001022,0,0.086957,0.128617,0.411765,0.588235,0.12987,0.357143,0.102894,0.038585,0.298701,0.321857,0.377634,0.370892
2023,La Salle,6,106.839992,98.409947,69.384559,17.735225,14.782301,3,12,0,0,0.423998,0,0.341598,0.180579,0.313693,0.686307,0.28326,0.472769,0.097072,0.046628,0.356406,0.383668,0.334705,0.323215
2023,La Sierra,14,79.493915,128.526594,68.2625,9.478258,-25.321779,0,0,0,0,0.000699,0,0.301887,0.197766,0.294118,0.705882,0.367925,0.448276,0.058597,0,0.5,0.289152,0.322471,0.321002
2023,La Verne,15,73.507965,130.949687,84.125,23.225898,-35.574134,0,0,0,0,0.000011,0,0.333333,0.368499,0.235294,0.764706,0.277778,0.526316,0.035661,0.071322,0.388889,0.384504,0.346683,0.388835
2023,Lady of Lake,11,91.564721,111.19628,77.266667,7.700017,-8.433333,0,0,2,0,0.031937,0,0.307692,0.267472,0.266667,0.733333,0.274286,0.653333,0.103538,0.017256,0.445714,0.3258,0.345544,0.336838
2023,Lafayette,7,101.015055,95.774454,65.044118,14.721482,12.274454,0,8,1,0,0.421898,0,0.327113,0.179064,0.256781,0.743219,0.244551,0.688396,0.088628,0.04567,0.484317,0.375404,0.354648,0.280429
2023,LaGrange,13,79.281604,120.847512,77.45,19.933974,-19.866022,0,0,0,0,0.00027,0,0.235294,0.284054,0.472222,0.527778,0.354839,0.285714,0.103292,0.025823,0.274194,0.390393,0.367801,0.3628
2023,Lamar,9,102.575807,106.008513,68.279032,9.066998,2.286339,0,2,6,0,0.328577,0,0.320144,0.208348,0.32529,0.67471,0.324844,0.537451,0.094016,0.049134,0.314658,0.37,0.342856,0.312511
2023,Lane,11,92.608673,103.882555,85.5,3.94458,-4.855429,0,0,1,0,0.041721,0,0.318182,0.128655,0.25,0.75,0.28169,0.366667,0.175439,0.070175,0.309859,0.332235,0.305785,0.320703
2023,Lebanon Valley,16,72.575511,146.912351,75.175,9.72451,-48.075455,0,0,0,0,0.000013,0,0.178571,0.17293,0.37037,0.62963,0.19697,0.578947,0.066511,0,0.424242,0.377358,0.356061,0.264723
2023,Lees McRae,10,93.355292,104.964946,92.275,9.733625,-4.066366,0,0,0,0,0.019442,0,0.361111,0.227581,0.302326,0.697674,0.1125,0.8125,0.140883,0.07586,0.45,0.392585,0.325,0.393675
2023,Lehigh,7,103.702493,95.714918,69.803333,10.592195,10.992227,0,10,0,0,0.412748,0,0.351027,0.168091,0.200799,0.799201,0.303887,0.492021,0.089299,0.033905,0.343934,0.381774,0.342676,0.274111
2023,LeTourneau,12,63.324657,102.481693,79.9125,23.612672,-17.687353,0,0,0,0,0.000458,0,0.227273,0.294072,0.288136,0.711864,0.230769,0.62963,0.075082,0.050055,0.564103,0.331355,0.383097,0.33737
2023,Lewis & Clark,11,87.794773,109.719943,76.45,19.131472,-4.668552,0,0,0,0,0.003845,0,0.36,0.209287,0.414634,0.585366,0.328358,0.833333,0.065402,0.026161,0.373134,0.459989,0.375148,0.421339
2023,Liberty,2,119.224735,94.009239,65.517647,12.806889,25.934672,4,17,0,0,0.700311,0,0.375262,0.156671,0.245004,0.754996,0.257662,0.605234,0.098312,0.034117,0.495584,0.399962,0.340211,0.293129
2023,Life Pacific,15,72.796599,128.886692,80.2,21.848496,-32.201534,0,0,0,0,0.000073,0,0.247863,0.227556,0.295918,0.704082,0.188976,0.605263,0.112219,0.006234,0.46063,0.345464,0.3483,0.323275
2023,Lincoln (MO),10,85.822165,100.531466,68.15,14.62239,0.822381,0,1,0,0,0.434297,0,0.342105,0.286134,0.360656,0.639344,0.264151,0.55,0.102715,0.029347,0.358491,0.411958,0.304246,0.311623
2023,Lincoln (PA),9,84.070658,100.87703,74.075,28.061676,4.261689,0,0,0,0,0.003845,0,0.416667,0.256497,0.384615,0.615385,0.298246,0.47619,0.148498,0.040499,0.210526,0.328696,0.328042,0.410435
2023,Lindenwood,9,102.031377,101.337417,70.5,9.603327,5.653322,0,6,2,0,0.386046,0,0.35994,0.187943,0.262056,0.737944,0.277629,0.467662,0.089982,0.046543,0.354511,0.387302,0.332892,0.32831
2023,Lindsey Wilson,12,84.123884,120.425579,70.8875,10.61367,-17.186325,0,0,1,0,0.003038,0,0.333333,0.282137,0.314815,0.685185,0.27619,0.52381,0.098748,0.035267,0.285714,0.355292,0.326974,0.304661
2023,Lipscomb,5,112.452928,96.427945,70.563636,11.972722,17.657574,4,10,0,0,0.669464,0,0.355615,0.171348,0.241235,0.758765,0.250126,0.494168,0.076011,0.039509,0.377206,0.416732,0.354149,0.274381
2023,Little Rock,8,105.976825,103.891078,73.748387,10.727992,7.244119,0,6,4,0,0.425004,0,0.326279,0.182836,0.306233,0.693767,0.331411,0.544379,0.091418,0.031493,0.297326,0.373401,0.340266,0.328747
2023,LMU,3,114.692978,97.261728,70.008871,20.294075,22.035991,9,9,0,0,0.489531,0,0.364899,0.182926,0.293119,0.706881,0.310759,0.439904,0.07787,0.039626,0.432551,0.385014,0.356912,0.318691
2023,Long Beach St,4,108.122815,94.333169,74.524242,15.691386,17.879233,6,9,0,0,0.431705,0,0.295547,0.189485,0.319911,0.680089,0.339406,0.520548,0.099622,0.043915,0.236817,0.357956,0.334199,0.320726
2023,Long Island,10,93.648604,105.403862,73.693966,8.875438,-4.034884,0,1,7,0,0.127894,0,0.338095,0.222261,0.273632,0.726368,0.317885,0.583333,0.08984,0.046324,0.249554,0.375414,0.334518,0.293249
2023,Longwood,5,112.660414,94.943185,67.135156,10.547996,17.585505,1,11,0,0,0.513761,0,0.351825,0.176882,0.321332,0.678668,0.33043,0.478941,0.095889,0.032584,0.372891,0.384466,0.340503,0.331125
2023,Loras,12,84.018435,123.280835,68.5,10.647041,-18.152961,0,0,0,0,0.001682,0,0.473684,0.262774,0.423077,0.576923,0.384615,0.5625,0.131387,0.043796,0.365385,0.427324,0.377404,0.329738
2023,Louisiana,3,118.144324,97.848414,69.264394,15.681719,23.564069,9,12,0,0,0.596101,0,0.377634,0.175437,0.304778,0.695222,0.370892,0.514009,0.10325,0.044625,0.321857,0.354748,0.321138,0.296882
2023,Louisiana Tech,4,110.639253,95.510614,69.131818,17.667309,19.576392,1,11,0,0,0.230554,0,0.345209,0.19769,0.313537,0.686463,0.282902,0.477752,0.113968,0.038135,0.421762,0.377166,0.346052,0.319575
2023,Louisville,7,103.464004,104.535438,67.172656,23.657668,11.213927,2,1,0,0,0.138767,0,0.328947,0.222375,0.28516,0.71484,0.328824,0.417598,0.067457,0.04187,0.357647,0.367964,0.346373,0.298958
2023,Lourdes,6,128.724376,132.115502,73.225,24.419544,12.619547,0,0,0,0,0.02655,0,0.541667,0.150222,0.269231,0.730769,0.171875,0.46875,0.081939,0.013657,0.375,0.358354,0.397297,0.353995
2023,Loyola (LA),10,101.130724,122.891493,72.016667,19.166104,-2.967237,0,0,0,0,0.008034,0,0.272727,0.166628,0.236111,0.763889,0.212291,0.4625,0.092571,0.027771,0.368715,0.343811,0.357398,0.338283
2023,Loyola Chicago,6,105.272494,100.149685,68.089516,18.01173,12.605289,2,5,0,0,0.325773,0,0.334347,0.219824,0.242708,0.757292,0.310745,0.56539,0.082908,0.044533,0.401709,0.386321,0.336993,0.326192
2023,Loyola MD,8,104.507781,101.717944,66.902273,11.038478,7.832446,0,9,3,0,0.492885,0,0.356633,0.202013,0.290821,0.709179,0.279517,0.558394,0.111877,0.03533,0.384953,0.37861,0.353494,0.271717
2023,LSU,4,109.573656,97.530962,66.793939,23.879416,19.885475,5,8,0,0,0.235835,0,0.327397,0.18374,0.32526,0.67474,0.337067,0.528646,0.10117,0.039924,0.389333,0.377928,0.333066,0.346607
2023,LSU Alexandria,11,98.643263,117.774647,80.4,11.759714,-7.040297,0,0,0,0,0.008724,0,0.25,0.223881,0.2,0.8,0.413793,0.56,0.062189,0.049751,0.482759,0.393697,0.331072,0.334936
2023,Lynchburg,12,98.867286,133.223476,77.125,15.749549,-16.050444,0,0,0,0,0.001022,0,0.241379,0.155592,0.37037,0.62963,0.220588,0.5,0.06483,0.025932,0.426471,0.441578,0.34937,0.35306
2023,Lynn,10,77.894637,106.230046,68.975,32.010877,0.210873,0,0,0,0,0.001022,0,0.15,0.231968,0.321429,0.678571,0.403846,0.2,0.14498,0.014498,0.384615,0.439036,0.371781,0.293019
2023,Lyon,12,74.988556,108.535237,73.2875,11.528913,-15.771091,0,0,0,0,0.003514,0,0.342105,0.3343,0.169811,0.830189,0.41573,0.516129,0.034112,0.02729,0.426966,0.363276,0.339056,0.355851
2023,M Hrdn-Blr,2,105.840659,85.641214,71.025,16.788165,25.988156,0,1,0,0,0.905871,0,0.428571,0.183034,0.166667,0.833333,0.345455,0.347826,0.140795,0.084477,0.381818,0.26121,0.307385,0.328467
2023,MA Col LA,16,70.845567,133.393354,77.85,11.572709,-40.227267,0,0,0,0,0.000037,0,0.25,0.244059,0.26087,0.73913,0.096774,0.238095,0.102762,0.038536,0.322581,0.421279,0.332847,0.292128
2023,Maine,7,104.631407,98.744286,67.936667,11.003624,10.303651,2,5,2,0,0.462001,0,0.332773,0.182032,0.251082,0.748918,0.231444,0.529337,0.139345,0.03042,0.34775,0.373407,0.337062,0.291591
2023,Maine-Augusta,13,86.194876,123.358283,81.125,10.303651,-22.496317,0,0,0,0,0.000865,0,0.277778,0.197227,0.16129,0.83871,0.238095,0.461538,0.086287,0.049307,0.285714,0.34775,0.332773,0.231444
2023,Manchester,16,44.991339,139.125355,77.125,13.705284,-63.09472,0,0,0,0,0.000001,0,0.125,0.272285,0.15,0.85,0.288462,0.333333,0.06483,0.012966,0.461538,0.467471,0.345679,0.285939
2023,Manhattan,8,102.05975,98.231371,68.7,12.123302,8.816666,0,11,2,0,0.466241,0,0.332792,0.196992,0.287815,0.712185,0.309156,0.504775,0.110141,0.050946,0.366231,0.356365,0.331352,0.300343
2023,Marist,7,102.09163,96.768992,65.692424,13.600494,10.649011,0,12,0,0,0.501903,0,0.328145,0.180824,0.259522,0.740478,0.28917,0.479195,0.089951,0.0572,0.423859,0.356048,0.336246,0.297314
2023,Marquette,1,122.431672,96.826535,70.397794,25.358018,33.969139,23,5,0,0,0.815175,0,0.347977,0.152495,0.27952,0.72048,0.270571,0.593843,0.133694,0.044704,0.418683,0.363602,0.346555,0.308059
2023,Mars Hill,11,82.062807,111.24061,72.425,13.546972,-11.25302,0,0,0,0,0.003261,0,0.192308,0.234726,0.384615,0.615385,0.046875,0.5,0.124266,0.013807,0.40625,0.348953,0.320695,0.300992
2023,Marshall,2,116.409021,91.152544,73.728125,15.796214,25.964964,10,12,0,0,0.68881,0,0.338028,0.157674,0.315916,0.684084,0.258491,0.568966,0.12207,0.071631,0.368396,0.368985,0.337702,0.316995
2023,Mary Baldwin,15,92.176432,154.41855,69.75,17.585505,-31.214485,0,0,0,0,0.00006,0,0.344828,0.286738,0.470588,0.529412,0.188679,0.409091,0.086022,0.014337,0.54717,0.372891,0.351825,0.33043
2023,Maryland,1,117.346436,94.784325,64.911364,25.562487,31.242496,12,9,0,0,0.515264,0,0.330409,0.161992,0.290844,0.709156,0.337897,0.463415,0.08263,0.056487,0.374589,0.368461,0.342899,0.300343
2023,Maryville TN,10,75.672472,95.013984,67.375,21.136828,1.336822,0,0,0,0,0.007413,0,0.285714,0.282004,0.192308,0.807692,0.098039,0.444444,0.19295,0.014842,0.411765,0.356237,0.338279,0.286998
2023,Masters U,13,82.113627,123.014578,77.025,19.466857,-19.333177,0,0,0,0,0.000319,0,0.214286,0.272639,0.387097,0.612903,0.322034,0.52381,0.051931,0.064914,0.474576,0.415649,0.380507,0.436737
2023,MCDANIEL,11,64.592445,91.832136,62.65,11.251474,-7.548499,0,0,0,0,0.008724,0,0.210526,0.19154,0.236842,0.763158,0.264151,0.285714,0.079808,0.047885,0.358491,0.342134,0.353698,0.254675
2023,McMurry,15,63.926639,125.646821,79.125,16.54508,-38.254951,0,0,0,0,0.000022,0,0.272727,0.341232,0.2,0.8,0.306122,0.466667,0.113744,0.025276,0.44898,0.340556,0.344209,0.318333
2023,McNeese,9,104.826423,105.461295,68.771324,12.106574,6.12421,0,5,5,0,0.548864,0,0.325347,0.212554,0.351713,0.648287,0.286791,0.448718,0.105208,0.026088,0.398292,0.369665,0.345325,0.317424
2023,MD Eastern,7,100.499678,90.032465,71.379032,7.980584,11.774148,1,6,0,0,0.52493,0,0.318056,0.205175,0.308704,0.691296,0.292494,0.537371,0.155915,0.026664,0.397351,0.366152,0.334691,0.313676
2023,ME Fort Kent,16,54.267447,125.327125,74.6125,5.706813,-47.093179,0,0,1,0,0.000099,0,0.288889,0.26135,0.22,0.78,0.094828,0.5,0.073714,0.033506,0.387931,0.368722,0.348893,0.308153
2023,Medgar Evers,12,81.740727,107.514462,81.9,3.298989,-16.500981,0,0,1,0,0.007413,0,0.266667,0.25641,0.227273,0.772727,0.057971,0.433333,0.02442,0.04884,0.217391,0.339212,0.353553,0.308054
2023,Memphis,1,117.25851,92.309419,73.330147,24.124633,31.450348,19,6,0,0,0.680471,0,0.356048,0.184099,0.287705,0.712295,0.358685,0.546476,0.118321,0.062168,0.288027,0.380779,0.336031,0.322601
2023,Menlo,6,80.768576,81.3174,70.95,25.391341,15.591316,0,0,0,0,0.035974,0,0.285714,0.112755,0.166667,0.833333,0.029412,0.409091,0.112755,0.056378,0.308824,0.367461,0.369655,0.301064
2023,Mercer,6,108.570767,96.643198,66.139394,13.308577,15.035858,1,9,0,0,0.359632,0,0.334471,0.176395,0.298951,0.701049,0.28435,0.495887,0.084761,0.03253,0.310875,0.408414,0.339347,0.319948
2023,Merch Marn,12,88.702439,125.636068,67.65,12.700665,-15.099297,0,0,0,0,0.001985,0,0.344828,0.192166,0.15,0.85,0.28,0.666667,0.088692,0.014782,0.58,0.38748,0.350975,0.307609
2023,Mercy,14,82.172738,122.163466,84.175,10.756171,-26.043801,0,0,0,0,0.000445,0,0.391304,0.27324,0.230769,0.769231,0.213115,0.5,0.14256,0.0594,0.377049,0.372714,0.345912,0.269573
2023,Merrimack,8,96.250017,90.060727,67.044853,8.277816,8.542545,0,6,0,0,0.93792,0,0.326823,0.210131,0.235113,0.764887,0.343266,0.586066,0.166701,0.060978,0.440115,0.368411,0.331133,0.276744
2023,Methodist,16,67.384276,144.921336,73.95,10.936624,-48.863375,0,0,0,0,0.00001,0,0.263158,0.229885,0.227273,0.772727,0.032787,0.4,0.094659,0.040568,0.311475,0.375,0.316312,0.283511
2023,Miami,1,123.327946,111.875744,69.115625,24.111275,30.727503,22,4,0,0,0.66733,0,0.367625,0.164127,0.299277,0.700723,0.29979,0.515642,0.106253,0.047475,0.346436,0.377378,0.346673,0.301899
2023,Miami Hamilton,12,83.60388,120.737437,66.8,12.178752,-15.12124,0,0,0,0,0.005352,0,0.4,0.284431,0.204545,0.795455,0.164948,0.631579,0.112275,0.007485,0.463918,0.431995,0.336272,0.285105
2023,Miami Mid'town,16,62.462977,141.971853,92.45,17.761019,-64.038979,0,0,0,0,0,0,0.052632,0.378583,0.4,0.6,0.372881,0.2,0.075717,0.010817,0.322034,0.381017,0.337306,0.244323
2023,Miami OH,7,109.621598,102.472507,69.86875,12.002055,10.527056,1,8,1,0,0.49417,0,0.339674,0.195008,0.280822,0.719178,0.312603,0.53012,0.087217,0.042043,0.405063,0.372318,0.338397,0.305129
2023,Michigan,2,115.209925,98.359397,68.859375,25.887476,29.058069,12,6,0,0,0.452717,0,0.345557,0.1484,0.243382,0.756618,0.307529,0.462633,0.069889,0.068527,0.375928,0.371294,0.344139,0.301527
2023,Michigan St,1,116.00218,102.661757,66.179032,28.249404,30.967054,17,4,0,0,0.601112,0,0.39523,0.164266,0.249548,0.750452,0.258319,0.576441,0.069216,0.043869,0.331077,0.372539,0.344111,0.30751
2023,Mid Am Chr,9,77.83784,90.526043,73.65,16.788165,1.988156,0,0,0,0,0.016599,0,0.111111,0.257977,0.185185,0.814815,0.264151,0.55,0.095044,0.027155,0.169811,0.26121,0.307385,0.328467
2023,Mid Atl Chrstn,15,70.726013,138.536027,72.158333,17.29548,-37.171173,0,0,0,0,0.000213,0,0.192982,0.26331,0.287879,0.712121,0.257862,0.54,0.064673,0.009239,0.358491,0.410232,0.36732,0.301754
2023,Mid Luthrn,13,98.838517,135.43769,75.125,8.56643,-20.23359,0,0,0,0,0.001682,0,0.25,0.199667,0.172414,0.827586,0.258621,0.392857,0.093178,0,0.413793,0.299169,0.338889,0.296399
2023,Middle GA St.,12,84.82636,120.409242,71.625,12.991793,-15.808201,0,0,0,0,0.002577,0,0.297297,0.209424,0.327273,0.672727,0.25641,0.439024,0.104712,0.027923,0.316239,0.310832,0.314718,0.304556
2023,Milligan,14,90.366535,131.68145,79.7125,10.872732,-24.92726,0,0,1,0,0.003169,0,0.326087,0.275992,0.295082,0.704918,0.380531,0.489362,0.056453,0.012545,0.40708,0.348175,0.328105,0.280443
2023,Milwaukee,6,110.623052,103.881261,73.264844,10.545133,14.103953,2,14,1,0,0.551274,0,0.352132,0.206869,0.304556,0.695444,0.331095,0.508418,0.095544,0.07635,0.375517,0.37792,0.33037,0.289786
2023,Minnesota,5,104.031596,98.832249,66.006452,25.091042,16.207175,4,3,0,0,0.210343,0,0.324873,0.195973,0.25762,0.74238,0.307692,0.630556,0.069886,0.0606,0.355168,0.380094,0.334394,0.306164
2023,Misericordia,14,77.195367,118.821073,79.075,10.992227,-24.807736,0,0,0,0,0.000525,0,0.275862,0.227632,0.176471,0.823529,0.288136,0.55,0.037939,0.037939,0.491525,0.343934,0.351027,0.303887
2023,Miss College,9,93.070818,103.395613,70.75,19.576392,5.776382,0,0,0,0,0.019442,0,0.333333,0.310954,0.30303,0.69697,0.185185,0.478261,0.070671,0.028269,0.333333,0.421762,0.345209,0.282902
2023,Miss for Women,15,58.073075,108.896072,82.65,20.732509,-30.067494,0,0,0,0,0.000043,0,0.133333,0.362976,0.1875,0.8125,0.269231,0.533333,0.096794,0.024198,0.288462,0.410283,0.319549,0.324936
2023,Miss Valley St,10,94.431351,104.467723,68.266406,14.370756,1.651997,0,3,4,0,0.31768,0,0.349138,0.235749,0.308219,0.691781,0.380131,0.469985,0.111237,0.029755,0.276026,0.356115,0.328403,0.330172
2023,Mississippi St,2,108.262138,86.70757,66.024242,24.104416,28.275001,11,8,0,0,0.50473,0,0.266254,0.192767,0.340597,0.659403,0.345969,0.590909,0.134019,0.051863,0.344901,0.381754,0.335369,0.326493
2023,Missouri,2,121.141528,103.296785,70.573485,24.327023,28.01845,17,5,0,0,0.565193,0,0.36056,0.16016,0.298701,0.701299,0.294742,0.569444,0.146419,0.038215,0.433266,0.374892,0.330457,0.341059
2023,Missouri S&T,12,74.929097,112.434738,68.85,19.042154,-12.757847,0,0,0,0,0.001022,0,0.263158,0.188816,0.391304,0.608696,0.096774,0.578947,0.072622,0.087146,0.306452,0.431869,0.33116,0.269707
2023,Missouri St,4,109.02817,93.526508,63.547656,16.735905,19.042154,6,8,0,0,0.586313,0,0.33116,0.19326,0.322954,0.677046,0.269707,0.484456,0.09786,0.068846,0.431869,0.39604,0.339844,0.302754
2023,Mobile,13,83.304454,128.04451,73.575,22.489206,-18.810798,0,0,0,0,0.000346,0,0.3,0.251444,0.349206,0.650794,0.293103,0.375,0.074754,0.040775,0.258621,0.370866,0.335484,0.273154
2023,Monmouth,9,95.723481,103.380947,68.518939,16.228024,3.682589,0,6,2,0,0.401331,0,0.287554,0.20963,0.333333,0.666667,0.331358,0.529491,0.122948,0.036707,0.251078,0.381691,0.339422,0.307065
2023,Monstnor,8,82.681554,87.722034,66.9,18.423913,9.623883,0,0,0,0,0.041721,0,0.259259,0.209268,0.25,0.75,0.067797,0.75,0.119581,0.044843,0.457627,0.397576,0.371951,0.291515
2023,Montana,4,113.506949,99.919214,64.402419,17.049746,18.423913,0,17,0,0,0.734423,0,0.371951,0.173806,0.2431,0.7569,0.291515,0.496063,0.073129,0.037065,0.397576,0.387227,0.344268,0.310087
2023,Montana St,3,113.995183,96.013126,68.134559,14.526855,21.738254,5,18,0,0,0.734627,0,0.338164,0.172237,0.251332,0.748668,0.437431,0.496487,0.095399,0.043599,0.340834,0.389782,0.345198,0.314506
2023,Montevallo,9,98.755183,111.555503,73.225,20.732509,3.932506,0,0,0,0,0.012056,0,0.222222,0.232161,0.15,0.85,0.2,0.518519,0.081939,0.027313,0.490909,0.410283,0.319549,0.324936
2023,Montreat,11,96.851306,124.807758,73.9875,16.056226,-9.743763,0,0,0,0,0.011529,0,0.346939,0.195979,0.254545,0.745455,0.170732,0.481481,0.047305,0.027032,0.398374,0.37194,0.345074,0.315035
2023,Morehead St,7,107.712762,102.65899,67.039063,8.484928,11.755516,1,13,0,0,0.66829,0,0.355422,0.181331,0.271454,0.728546,0.356537,0.567394,0.086237,0.058734,0.375778,0.369833,0.334546,0.31521
2023,Morehouse,10,89.255275,96.685028,76.6375,16.414983,1.915003,0,0,0,0,0.056162,0,0.425,0.260969,0.373333,0.626667,0.415254,0.357143,0.104388,0.026097,0.338983,0.370224,0.342728,0.32445
2023,Morgan St,8,102.473683,94.395387,74.8,6.550158,9.47275,1,4,3,0,0.387718,0,0.368515,0.215629,0.337058,0.662942,0.297227,0.555041,0.130671,0.059514,0.292517,0.369889,0.334802,0.317133
2023,Morris,15,80.325823,125.617101,84.975,7.588344,-32.211648,0,0,0,0,0.00027,0,0.25,0.070609,0.1875,0.8125,0.28,0.333333,0.105914,0.023536,0.48,0.393057,0.324786,0.287794
2023,Mount Marty,12,85.163043,123.802717,70.825,13.379963,-17.420057,0,0,0,0,0.001645,0,0.283333,0.190611,0.15,0.85,0.12069,0.522727,0.028239,0.035298,0.517241,0.39562,0.370473,0.275889
2023,Mount Olive,14,72.241046,125.4456,71.325,18.129992,-25.669991,0,0,0,0,0.000139,0,0.225806,0.252366,0.435897,0.564103,0.104478,0.388889,0.028041,0.028041,0.462687,0.340611,0.334936,0.380459
2023,Mount St Marys,7,101.392925,96.457919,66.058333,14.324178,11.251474,0,12,1,0,0.548519,0,0.353698,0.206429,0.277477,0.722523,0.254675,0.531777,0.083489,0.037616,0.342134,0.362357,0.336145,0.304853
2023,MSOE,15,73.644375,147.416118,66.95,14.103953,-38.69605,0,0,0,0,0.000031,0,0.3,0.268857,0.35,0.65,0.036364,0.7,0.04481,0,0.363636,0.375517,0.352132,0.331095
2023,Mt Saint Mary,15,77.345123,126.73651,73.5,3.298989,-31.500981,0,0,1,0,0.000621,0,0.307692,0.312925,0.387097,0.612903,0.377358,0.444444,0.068027,0.027211,0.245283,0.339212,0.353553,0.308054
2023,Mt St Jsph,11,94.920438,139.062849,53.85,16.525565,-10.274438,0,0,0,0,0.002342,0,0.375,0.241411,0.346154,0.653846,0.12766,0.6875,0.03714,0,0.680851,0.27549,0.309609,0.293627
2023,MTSU,3,110.680148,94.052235,67.331061,18.8035,21.136828,10,7,0,0,0.496628,0,0.338279,0.197576,0.330631,0.669369,0.286998,0.416569,0.112065,0.07156,0.356237,0.388781,0.347937,0.307232
2023,Mtvincent,16,60.388501,130.979849,74.725,2.390891,-48.409078,0,0,1,0,0.000076,0,0.212766,0.260957,0.315789,0.684211,0.186441,0.484848,0.073603,0,0.398305,0.307893,0.335444,0.31352
2023,Multnomah,10,110.609202,124.839664,76.025,19.131472,1.331448,0,0,0,0,0.010259,0,0.518519,0.157843,0.15,0.85,0.327586,0.72,0.092075,0,0.465517,0.459989,0.375148,0.421339
2023,Murray St,6,109.843668,100.994203,67.572656,16.011483,14.517735,5,8,0,0,0.456851,0,0.332209,0.1614,0.269856,0.730144,0.332785,0.485714,0.080469,0.038385,0.32511,0.394145,0.340487,0.29473
2023,Muskingum,13,58.343938,114.63731,65.325,22.363686,-21.436314,0,0,0,0,0.000139,0,0.206897,0.260237,0.241379,0.758621,0.134615,0.461538,0.091848,0.045924,0.557692,0.445205,0.35503,0.338778
2023,N American,13,72.421868,116.745208,76.3875,14.916131,-23.717219,0,0,0,0,0.00107,0,0.281553,0.296733,0.279503,0.720497,0.266871,0.45045,0.102547,0.03491,0.315951,0.324708,0.337513,0.349355
2023,N Arizona,5,112.391942,102.265581,69.16,16.472816,15.684213,4,6,0,0,0.602345,0,0.361963,0.15616,0.297729,0.702271,0.271314,0.52043,0.076427,0.021895,0.383891,0.375279,0.340861,0.328672
2023,N Central,15,80.315883,137.791812,73.5875,13.987044,-32.312978,0,0,0,0,0.000094,0,0.282609,0.237812,0.26,0.74,0.109244,0.444444,0.115509,0.020384,0.386555,0.445828,0.351063,0.288774
2023,N Colorado,6,111.257016,104.369796,70.071875,17.802648,14.096368,1,11,1,0,0.51711,0,0.357625,0.169915,0.24507,0.75493,0.319045,0.439467,0.065558,0.024082,0.402062,0.382763,0.342956,0.323938
2023,N Dakota St,6,110.253048,100.455107,69.290152,14.621822,14.512711,1,13,0,0,0.66428,0,0.336054,0.16575,0.235889,0.764111,0.31355,0.427252,0.056854,0.042859,0.386029,0.384221,0.344081,0.308851
2023,N Greenville,10,90.847305,110.277709,72.591667,22.097143,-0.036179,0,0,0,0,0.017291,0,0.370968,0.220411,0.282051,0.717949,0.162921,0.594203,0.110205,0.032143,0.348315,0.443551,0.33703,0.319077
2023,N Illinois,6,106.44371,99.744116,71.309375,15.643482,13.112232,2,8,1,0,0.423463,0,0.348083,0.20071,0.263208,0.736792,0.332599,0.480287,0.090714,0.032429,0.373348,0.379209,0.342558,0.326851
2023,N Kentucky,5,110.290249,96.316249,64.686765,13.727249,17.498674,4,12,0,0,0.672187,0,0.350126,0.176416,0.340888,0.659112,0.283195,0.554087,0.145498,0.040012,0.411826,0.375934,0.341787,0.288425
2023,N'Western St,6,112.303212,100.317433,68.994697,11.789301,14.752924,3,8,2,0,0.668777,0,0.361039,0.172609,0.359066,0.640934,0.270257,0.461111,0.119904,0.034697,0.380435,0.361468,0.350549,0.327692
2023,Navy,5,110.600138,95.076336,65.323387,12.370984,16.958108,3,13,3,0,0.714089,0,0.370943,0.175306,0.290262,0.709738,0.235261,0.568069,0.106172,0.041975,0.363279,0.385559,0.350921,0.284947
2023,NC A&T,8,102.783972,99.34392,71.520313,11.031502,8.069015,2,6,2,0,0.303131,0,0.332484,0.168221,0.264085,0.735915,0.297255,0.465261,0.104865,0.04282,0.406525,0.358921,0.322686,0.313935
2023,NC Central,5,108.045912,89.382174,71.671667,7.328283,17.028295,0,7,0,0,0.76658,0,0.359935,0.213473,0.305685,0.694315,0.341969,0.53865,0.111155,0.045113,0.353483,0.364533,0.330667,0.309211
2023,NC State,2,119.711856,96.256277,69.987879,22.869147,29.122099,15,6,0,0,0.425042,0,0.349246,0.135954,0.311001,0.688999,0.253188,0.449896,0.11344,0.065379,0.376004,0.38517,0.344647,0.305967
2023,ND Ohio,3,101.274664,84.401729,75.4,16.525565,23.725562,0,1,0,0,0.881265,0,0.35,0.238727,0.25,0.75,0.436364,0.416667,0.05305,0.039788,0.363636,0.27549,0.309609,0.293627
2023,Nebraska,3,109.273871,93.86696,67.85625,26.023084,23.91684,9,6,0,0,0.574034,0,0.325723,0.186976,0.238914,0.761086,0.281564,0.510379,0.081514,0.036382,0.367039,0.366953,0.342164,0.302677
2023,Nelson,12,78.87124,118.374997,78.075,27.734215,-15.065815,0,0,0,0,0.000164,0,0.25,0.256164,0.285714,0.714286,0.283333,0.428571,0.089657,0.025616,0.333333,0.338144,0.329268,0.365464
2023,Neumann,13,72.959783,107.511597,74.25,8.360323,-18.439644,0,0,0,0,0.002342,0,0.25,0.228956,0.206897,0.793103,0.612245,0.142857,0.06734,0.040404,0.244898,0.358328,0.310463,0.247695
2023,Nevada,2,115.472227,95.570264,67.551563,22.747886,27.372107,17,4,0,0,0.503184,0,0.34551,0.151736,0.221808,0.778192,0.398393,0.587855,0.089746,0.046261,0.377153,0.395079,0.346641,0.320252
2023,New England,16,37.318249,119.398169,67,8.542545,-47.257428,0,0,0,0,0.000019,0,0.055556,0.283582,0.4,0.6,0,0.181818,0.104478,0.014925,0.310345,0.440115,0.326823,0.343266
2023,New Hampshire,7,104.239018,97.596307,66.11,10.858158,10.224855,3,5,1,0,0.47719,0,0.342069,0.14975,0.285178,0.714822,0.290452,0.502874,0.081178,0.03832,0.414523,0.369907,0.333056,0.29471
2023,New Mexico,2,119.613475,97.71656,72.575,22.035758,27.776915,15,6,0,0,0.337285,0,0.355932,0.155743,0.264321,0.735679,0.395643,0.473298,0.092277,0.053863,0.268997,0.395659,0.349629,0.321375
2023,New Mexico St,5,108.952595,95.482377,71.355208,16.156664,17.389974,3,3,0,0,0.285364,0,0.338951,0.1781,0.288732,0.711268,0.335905,0.461173,0.102772,0.032116,0.374474,0.375021,0.333398,0.330599
2023,New Orleans,9,103.709039,104.475748,73.192188,10.859529,4.634515,0,4,4,0,0.581222,0,0.377649,0.233119,0.3,0.7,0.377591,0.559424,0.091796,0.029887,0.290756,0.366168,0.344086,0.313863
2023,Niagara,6,106.342046,98.452466,63.950806,13.288508,12.488536,0,14,1,0,0.40328,0,0.34386,0.1826,0.265393,0.734607,0.292935,0.460598,0.083229,0.035814,0.347138,0.355126,0.336313,0.296597
2023,Nicholls,7,107.143037,97.190778,72.572581,8.439094,11.581014,0,5,4,0,0.596033,0,0.340974,0.186687,0.332093,0.667907,0.273902,0.488662,0.134237,0.041338,0.360724,0.37622,0.339603,0.320147
2023,NJIT,9,102.71232,102.800727,67.96,12.065751,6.692444,0,5,1,0,0.163911,0,0.348754,0.163822,0.255632,0.744368,0.28143,0.451613,0.078478,0.041691,0.324106,0.372014,0.335089,0.288389
2023,NM Highlands,14,69.327597,116.747197,82.225,17.389974,-28.410055,0,0,0,0,0.000099,0,0.2,0.170265,0.208333,0.791667,0.161765,0.75,0.085132,0,0.441176,0.374474,0.338951,0.335905
2023,Norfolk St,5,113.586673,97.216725,68.49697,8.407254,15.783023,0,9,1,0,0.613041,0,0.338855,0.192001,0.305485,0.694515,0.37972,0.484018,0.103522,0.053973,0.358145,0.363201,0.33604,0.323473
2023,North Alabama,7,110.81875,105.638811,69.990625,10.97182,11.27485,2,8,1,0,0.474293,0,0.37234,0.159396,0.246812,0.753188,0.303932,0.426606,0.083493,0.042863,0.349628,0.385086,0.340003,0.282996
2023,North Carolina,1,116.395288,91.571636,70.72803,24.812455,29.697313,16,4,0,0,0.514067,0,0.311585,0.152098,0.282975,0.717025,0.370055,0.45843,0.075835,0.054841,0.376064,0.378526,0.348575,0.307705
2023,North Dakota,7,109.642326,102.7611,68.737121,13.483112,11.628546,2,8,0,0,0.586747,0,0.35023,0.166202,0.276113,0.723887,0.270951,0.459207,0.064365,0.038795,0.446272,0.379155,0.339912,0.312283
2023,North Florida,6,113.353983,105.484585,70.283065,13.995837,13.053903,2,6,2,0,0.609711,0,0.366629,0.173492,0.263456,0.736544,0.276931,0.483871,0.070682,0.055077,0.479325,0.390908,0.348588,0.287469
2023,North Park,12,92.013094,122.223257,72.35,14.103953,-11.69605,0,0,0,0,0.002764,0,0.25,0.221147,0.363636,0.636364,0.464286,0.52381,0.069109,0.027643,0.428571,0.375517,0.352132,0.331095
2023,North Texas,2,114.039801,100.223353,59.965909,19.882165,28.340049,17,13,0,0,0.77837,0,0.350515,0.198092,0.323132,0.676868,0.323059,0.498641,0.105616,0.049018,0.40249,0.371707,0.339895,0.317616
2023,Northeastern,8,101.71292,100.733285,67.655833,14.842869,8.796222,1,6,0,0,0.241872,0,0.332283,0.212842,0.306198,0.693802,0.277582,0.529494,0.073411,0.060601,0.372653,0.380556,0.333426,0.304812
2023,Northern Iowa,6,107.918167,96.538645,68.504688,15.865455,15.552956,3,9,2,0,0.22939,0,0.340486,0.175627,0.232381,0.767619,0.309843,0.459259,0.093059,0.020528,0.39094,0.401132,0.339948,0.298567
2023,Northern NM,13,72.296644,110.983099,77.75,17.310577,-18.989442,0,0,0,0,0.000526,0,0.232558,0.282958,0.305085,0.694915,0.166667,0.435897,0.115756,0.038585,0.358333,0.338419,0.316589,0.364743
2023,Northwestern,1,112.03352,92.415469,65.710156,25.919676,30.231445,14,8,0,0,0.515872,0,0.320681,0.148379,0.295393,0.704607,0.296875,0.549801,0.121271,0.063251,0.411638,0.374943,0.344998,0.296909
2023,Notre Dame,4,113.562506,101.998385,65.729687,21.953681,18.553692,5,6,0,0,0.17727,0,0.358323,0.133596,0.211268,0.788732,0.232787,0.467901,0.071315,0.041363,0.430055,0.370882,0.347329,0.299267
2023,NW Indian,16,73.936335,158.54018,80.725,17.762031,-57.371338,0,0,0,0,0.000001,0,0.235294,0.227108,0.269841,0.730159,0.296089,0.339623,0.05368,0.033034,0.379888,0.381644,0.346148,0.368544
2023,NW Ohio,15,82.264192,138.300193,77.075,16.329645,-32.470361,0,0,0,0,0.00006,0,0.333333,0.259488,0.448276,0.551724,0.274194,0.421053,0.090821,0.025949,0.435484,0.27636,0.357143,0.241695
2023,Oakland,7,109.237175,103.61673,70.309375,14.061222,11.192467,0,8,0,0,0.408199,0,0.308101,0.150673,0.274309,0.725691,0.319239,0.466586,0.106227,0.037335,0.397992,0.370752,0.340136,0.291316
2023,Oakland City,13,80.578075,134.899922,65.9,17.779975,-23.020016,0,0,0,0,0.000229,0,0.142857,0.151745,0.464286,0.535714,0.059701,0.545455,0.091047,0.015175,0.208955,0.51763,0.376537,0.312929
2023,Oakwood,16,69.583263,135.049942,77.7,11.27485,-42.525151,0,0,0,0,0.000026,0,0.176471,0.32175,0.5,0.466667,0.190476,0.25,0.11583,0,0.269841,0.349628,0.37234,0.303932
2023,Occidental,14,74.01313,129.575471,71.058333,21.146261,-25.653769,0,0,0,0,0.000496,0,0.254237,0.220476,0.217949,0.782051,0.073446,0.644068,0.112584,0.018764,0.333333,0.38095,0.347836,0.289357
2023,Oglethorpe,11,96.401438,120.488559,80.225,15.449597,-9.350406,0,0,0,0,0.003261,0,0.37931,0.249299,0.15,0.85,0.189655,0.678571,0.087255,0,0.5,0.34216,0.314112,0.279855
2023,Ohio,3,118.029721,99.519542,69.855303,14.730591,20.457864,4,12,0,0,0.692484,0,0.372946,0.160505,0.322034,0.677966,0.276781,0.435979,0.095869,0.031667,0.383422,0.373853,0.34254,0.321415
2023,Ohio Dom,13,94.473817,138.766406,71.6,10.547699,-23.2523,0,0,0,0,0.000733,0,0.222222,0.111732,0.354839,0.645161,0.238806,0.565217,0.083799,0,0.537313,0.353954,0.340426,0.334588
2023,Ohio State,1,118.896947,94.931519,66.167857,26.587257,29.672977,10,4,0,0,0.492977,0,0.367692,0.161926,0.294352,0.705648,0.265595,0.432489,0.078156,0.056998,0.316764,0.367022,0.342665,0.304705
2023,Okla Bapt,4,112.928968,108.025701,83.275,27.590506,18.790486,0,0,0,0,0.041721,0,0.409091,0.192134,0.314286,0.685714,0.121622,0.457143,0.108076,0.060042,0.297297,0.458948,0.368844,0.249077
2023,Oklahoma,2,110.816611,90.704346,67.083594,28.465614,27.99061,12,1,0,0,0.324467,0,0.351097,0.199378,0.221163,0.778837,0.300527,0.533248,0.085248,0.045186,0.373755,0.370867,0.333138,0.33167
2023,Oklahoma St,1,109.770961,95.442499,68.354545,27.499041,29.499035,15,5,0,0,0.398774,0,0.311475,0.207474,0.299012,0.700988,0.329032,0.515567,0.083344,0.071375,0.393548,0.372825,0.342254,0.31951
2023,Old Dominion,4,107.88344,94.337312,65.801613,17.880915,18.04221,7,12,0,0,0.636681,0,0.313576,0.170601,0.319149,0.680851,0.367045,0.446259,0.096576,0.057357,0.297159,0.368361,0.327165,0.313691
2023,Old Westbury,14,70.835483,121.547971,76.15,16.663429,-27.636544,0,0,0,0,0.000128,0,0.236364,0.183848,0.230769,0.769231,0.222222,0.485714,0.059094,0.026264,0.436508,0.376282,0.330174,0.248354
2023,Ole Miss,3,109.497942,94.587388,66.906061,24.665333,22.507757,6,6,0,0,0.330719,0,0.302534,0.182526,0.335593,0.664407,0.291774,0.529412,0.106436,0.055709,0.347129,0.382904,0.331243,0.331251
2023,Omaha,8,105.179584,105.263004,68.753906,15.853947,8.56643,0,8,0,0,0.244357,0,0.338889,0.181808,0.249759,0.750241,0.296399,0.476788,0.078177,0.041816,0.299169,0.382204,0.336539,0.314723
2023,Oral Roberts,2,122.375592,95.515913,71.838235,14.624809,27.590506,4,23,0,0,0.836487,0,0.368844,0.131013,0.240446,0.759554,0.249077,0.485082,0.095803,0.074923,0.458948,0.383533,0.346164,0.28463
2023,Oregon,1,115.967812,99.773829,66.268939,26.6618,30.017338,16,4,0,0,0.604383,0,0.318741,0.183367,0.298776,0.701224,0.312166,0.516627,0.08551,0.072249,0.390075,0.370105,0.345401,0.312082
2023,Oregon St,5,102.097475,94.809506,65.116406,23.094714,16.713445,4,4,0,0,0.210738,0,0.317355,0.205881,0.25502,0.74498,0.334548,0.482249,0.082544,0.047031,0.367335,0.362548,0.332733,0.323985
2023,Ottawa (AZ),12,77.727435,110.657834,70.6,15.684213,-12.115825,0,0,0,0,0.001985,0,0.125,0.1983,0.228571,0.771429,0.280702,0.411765,0.070822,0.014164,0.421053,0.383891,0.361963,0.271314
2023,Ouachita Bapt,8,96.194313,100.592835,74.7,14.752924,6.952909,0,0,0,0,0.048245,0,0.428571,0.361446,0.3,0.7,0.222222,0.666667,0.093708,0.053548,0.388889,0.380435,0.361039,0.270257
2023,Ozark Chrstn,12,91.313837,129.640831,83.275,27.590506,-17.209514,0,0,0,0,0.000117,0,0.342105,0.276193,0.258065,0.741935,0.140625,0.615385,0.060042,0.012008,0.59375,0.458948,0.368844,0.249077
2023,Pacif. Lutheran,12,77.898229,112.068326,74.75,19.986341,-12.813689,0,0,0,0,0.000865,0,0.375,0.267559,0.15,0.85,0.188679,0.666667,0.093645,0.013378,0.301887,0.445469,0.316092,0.325141
2023,Pacific,5,113.038698,102.191367,71.340152,19.319101,17.119076,6,7,0,0,0.400635,0,0.390276,0.165235,0.254335,0.745665,0.339062,0.482719,0.076034,0.036105,0.396354,0.38729,0.356998,0.317731
2023,Paine,11,87.339823,115.865087,73.325,15.749549,-10.050444,0,0,0,0,0.002764,0,0.318182,0.163655,0.25,0.75,0.109375,0.375,0.109103,0.040914,0.34375,0.441578,0.34937,0.35306
2023,Park U Gilbert,16,56.03664,131.798217,79.325,23.235567,-46.564464,0,0,0,0,0.000002,0,0.173913,0.252127,0.3125,0.6875,0.106061,0.333333,0.088245,0.037819,0.348485,0.419355,0.383394,0.366103
2023,Paul Quinn,13,76.518521,126.422656,68,23.946474,-18.186867,0,0,0,0,0.000874,0,0.25,0.240196,0.305556,0.694444,0.253165,0.470588,0.102941,0.009804,0.379747,0.339992,0.362895,0.329467
2023,Penn,4,114.480762,98.396142,69.038333,16.839273,19.805964,6,6,0,0,0.768032,0,0.359882,0.184439,0.269504,0.730496,0.293882,0.546798,0.080149,0.046351,0.38765,0.409173,0.337281,0.298435
2023,Penn Alleghany,16,59.219627,145.001708,87.65,9.47275,-68.327236,0,0,0,0,0,0,0.166667,0.433542,0.5,0.45,0.241379,0.368421,0.11409,0.022818,0.413793,0.292517,0.368515,0.297227
2023,Penn State,1,119.098069,100.414921,65.795,26.255962,29.764079,16,6,0,0,0.655653,0,0.385185,0.136789,0.184211,0.815789,0.214035,0.526998,0.06644,0.033437,0.473684,0.375341,0.339931,0.308861
2023,Pepperdine,5,111.29641,100.951822,75.033871,21.103851,17.368345,3,3,0,0,0.227533,0,0.361946,0.187442,0.25789,0.74211,0.268394,0.522272,0.072225,0.0503,0.362176,0.383652,0.359428,0.32483
2023,Peru State,12,110.661556,156.00511,70.125,22.82217,-16.977852,0,0,0,0,0.00027,0,0.533333,0.242424,0.333333,0.666667,0.283019,0.708333,0.057041,0.02852,0.566038,0.384916,0.364296,0.295531
2023,Pfeiffer,13,89.874205,124.389645,81.675,13.659565,-19.140426,0,0,0,0,0.001063,0,0.3,0.20202,0.365079,0.634921,0.184397,0.528302,0.097949,0.061218,0.425532,0.382738,0.338412,0.362053
2023,PhilanderSmith,13,74.153479,107.544134,75.4,7.244119,-18.555883,0,0,0,0,0.002764,0,0.3,0.225464,0.192308,0.807692,0.461538,0.611111,0.092838,0.026525,0.192308,0.297326,0.326279,0.331411
2023,Piedmont,12,73.926617,108.348471,74.6125,14.009515,-15.790482,0,0,0,0,0.004476,0,0.259259,0.247948,0.294118,0.705882,0.086614,0.560976,0.080415,0.020104,0.425197,0.397591,0.343978,0.343698
2023,Pit Greensburg,13,73.107865,112.646325,71.6,13.348887,-18.451113,0,0,0,0,0.001022,0,0.090909,0.181564,0.15,0.85,0.301887,0.176471,0.055866,0,0.415094,0.369223,0.334282,0.265231
2023,Pitt,2,120.085561,104.2611,67.833333,22.478737,27.423192,15,8,0,0,0.502189,0,0.359763,0.164843,0.285834,0.714166,0.323591,0.550691,0.075944,0.059862,0.441023,0.367241,0.341298,0.305796
2023,Portland,4,116.012122,102.94275,71.413636,20.367856,19.131472,3,7,0,0,0.341595,0,0.375148,0.177795,0.247222,0.752778,0.421339,0.583732,0.06959,0.031825,0.459989,0.392419,0.361071,0.315017
2023,Portland Bible,16,50.51936,163.029977,67.9,13.897098,-65.902939,0,0,0,0,0,0,0.375,0.368189,0.176471,0.823529,0.090909,0.272727,0.014728,0,0.363636,0.368901,0.340116,0.338338
2023,Portland St,6,109.556582,99.39831,72.604032,13.051969,13.897098,2,8,0,0,0.323097,0,0.340116,0.166613,0.296715,0.703285,0.338338,0.516168,0.097746,0.046652,0.368901,0.386652,0.340136,0.325021
2023,Prairie View,7,99.160906,92.851062,71.024219,10.774026,10.499015,1,6,3,0,0.512645,0,0.302694,0.192716,0.336598,0.663402,0.328631,0.455369,0.106478,0.049279,0.329676,0.345607,0.330539,0.34066
2023,Presbyterian,9,100.164735,101.714205,65.695313,11.513261,5.300771,0,2,1,0,0.071562,0,0.310065,0.204543,0.320611,0.679389,0.368637,0.479109,0.08372,0.046617,0.360445,0.387496,0.340659,0.332774
2023,Princeton,3,113.999813,101.559066,70.322414,16.931892,23.631917,10,9,0,0,0.662736,0,0.344491,0.176527,0.258772,0.741228,0.318367,0.502551,0.07012,0.047074,0.418076,0.394828,0.337442,0.293288
2023,Providence,1,120.093133,96.32361,69.917187,23.995697,29.844196,11,8,0,0,0.422831,0,0.351485,0.168503,0.319739,0.680261,0.368284,0.534091,0.098778,0.065256,0.316119,0.365885,0.342214,0.305025
2023,PSU New Kens,15,77.353454,129.656045,76.325,3.893214,-34.906773,0,0,1,0,0.000319,0,0.333333,0.288241,0.25,0.75,0.12069,0.681818,0.091713,0.052407,0.413793,0.457618,0.351136,0.211128
2023,PSU York,11,94.845792,123.285504,71.975,12.961876,-10.838092,0,0,0,0,0.003845,0,0.333333,0.138937,0.28125,0.71875,0.344262,0.285714,0.069469,0.055575,0.245902,0.390471,0.340849,0.26463
2023,Puget Sound,14,69.709016,113.871371,87.7,19.986341,-27.813689,0,0,0,0,0.000071,0,0.259259,0.296465,0.15,0.85,0.2,0.47619,0.079818,0.04561,0.45,0.445469,0.316092,0.325141
2023,Pur-Calmet,10,96.076604,110.933978,75.6,9.954317,-3.345683,0,0,0,0,0.043822,0,0.288136,0.198413,0.285714,0.714286,0.262295,0.5,0.092593,0.006614,0.483607,0.375359,0.323963,0.356465
2023,Purchase,15,72.827791,123.012209,78.125,-4.034884,-37.834857,0,0,1,0,0.000733,0,0.210526,0.2432,0.16129,0.83871,0.263158,0.434783,0.0896,0.0512,0.333333,0.249554,0.338095,0.317885
2023,Purdue,1,123.265842,92.153111,63.911029,25.447131,34.90428,22,4,0,0,0.576507,0,0.32636,0.171194,0.316311,0.683689,0.372278,0.609249,0.075012,0.056604,0.380775,0.362654,0.348835,0.292344
2023,Purdue FW,6,107.613525,95.131335,70.871094,9.642788,13.705284,2,9,0,0,0.324307,0,0.345679,0.185636,0.279192,0.720808,0.285939,0.5,0.103621,0.03263,0.467471,0.376002,0.325601,0.294666
2023,Queens,5,113.43265,100.523214,71.198485,12.301059,15.749549,2,10,1,0,0.332254,0,0.34937,0.174927,0.301303,0.698697,0.35306,0.519362,0.086825,0.030644,0.441578,0.394651,0.342747,0.283339
2023,Quinnipiac,5,108.614361,94.476933,70.257813,13.588011,17.038038,3,14,0,0,0.410285,0,0.362759,0.179695,0.303766,0.696234,0.330189,0.507264,0.087179,0.036473,0.379979,0.362161,0.337494,0.291709
2023,Radford,4,110.999869,103.428826,65.473485,12.865446,17.776566,2,15,1,0,0.504324,0,0.360656,0.181429,0.304624,0.695376,0.301467,0.459364,0.108765,0.044894,0.331342,0.382069,0.335274,0.327632
2023,Randolph,13,82.866896,125.036272,70.225,8.923472,-21.876505,0,0,0,0,0.001207,0,0.352941,0.270559,0.28125,0.71875,0.2,0.47619,0.05696,0.0712,0.309091,0.381629,0.366762,0.305631
2023,Rchster Chrstn,11,99.707648,129.029232,69.075,16.020095,-8.779908,0,0,0,0,0.003261,0,0.294118,0.188201,0.259259,0.740741,0.309091,0.25,0.014477,0,0.309091,0.432312,0.386286,0.281126
2023,Regent,15,63.248153,125.887541,75.783333,12.309122,-38.49087,0,0,2,0,0.000498,0,0.221239,0.327689,0.339286,0.660714,0.288401,0.516129,0.081372,0.026391,0.354232,0.413956,0.336176,0.277755
2023,Reinhardt,12,87.612646,123.469148,75.8,12.854827,-17.945173,0,0,0,0,0.001207,0,0.346154,0.184697,0.428571,0.571429,0.109589,0.52,0.092348,0,0.356164,0.438123,0.376171,0.327859
2023,Rhode Island,6,101.575916,95.522971,69.328226,18.218843,13.057568,3,6,0,0,0.1477,0,0.303797,0.203334,0.316202,0.683798,0.369972,0.498563,0.092594,0.05537,0.313314,0.367696,0.337545,0.328063
2023,Rhodes,14,78.931157,132.894704,76.95,28.729325,-25.070682,0,0,0,0,0.000026,0,0.166667,0.259909,0.37037,0.62963,0.030303,0.583333,0.064977,0,0.272727,0.322415,0.362845,0.364998
2023,Rice,5,112.495566,107.433095,71.786364,16.2777,16.191977,3,12,0,0,0.301914,0,0.357057,0.183204,0.231441,0.768559,0.314525,0.567598,0.080204,0.034192,0.433124,0.368258,0.338798,0.308857
2023,Richmond,4,108.425935,94.11367,67.476515,18.136487,18.839531,6,7,0,0,0.422034,0,0.33038,0.170654,0.211069,0.788931,0.329983,0.51145,0.084878,0.035029,0.441094,0.37721,0.343136,0.326598
2023,Rider,5,110.159684,97.119154,66.448333,13.039594,15.746289,1,13,1,0,0.521631,0,0.334076,0.173067,0.311111,0.688889,0.287514,0.430013,0.080765,0.03361,0.257159,0.369128,0.329698,0.301886
2023,Robert Morris,6,105.951931,94.68455,67.844697,10.864039,13.348887,1,8,2,0,0.514077,0,0.334282,0.192954,0.29458,0.70542,0.265231,0.541469,0.098264,0.060298,0.369223,0.361167,0.331075,0.291574
2023,Rockford,16,72.746178,134.361665,81.6,11.767792,-42.032229,0,0,0,0,0.000026,0,0.1875,0.232843,0.441176,0.558824,0.228571,0.25,0.098039,0.012255,0.457143,0.37151,0.320552,0.319088
2023,Rogers State,4,108.666578,104.911923,70.7,27.590506,19.790486,0,0,0,0,0.048245,0,0.5,0.127298,0.354839,0.645161,0.179104,0.36,0.084866,0.028289,0.268657,0.458948,0.368844,0.249077
2023,Rust,11,94.005831,114.004504,77.4,10.190157,-7.609856,0,0,0,0,0.01039,0,0.294118,0.251938,0.303571,0.696429,0.436364,0.521739,0.135659,0.02584,0.463636,0.343638,0.355733,0.310666
2023,Rutgers,1,110.308332,85.72916,66.762121,24.673504,31.091164,12,4,0,0,0.327542,0,0.318027,0.171573,0.312039,0.687961,0.285126,0.59375,0.13163,0.058099,0.302625,0.371079,0.346927,0.297864
2023,S Dakota St,5,109.040305,96.306557,68.527344,15.780664,17.236897,2,16,0,0,0.75977,0,0.351429,0.169184,0.214423,0.785577,0.279778,0.419951,0.0757,0.041954,0.387812,0.38293,0.34082,0.309517
2023,S Diego Christ,11,79.824556,112.566303,71.295833,17.011276,-11.622091,0,0,0,0,0.012711,0,0.273438,0.264158,0.308989,0.691011,0.204748,0.5,0.105195,0.03039,0.379822,0.343676,0.346178,0.332876
2023,S Illinois,4,106.738678,88.815427,64.990152,16.146001,20.352059,8,12,0,0,0.569651,0,0.325786,0.19257,0.219231,0.780769,0.298951,0.596879,0.110973,0.032639,0.463287,0.389092,0.340784,0.307751
2023,Sacramento St,6,108.267154,99.416109,64.446094,16.45429,14.935506,3,9,0,0,0.237872,0,0.344992,0.207053,0.304996,0.695004,0.279269,0.560411,0.069341,0.041217,0.359223,0.363578,0.341734,0.324678
2023,Sacred Heart,8,101.678191,97.287257,71.323485,7.425975,7.141156,0,7,5,0,0.511897,0,0.313269,0.186092,0.295763,0.704237,0.276224,0.513889,0.110041,0.045886,0.365135,0.369394,0.334678,0.300655
2023,Saint Francis,9,107.609231,103.785351,69.416129,6.989575,6.350891,0,4,1,0,0.495158,0,0.379147,0.18077,0.255792,0.744208,0.320455,0.528905,0.063665,0.029741,0.359659,0.36751,0.332287,0.280598
2023,Saint Joseph's,5,109.433734,97.266611,70.032576,17.443418,16.928283,3,11,0,0,0.506638,0,0.328798,0.182166,0.299475,0.700525,0.342187,0.487775,0.093463,0.046299,0.459375,0.382933,0.334057,0.317208
2023,Saint Louis,3,114.77382,95.011238,69.927273,19.25571,22.970871,10,9,0,0,0.586234,0,0.356589,0.172907,0.267145,0.732855,0.292386,0.589577,0.071936,0.057202,0.327411,0.368935,0.335756,0.338614
2023,Saint Martin's,10,89.707627,112.677628,69.175,16.74945,-4.050589,0,0,0,0,0.006295,0,0.366667,0.26021,0.344828,0.655172,0.236364,0.45,0.07228,0.028912,0.545455,0.374638,0.33694,0.334684
2023,Saint Mary's,1,119.276018,90.40652,64.455303,24.451417,34.051401,20,7,0,0,0.584114,0,0.371553,0.165489,0.301533,0.698467,0.312298,0.491166,0.105782,0.054066,0.371629,0.392527,0.354426,0.326233
2023,Saint Peter's,8,101.499363,97.493204,63.9,12.499856,9.568636,0,11,1,0,0.468971,0,0.29321,0.191217,0.383648,0.616352,0.288525,0.469274,0.097809,0.049883,0.354098,0.361903,0.334519,0.301891
2023,Saint Vincent,13,84.873328,123.177972,70.175,6.350891,-20.44908,0,0,1,0,0.002342,0,0.26087,0.213751,0.2,0.8,0.236364,0.571429,0.07125,0.01425,0.418182,0.359659,0.379147,0.320455
2023,Saint Xavier,11,97.294746,124.226459,71.325,9.595826,-11.204177,0,0,0,0,0.006295,0,0.321429,0.098142,0.16,0.84,0.107692,0.518519,0.112163,0.01402,0.430769,0.42971,0.339073,0.315879
2023,Sam Houston,2,112.852795,88.343482,67.657813,13.502748,26.696842,12,10,0,0,0.75465,0,0.384615,0.195377,0.313131,0.686869,0.301785,0.520047,0.124708,0.032332,0.372634,0.368939,0.332282,0.340329
2023,Samford,4,114.995446,96.10152,71.190625,12.630985,19.68724,4,12,2,0,0.671148,0,0.352798,0.17778,0.280563,0.719437,0.412439,0.449519,0.11413,0.036434,0.448445,0.399059,0.343912,0.292668
2023,San Diego,6,115.149144,106.355282,71.155645,19.298074,15.323858,3,5,0,0,0.229601,0,0.353111,0.160938,0.303624,0.696376,0.311902,0.468787,0.093842,0.024934,0.367163,0.395015,0.362413,0.314533
2023,San Diego St,1,115.837929,102.704148,67.291667,25.002744,32.202727,30,1,0,0,0.822973,0,0.353204,0.174275,0.300509,0.699491,0.336691,0.52864,0.104925,0.05539,0.355779,0.394811,0.352388,0.320078
2023,San Fran St,8,84.993441,91.148524,76.075,21.252563,8.452528,0,0,0,0,0.022739,0,0.294118,0.210319,0.242424,0.757576,0.283333,0.380952,0.118304,0.039435,0.283333,0.295181,0.352505,0.347755
2023,San Francisco,3,114.339273,95.813064,71.194853,20.859433,23.088827,8,10,0,0,0.477243,0,0.361284,0.193338,0.276923,0.723077,0.321519,0.493771,0.095017,0.035115,0.489114,0.373583,0.352402,0.319298
2023,San José St,3,112.804194,102.139245,64.090152,21.31474,22.389007,13,6,0,0,0.566437,0,0.325551,0.186763,0.3152,0.6848,0.267058,0.497561,0.062885,0.065249,0.410981,0.377576,0.347242,0.325442
2023,Santa Barbara,3,115.188369,97.682752,65.753676,15.486878,21.252563,12,13,0,0,0.660558,0,0.352505,0.171317,0.252294,0.747706,0.347755,0.536071,0.097959,0.038468,0.295181,0.354081,0.337574,0.313387
2023,Santa Clara,2,115.259097,96.540223,72.223438,22.47621,25.391341,12,11,0,0,0.679605,0,0.369655,0.171776,0.277461,0.722539,0.301064,0.498886,0.083076,0.052788,0.367461,0.38788,0.357643,0.30572
2023,Sarah Lawrence,14,76.545212,129.474855,74.75,16.120577,-28.679397,0,0,1,0,0.000207,0,0.3,0.240803,0.327273,0.672727,0.163934,0.634146,0.080268,0.040134,0.491803,0.382981,0.339399,0.293152
2023,SC State,9,102.981928,108.050389,74.487903,12.865906,3.414303,1,2,3,0,0.236577,0,0.317437,0.210036,0.391067,0.608933,0.290404,0.519093,0.097006,0.043306,0.338889,0.379197,0.346933,0.334951
2023,SC Upstate,7,104.91409,100.070693,68.628226,12.895371,12.351629,1,10,0,0,0.656718,0,0.341709,0.193657,0.261807,0.738193,0.329225,0.471867,0.107639,0.064396,0.350352,0.383151,0.340835,0.336411
2023,Schreiner,12,93.929699,127.510301,78.125,16.027711,-15.772308,0,0,0,0,0.001022,0,0.277778,0.2688,0.366667,0.633333,0.245902,0.541667,0.0896,0.0128,0.590164,0.345545,0.368195,0.344554
2023,Sci & Arts OK,9,102.325958,110.668014,74.65,16.788165,4.988156,0,0,0,0,0.02655,0,0.333333,0.174146,0.222222,0.777778,0.229508,0.307692,0.093771,0.026792,0.442623,0.26121,0.307385,0.328467
2023,SE Louisiana,7,111.607237,102.498007,71.7375,9.839412,11.533151,1,5,2,0,0.50894,0,0.369048,0.16989,0.2972,0.7028,0.317199,0.509561,0.101499,0.025266,0.346035,0.374531,0.344683,0.319679
2023,SE Missouri,6,106.945536,102.594382,75.641912,10.604145,12.398588,1,11,1,0,0.59812,0,0.325666,0.173807,0.277544,0.722456,0.378184,0.513158,0.092541,0.041605,0.396925,0.378722,0.343855,0.325637
2023,Seattle U,4,107.081203,91.019889,71.175781,17.048867,19.986341,9,9,0,0,0.401123,0,0.316092,0.167719,0.302698,0.697302,0.325141,0.484733,0.086055,0.043466,0.445469,0.376776,0.346314,0.341741
2023,Seton Hall,2,109.834973,90.275662,67.790625,25.11015,28.061676,10,5,0,0,0.348158,0,0.328042,0.206518,0.303301,0.696699,0.410435,0.510499,0.123081,0.065459,0.328696,0.354526,0.343755,0.298757
2023,SF Austin,3,110.225996,91.468846,72.278125,15.122272,20.528502,7,9,0,0,0.42682,0,0.381579,0.212288,0.307482,0.692518,0.372955,0.55594,0.12279,0.035886,0.290076,0.378785,0.337925,0.335035
2023,Shorter,16,76.463208,161.917602,66.7,12.854827,-46.945173,0,0,0,0,0.00001,0,0.26087,0.269865,0.357143,0.642857,0.226415,0.529412,0.029985,0.044978,0.433962,0.438123,0.376171,0.327859
2023,Siena,5,106.685497,94.77703,67.413281,14.098299,15.673327,2,13,0,0,0.277674,0,0.348609,0.194695,0.293528,0.706472,0.345393,0.533943,0.084368,0.06258,0.345393,0.356128,0.333284,0.300151
2023,Siena Heights,11,70.671896,97.783926,60.55,8.455033,-8.344967,0,0,0,0,0.012056,0,0.058824,0.148637,0.363636,0.636364,0.327273,0.428571,0.115607,0.049546,0.309091,0.415934,0.330251,0.264835
2023,Simon Fraser,13,51.160541,93.07642,77.65,17.389974,-21.410055,0,0,0,0,0.000319,0,0.172414,0.244688,0.151515,0.848485,0.245614,0.75,0.103026,0.064392,0.508772,0.374474,0.338951,0.335905
2023,SIUE,6,108.924295,97.742158,70.615909,9.231093,12.661396,2,10,1,0,0.504248,0,0.328691,0.180661,0.304419,0.695581,0.400104,0.48801,0.09784,0.060507,0.374544,0.380753,0.340505,0.309379
2023,SMU,5,105.758229,97.274645,71.817188,22.686913,16.97441,4,4,0,0,0.233865,0,0.311146,0.17971,0.299642,0.700358,0.33038,0.538272,0.09834,0.046994,0.336634,0.372027,0.33658,0.324562
2023,SNAZARENE,2,92.266805,82.941254,57.075,28.340049,25.540037,0,0,0,0,0.094129,0,0.315789,0.332895,0.275862,0.724138,0.447368,0.357143,0.070083,0.035042,0.5,0.40249,0.350515,0.323059
2023,So Indiana,7,110.138596,103.901939,71.467187,8.847043,10.647041,2,7,1,0,0.326799,0,0.377404,0.188461,0.317817,0.682183,0.329738,0.487633,0.101882,0.033232,0.427324,0.385901,0.338238,0.32096
2023,Sonoma St,10,101.153722,121.571835,66.225,17.209955,-1.090073,0,0,0,0,0.009491,0,0.538462,0.234051,0.185185,0.814815,0.217822,0.479167,0.05285,0.03775,0.257426,0.404077,0.34143,0.311905
2023,South Alabama,3,111.627002,91.283583,67.095,16.834466,22.577321,7,8,0,0,0.79028,0,0.345455,0.145636,0.211724,0.788276,0.219548,0.417801,0.090277,0.064301,0.378193,0.351932,0.340075,0.320117
2023,South Carolina,6,105.09276,101.251029,66.378906,23.310652,14.729403,5,4,0,0,0.330288,0,0.323179,0.198199,0.346471,0.653529,0.268147,0.477151,0.073913,0.039546,0.408992,0.371566,0.326004,0.337287
2023,South Dakota,8,108.73239,105.41869,66.745161,13.916594,9.523028,1,8,0,0,0.331849,0,0.389518,0.173989,0.256484,0.743516,0.272,0.509934,0.066696,0.023198,0.403429,0.376107,0.336522,0.292853
2023,South Florida,4,110.319547,96.556871,69.576562,19.660966,18.960972,3,9,1,0,0.478451,0,0.335704,0.196277,0.318296,0.681704,0.307286,0.508294,0.092973,0.044016,0.371172,0.384087,0.336182,0.313757
2023,Southern,7,101.358955,93.135328,73.588281,10.534724,11.759714,0,8,3,0,0.328585,0,0.331072,0.197042,0.270087,0.729913,0.334936,0.560945,0.118055,0.03185,0.393697,0.343207,0.333413,0.331626
2023,Southern Miss,3,113.581417,94.43483,68.474219,14.704127,22.401091,9,10,0,0,0.577791,0,0.325513,0.172967,0.30316,0.69684,0.326759,0.545984,0.121852,0.038792,0.363539,0.366811,0.339547,0.309096
2023,Southern NO,15,78.47646,130.513616,85.65,20.732509,-33.067494,0,0,0,0,0.000026,0,0.4,0.385289,0.352941,0.647059,0.241379,0.434783,0.081728,0.046702,0.258621,0.410283,0.319549,0.324936
2023,Southern Utah,3,115.446761,103.133976,74.935294,15.290791,23.225898,10,10,0,0,0.576491,0,0.346683,0.175445,0.279845,0.720155,0.388835,0.45614,0.098516,0.043959,0.384504,0.374681,0.34339,0.335565
2023,Spalding,13,80.215803,113.06468,66.225,0.530295,-18.269711,0,0,1,0,0.008724,0,0.076923,0.1963,0.433333,0.566667,0.180328,0.434783,0.1359,0.0755,0.213115,0.28638,0.296748,0.312573
2023,Spring Hill,10,86.289032,104.714428,72.25,21.132281,0.332283,0,0,0,0,0.008459,0,0.342857,0.256055,0.235294,0.764706,0.175439,0.454545,0.076125,0.034602,0.307018,0.413319,0.349126,0.315993
2023,St Bonaventure,5,105.501719,94.612272,67.164844,17.483913,16.377675,8,5,0,0,0.332679,0,0.347692,0.18797,0.287356,0.712644,0.294872,0.494148,0.104221,0.05025,0.362319,0.37606,0.340073,0.319366
2023,St Elizabeth,15,61.611717,113.266373,74.3375,8.842335,-30.957631,0,0,1,0,0.001641,0,0.166667,0.168152,0.318841,0.681159,0.253846,0.322581,0.067261,0.047083,0.230769,0.33402,0.349891,0.292659
2023,St Francis BK,9,98.427409,98.417143,67.396667,6.232297,3.298989,0,5,3,0,0.486703,0,0.353553,0.204263,0.335961,0.664039,0.308054,0.536337,0.110292,0.07122,0.339212,0.358153,0.334237,0.284186
2023,St Joe ME,14,89.162705,142.335015,71.275,10.224855,-29.57511,0,0,0,0,0.00027,0,0.354839,0.224483,0.192308,0.807692,0.160714,0.681818,0.056121,0.01403,0.553571,0.414523,0.342069,0.290452
2023,St John Fisher,13,69.582252,104.751888,82.6,15.478866,-19.321129,0,0,0,0,0.000621,0,0.3,0.302663,0.2,0.8,0.275862,0.842105,0.096852,0,0.344828,0.348,0.321839,0.316
2023,St John's,2,111.582986,91.974106,74.925,23.910459,25.48017,9,7,0,0,0.42934,0,0.331046,0.186854,0.327039,0.672961,0.277443,0.515464,0.110009,0.049747,0.270032,0.373706,0.343461,0.301246
2023,St Joseph's LI,15,79.882431,141.263655,61.95,6.85883,-30.94115,0,0,0,0,0.000377,0,0.333333,0.161421,0.266667,0.733333,0.033898,0.55,0.08071,0.032284,0.40678,0.452164,0.322418,0.287016
2023,St Kath,12,75.292572,108.509081,75.625,20.552566,-12.247468,0,0,0,0,0.001517,0,0.285714,0.317355,0.307692,0.692308,0.275229,0.428571,0.08595,0.019835,0.449541,0.310661,0.321115,0.36412
2023,St Mary's,15,61.708629,118.328787,75.725,9.038443,-35.428225,0,0,1,0,0.000285,0,0.216667,0.34775,0.378641,0.621359,0.32716,0.444444,0.09244,0.026411,0.37037,0.368759,0.348559,0.323929
2023,St Mary's (MD),14,67.810708,119.887167,73.7,12.831265,-28.968725,0,0,0,0,0.000704,0,0.230769,0.280416,0.394737,0.605263,0.209302,0.433962,0.09498,0.022614,0.302326,0.376832,0.324408,0.318575
2023,St Mary's (TX),8,87.52281,90.034008,70.4,10.617119,6.817109,0,0,0,0,0.08311,0,0.210526,0.227273,0.368421,0.631579,0.421053,0.428571,0.113636,0.085227,0.333333,0.384995,0.334282,0.360898
2023,St Thomas (FL),7,109.510017,117.657037,75.275,32.010877,12.210873,0,0,0,0,0.007413,0,0.416667,0.185985,0.166667,0.833333,0.145161,0.321429,0.039854,0.013285,0.387097,0.439036,0.371781,0.293019
2023,St Thomas (MN),5,114.260909,99.712743,67.453788,12.375863,16.345543,1,14,0,0,0.509314,0,0.351896,0.146902,0.258555,0.741445,0.306596,0.502952,0.088051,0.034592,0.445383,0.384715,0.336193,0.299122
2023,St. Ambrose,15,74.919536,135.185517,74.9625,19.672911,-32.627089,0,0,0,0,0.000512,0,0.125,0.22678,0.333333,0.666667,0.184,0.425,0.08004,0.00667,0.256,0.371136,0.350728,0.341428
2023,St. Andrews,16,68.14601,141.786034,79.708333,9.503871,-51.296116,0,0,1,0,0.000037,0,0.25,0.334553,0.287234,0.712766,0.34375,0.436364,0.050183,0.008364,0.275,0.366299,0.336619,0.309876
2023,St. Francis IL,10,81.209495,93.982977,73.0625,9.125993,-1.67403,0,0,1,0,0.075317,0,0.333333,0.35586,0.246575,0.753425,0.142857,0.681818,0.095808,0.088965,0.457143,0.322214,0.35829,0.405318
2023,St. Thomas (TX),11,84.851077,107.586212,66.775,9.239158,-7.060855,0,0,1,0,0.073417,0,0.288889,0.202171,0.328571,0.671429,0.14876,0.512195,0.059903,0.029951,0.371901,0.373891,0.3386,0.319684
2023,Stanford,2,114.940878,94.736726,66.147727,24.609183,26.094016,5,8,0,0,0.434997,0,0.362772,0.1892,0.300792,0.699208,0.294118,0.584726,0.086125,0.04856,0.397194,0.367288,0.332988,0.31103
2023,Stanislaus St,10,79.734942,99.690067,72.175,16.027291,-3.272743,0,0,0,0,0.008277,0,0.27027,0.214756,0.245902,0.754098,0.224138,0.55,0.124697,0.020783,0.318966,0.377789,0.367634,0.309166
2023,Stetson,5,119.413908,109.252992,66.836667,13.731879,17.177046,1,12,0,0,0.587483,0,0.38946,0.155603,0.291176,0.708824,0.244532,0.504222,0.076305,0.047878,0.436343,0.399446,0.3464,0.278243
2023,Stonehill,8,101.856397,99.245793,67.9,9.226812,7.336516,0,6,3,0,0.581616,0,0.353028,0.198109,0.201454,0.798546,0.320882,0.527778,0.104043,0.041807,0.414574,0.353346,0.336648,0.293921
2023,Stony Brook,8,101.007672,101.273908,65.345455,12.604267,6.85883,0,7,1,0,0.317785,0,0.322418,0.191523,0.225201,0.774799,0.287016,0.535813,0.066778,0.03849,0.452164,0.379366,0.335905,0.296065
2023,Sul Ross State,13,75.729673,110.921243,84.65,17.231181,-19.56883,0,0,0,0,0.000445,0,0.45,0.378027,0.15,0.85,0.291667,0.636364,0.082693,0.011813,0.416667,0.302365,0.294227,0.393581
2023,SUNY Canton,16,79.3151,148.336867,83.9,15.478866,-48.321129,0,0,0,0,0.000005,0,0.333333,0.178784,0.3,0.7,0.054795,0.666667,0.083433,0,0.493151,0.348,0.321839,0.316
2023,SUNY Delhi,15,75.932819,130.838644,82.7,20.025709,-33.774259,0,0,0,0,0.000026,0,0.363636,0.217654,0.481481,0.518519,0.166667,0.409091,0.157195,0.048368,0.305556,0.489643,0.352526,0.281933
2023,SUNY-Maritime,16,70.735425,148.700312,63.8,5.056878,-43.743089,0,0,1,0,0.00006,0,0.230769,0.329154,0.4,0.6,0.163265,0.6875,0.07837,0.047022,0.530612,0.413194,0.316527,0.281829
2023,SUNY-Oneonta,12,83.565133,116.088247,72.125,8.99768,-15.802284,0,0,0,0,0.003261,0,0.181818,0.263432,0.5,0.463415,0.220588,0.25,0.083189,0.083189,0.161765,0.302326,0.322702,0.296653
2023,SW Adventist,16,60.232098,137.560588,77.016667,13.808096,-49.991929,0,0,1,0,0.000561,0,0.177419,0.302965,0.328767,0.671233,0.227545,0.391304,0.069249,0.02164,0.371257,0.372,0.362853,0.373231
2023,SW Asm of God,15,68.260512,120.917162,88.0125,16.483967,-36.816061,0,0,0,0,0.000062,0,0.246154,0.284051,0.189655,0.810345,0.148438,0.512821,0.079534,0.028405,0.507813,0.305557,0.338631,0.441716
2023,SW Christian U,11,103.837322,126.503235,80.75,13.617471,-9.182559,0,0,0,0,0.004534,0,0.371429,0.185759,0.24,0.76,0.149254,0.633333,0.111455,0.037152,0.522388,0.353672,0.338931,0.433045
2023,SW Univ TX,14,79.764037,121.462957,81.5,14.049746,-24.750281,0,0,0,0,0.000319,0,0.363636,0.380368,0.28125,0.71875,0.4,0.35,0.07362,0.01227,0.44,0.345142,0.321928,0.305958
2023,Syracuse,3,115.048188,98.22652,68.939844,21.50546,22.024225,10,6,0,0,0.39713,0,0.361974,0.169079,0.291367,0.708633,0.306426,0.52698,0.109244,0.07298,0.290494,0.379745,0.342297,0.29745
2023,Tarleton St,4,108.840561,95.070935,69.608333,15.441914,19.350463,7,7,0,0,0.51101,0,0.33833,0.177617,0.299235,0.700765,0.450386,0.518834,0.139743,0.040486,0.257442,0.388376,0.343513,0.333702
2023,TCU,1,114.931513,92.995824,71.062121,26.0977,32.377693,14,4,0,0,0.491751,0,0.306122,0.171425,0.320339,0.679661,0.33917,0.58598,0.115989,0.066523,0.294147,0.362938,0.337247,0.32846
2023,Temple,3,109.689698,94.772924,68.380469,22.615397,21.490404,9,7,0,0,0.331018,0,0.329884,0.198339,0.276199,0.723801,0.345547,0.584881,0.072663,0.058496,0.435738,0.382216,0.334423,0.308927
2023,Tennessee,1,117.327519,86.604107,66.168939,25.244888,37.572664,18,5,0,0,0.515601,0,0.329487,0.18227,0.335681,0.664319,0.309166,0.661922,0.125024,0.054956,0.403936,0.371869,0.331656,0.322907
2023,Tennessee St,8,109.69512,100.456489,72.864063,7.193713,9.756212,0,9,1,0,0.674975,0,0.349502,0.172839,0.28866,0.71134,0.358656,0.491935,0.080201,0.045032,0.415504,0.37718,0.34405,0.316642
2023,Tennessee Tech,8,107.094417,99.878608,71.05303,9.638108,9.874472,0,10,2,0,0.573301,0,0.364294,0.177418,0.266609,0.733391,0.289781,0.553488,0.088282,0.034119,0.421454,0.381121,0.329751,0.320245
2023,Texas,1,119.0039,96.740263,71.230882,27.735108,37.192997,22,5,0,0,0.697339,0,0.338912,0.164337,0.28449,0.71551,0.315276,0.571429,0.113137,0.051613,0.349927,0.371812,0.345053,0.327707
2023,Texas A&M,1,117.707758,93.332768,67.132353,24.619568,30.505279,17,8,0,0,0.654971,0,0.327532,0.183571,0.3344,0.6656,0.459156,0.527607,0.101643,0.035049,0.337427,0.372309,0.332024,0.326631
2023,Texas A&M-CC,5,114.430625,104.130744,72.290909,9.20487,16.027711,0,11,2,0,0.750304,0,0.368195,0.17941,0.322925,0.677075,0.344554,0.561213,0.121144,0.023474,0.345545,0.377761,0.333111,0.322692
2023,Texas Lutheran,13,79.075281,122.536239,72.9125,10.406856,-23.393162,0,0,1,0,0.000733,0,0.283333,0.246871,0.294118,0.705882,0.241071,0.675676,0.08229,0.020573,0.535714,0.331371,0.358245,0.342835
2023,Texas Southern,8,99.754168,97.816191,72.632353,11.85077,9.382191,1,6,3,0,0.588754,0,0.283713,0.201255,0.307994,0.692006,0.344319,0.456221,0.091921,0.046973,0.280866,0.357053,0.330811,0.335245
2023,Texas St,5,107.87754,96.727505,64.835714,17.502458,16.788165,5,8,0,0,0.495099,0,0.307385,0.181117,0.314086,0.685914,0.328467,0.408019,0.096948,0.054644,0.26121,0.355644,0.333484,0.315911
2023,Texas Tech,2,114.934372,90.685761,69.226563,25.677036,29.32078,8,6,0,0,0.427155,0,0.345345,0.198172,0.296263,0.703737,0.348066,0.496992,0.105631,0.041982,0.367956,0.363955,0.338609,0.324596
2023,The Citadel,8,103.560491,103.460499,68.410938,14.238337,7.588344,2,3,1,0,0.1462,0,0.324786,0.179522,0.230542,0.769458,0.287794,0.473411,0.080397,0.038828,0.393057,0.39537,0.339187,0.31826
2023,THMAS,16,48.215137,155.341635,91.375,15.811081,-88.988889,0,0,0,0,0,0,0.2,0.361149,0.238095,0.761905,0.081967,0.8,0.05472,0,0.491803,0.392092,0.340336,0.330588
2023,TN Wesleyan,13,63.606441,99.300827,79.8,9.874472,-20.925528,0,0,0,0,0.001207,0,0.214286,0.263158,0.236842,0.763158,0.125,0.555556,0.100251,0.075188,0.4375,0.421454,0.364294,0.289781
2023,Toccoa Falls,14,72.510168,123.857298,75.98,13.135883,-29.664109,0,0,0,0,0.000564,0,0.243902,0.23164,0.278107,0.721893,0.138365,0.459184,0.071071,0.007897,0.386792,0.386991,0.34342,0.336684
2023,Toledo,3,126.612518,106.407694,70.683088,15.905256,24.419544,8,19,0,0,0.774574,0,0.397297,0.138148,0.293207,0.706793,0.353995,0.49561,0.096537,0.041195,0.358354,0.383713,0.342516,0.318902
2023,Towson,4,113.107575,95.501546,66.384848,14.326489,19.64772,5,11,0,0,0.532365,0,0.366516,0.184416,0.330357,0.669643,0.297607,0.536047,0.093577,0.051582,0.344953,0.384535,0.335176,0.305144
2023,Trevecca,11,78.735571,113.354824,70.8,19.147638,-11.652359,0,0,0,0,0.001482,0,0.306122,0.317797,0.151515,0.848485,0.161616,0.605263,0.028249,0.028249,0.494949,0.396542,0.371866,0.249669
2023,Trinity (IL),12,79.09737,113.901684,79.275,14.5525,-17.914164,0,0,0,0,0.000935,0,0.301887,0.231262,0.214953,0.785047,0.139896,0.507042,0.058867,0.054662,0.274611,0.417863,0.32657,0.311942
2023,Trinity Co Jax,13,64.259578,106.957714,70.32,11.325108,-21.074897,0,0,1,0,0.002524,0,0.278351,0.284414,0.290076,0.709924,0.212928,0.506494,0.127986,0.019909,0.368821,0.378917,0.344648,0.275525
2023,Trinity Tx,11,80.974451,100.265613,78.625,13.322415,-5.977599,0,0,0,0,0.010222,0,0.298246,0.228935,0.350649,0.649351,0.223881,0.577778,0.108108,0.050874,0.425373,0.36527,0.351238,0.352726
2023,Troy,3,109.624155,90.531879,69.915152,14.271906,20.732509,4,13,0,0,0.663381,0,0.319549,0.183773,0.314509,0.685491,0.324936,0.520979,0.124827,0.037275,0.410283,0.352216,0.33248,0.313025
2023,Truett McCnnll,13,68.255255,109.942517,74.075,9.874472,-22.925528,0,0,0,0,0.000865,0,0.15,0.242997,0.432432,0.567568,0.265625,0.588235,0.094499,0.0135,0.3125,0.421454,0.364294,0.289781
2023,Tufts,9,93.25936,105.562437,67.9,18.191059,4.391084,0,0,0,0,0.019442,0,0.444444,0.250368,0.181818,0.818182,0.075472,0.565217,0.132548,0.014728,0.509434,0.374137,0.308725,0.309479
2023,Tulane,3,113.530156,95.669023,75.094355,20.238365,22.393206,9,9,0,0,0.546557,0,0.338008,0.150778,0.203472,0.796528,0.353978,0.563298,0.112547,0.055844,0.380673,0.374065,0.33359,0.321624
2023,Tulsa,8,101.637348,104.334488,69.2975,21.159869,8.813201,1,3,0,0,0.026448,0,0.312925,0.190964,0.282881,0.717119,0.267167,0.486713,0.078887,0.021646,0.42412,0.38339,0.335668,0.320207
2023,Tusculum,10,108.650023,129.509653,73.9,24.327728,-0.472265,0,0,0,0,0.003261,0,0.387097,0.216509,0.4,0.6,0.060606,0.6,0.121786,0.054127,0.469697,0.461691,0.346895,0.341078
2023,UAB,2,118.086282,103.78683,73.014706,18.81651,28.729325,13,13,0,0,0.757808,0,0.362845,0.17281,0.329463,0.670537,0.364998,0.502569,0.111581,0.059215,0.322415,0.382767,0.338662,0.309512
2023,UAlbany,9,103.056112,106.00576,68.169355,12.415985,5.203107,1,2,2,0,0.225471,0,0.326897,0.195907,0.306873,0.693127,0.31339,0.5,0.08423,0.024133,0.413105,0.35651,0.346984,0.312255
2023,UC Davis,4,109.64515,94.177063,71.539063,14.733657,18.421128,3,13,0,0,0.503954,0,0.339683,0.205744,0.317875,0.682125,0.434066,0.480841,0.099159,0.039314,0.346154,0.339152,0.34026,0.310543
2023,UC Irvine,3,112.751106,93.40287,70.064706,15.226842,22.889669,10,11,0,0,0.585432,0,0.383886,0.176308,0.25639,0.74361,0.295704,0.53545,0.099068,0.034422,0.316184,0.353525,0.332063,0.314668
2023,UC Merced,9,92.627109,103.451322,66.3,19.012167,6.212137,0,0,0,0,0.022996,0,0.352941,0.196078,0.313433,0.686567,0.133333,0.533333,0.075415,0.045249,0.283333,0.424169,0.353138,0.300394
2023,UC Riverside,4,111.822186,95.377073,68.348529,16.669367,20.216394,10,11,0,0,0.666137,0,0.362245,0.179444,0.311751,0.688249,0.256961,0.496689,0.075306,0.02625,0.383,0.345645,0.335882,0.324909
2023,UC San Diego,7,105.349837,101.047208,68.573333,15.313024,11.019663,2,6,0,0,0.331157,0,0.328058,0.175967,0.248008,0.751992,0.274419,0.485135,0.084581,0.032569,0.40407,0.34049,0.333098,0.314523
2023,UCF,2,114.158478,94.612766,67.942188,22.468753,27.998165,9,9,0,0,0.454331,0,0.359494,0.193639,0.333036,0.666964,0.29737,0.5675,0.109008,0.057034,0.424047,0.374324,0.336227,0.3234
2023,UCLA,1,118.678095,88.918057,67.410294,25.809912,38.750436,23,8,0,0,0.782609,0,0.347176,0.152272,0.324569,0.675431,0.271366,0.508957,0.125221,0.057157,0.290681,0.368368,0.33962,0.32536
2023,UConn,1,123.513846,101.515719,68.543182,25.868051,39.811649,24,5,0,0,0.891957,0,0.356971,0.188777,0.343701,0.656299,0.314488,0.625686,0.095494,0.071178,0.41999,0.357652,0.343453,0.314004
2023,UIC,8,101.718392,97.946659,69.507031,14.57277,10.004024,0,7,0,0,0.317449,0,0.329457,0.183435,0.25969,0.74031,0.34058,0.563588,0.092617,0.067439,0.431438,0.39526,0.337861,0.289981
2023,UL Monroe,7,103.394022,97.651948,68.267969,13.303662,10.766157,1,6,0,0,0.1555,0,0.350725,0.185391,0.30694,0.69306,0.299462,0.530962,0.100706,0.052184,0.370968,0.358887,0.328939,0.302024
2023,UMass,5,104.982804,94.61135,70.740323,18.138697,16.183872,8,5,0,0,0.233477,0,0.327928,0.202011,0.340354,0.659646,0.32227,0.545806,0.096217,0.054265,0.297109,0.3762,0.339373,0.314066
2023,UMass Lowell,4,114.770899,91.859332,69.689706,8.01139,20.070244,1,16,1,0,0.784734,0,0.38126,0.19667,0.30898,0.69102,0.33183,0.503627,0.100023,0.069214,0.310276,0.369951,0.329231,0.278222
2023,UMBC,6,112.164194,101.771639,68.741406,11.599348,12.961876,0,11,2,0,0.413517,0,0.340849,0.146837,0.271729,0.728271,0.26463,0.524741,0.081828,0.036823,0.390471,0.368454,0.341342,0.298151
2023,UNC Asheville,5,110.848854,96.839676,70.368382,12.07171,17.660288,3,19,0,0,0.832049,0,0.390102,0.200625,0.240369,0.759631,0.412724,0.497722,0.090281,0.056844,0.373573,0.375244,0.332669,0.324237
2023,UNC Greensboro,3,111.805502,90.901119,67.369531,13.827117,21.389624,5,11,0,0,0.626909,0,0.35376,0.174411,0.279661,0.720339,0.32059,0.569853,0.10576,0.0385,0.392135,0.396964,0.33827,0.295994
2023,UNC Wilmington,4,109.008493,92.586915,66.090441,13.541742,18.129992,4,15,0,0,0.572174,0,0.334936,0.181569,0.286726,0.713274,0.380459,0.448954,0.102355,0.042277,0.340611,0.395874,0.328882,0.299994
2023,Union,10,103.654081,116.305186,73.65,5.203107,-3.596864,0,0,1,0,0.041721,0,0.416667,0.203666,0.3,0.7,0.229508,0.586207,0.054311,0.027155,0.196721,0.413105,0.326897,0.31339
2023,UNLV,3,112.029983,91.402416,70.923438,20.970359,24.58909,13,4,0,0,0.398139,0,0.348868,0.172281,0.308341,0.691659,0.34723,0.501832,0.128219,0.053755,0.396306,0.39742,0.344407,0.318468
2023,UNT Dallas,11,85.806806,109.486485,71.175,16.350019,-5.449992,0,0,0,0,0.005344,0,0.222222,0.210748,0.352941,0.647059,0.209677,0.333333,0.0562,0.0562,0.290323,0.27395,0.355828,0.417367
2023,USC,1,114.207326,91.848069,69.05,25.153237,29.53504,17,4,0,0,0.51659,0,0.345,0.180576,0.26773,0.73227,0.338462,0.517449,0.101828,0.074674,0.32967,0.368543,0.336607,0.306798
2023,UT Arlington,6,103.600907,95.269931,67.804688,16.181018,14.049746,4,4,0,0,0.395574,0,0.321928,0.204171,0.35453,0.64547,0.305958,0.559585,0.09402,0.044245,0.345142,0.37517,0.339387,0.345271
2023,UT Martin,7,111.259612,99.361469,74.052273,7.117815,12.142055,0,12,2,0,0.417517,0,0.330739,0.161229,0.267595,0.732405,0.345481,0.47619,0.101894,0.04665,0.374636,0.36933,0.336411,0.324854
2023,UT Rio Grande,6,109.508524,99.488333,75.060937,13.36295,13.617471,4,6,0,0,0.481064,0,0.338931,0.213993,0.284889,0.715111,0.433045,0.581797,0.062866,0.043298,0.353672,0.375818,0.342014,0.331721
2023,UT Southern,10,101.86035,114.938092,72.725,16.020977,0.48764,1,0,0,0,0.300791,0,0.329412,0.206256,0.34375,0.65625,0.292818,0.555556,0.114587,0.018334,0.469613,0.39892,0.356166,0.34759
2023,Utah,2,111.181126,87.32307,66.749219,23.783192,27.895674,7,9,0,0,0.236978,0,0.333333,0.180246,0.284689,0.715311,0.292274,0.584071,0.075375,0.060394,0.376013,0.362956,0.337521,0.312152
2023,Utah State,1,121.665244,95.686354,69.242647,23.459581,31.28813,24,1,0,0,0.699083,0,0.393382,0.174578,0.240496,0.759504,0.349687,0.623504,0.07221,0.048848,0.425887,0.389647,0.348884,0.32405
2023,Utah Tech,4,112.037903,96.948736,71.267424,17.00022,19.466857,4,6,0,0,0.436954,0,0.380507,0.211325,0.285333,0.714667,0.436737,0.524155,0.093119,0.031465,0.415649,0.37378,0.33527,0.356255
2023,Utah Valley,2,112.550352,99.364373,72.599242,18.777483,27.734215,16,8,0,0,0.698986,0,0.329268,0.189918,0.255513,0.744487,0.365464,0.590656,0.090994,0.093915,0.338144,0.367916,0.341751,0.334214
2023,UTEP,5,103.974675,91.562842,70.063281,17.73119,17.231181,3,9,0,0,0.328756,0,0.294227,0.225243,0.331546,0.668454,0.393581,0.483668,0.128455,0.037912,0.302365,0.377579,0.347662,0.30571
2023,UTSA,7,105.54427,103.081025,69.907031,18.398378,10.617119,2,5,0,0,0.312203,0,0.334282,0.196243,0.301237,0.698763,0.360898,0.445928,0.061242,0.036209,0.384995,0.366524,0.340431,0.319707
2023,UW Stout,12,85.052401,118.067414,75.325,11.628546,-16.171479,0,0,0,0,0.001985,0,0.25,0.212413,0.176471,0.823529,0.112903,0.28,0.039827,0.013276,0.387097,0.446272,0.35023,0.270951
2023,Uw-Parksde,11,97.069019,130.475891,66.8,24.987617,-5.812381,0,0,0,0,0.001207,0,0.24,0.224551,0.275862,0.724138,0.142857,0.478261,0.05988,0.02994,0.446429,0.391079,0.359416,0.275934
2023,VA Lynchburg,15,79.362682,140.369245,75.85,17.063481,-35.069841,0,0,0,0,0.000051,0,0.309091,0.294441,0.390805,0.609195,0.347305,0.375,0.048341,0.039552,0.329341,0.382082,0.360878,0.311536
2023,Va Wesleyn,8,92.11359,100.194102,67.6,18.04221,7.242214,0,0,0,0,0.03094,0,0.2,0.073964,0.277778,0.722222,0.246154,0.272727,0.073964,0.059172,0.384615,0.297159,0.313576,0.367045
2023,Valley Forge,16,56.742398,147.442764,78.85,24.427505,-57.372492,0,0,0,0,0,0,0.285714,0.355105,0.346154,0.653846,0.105263,0.357143,0.076094,0.063412,0.491228,0.371966,0.3502,0.37048
2023,Valparaiso,7,103.105871,99.160255,70.467187,15.076145,10.319896,1,6,0,0,0.255546,0,0.296407,0.180048,0.230911,0.769089,0.281857,0.535627,0.082929,0.036808,0.360691,0.388773,0.343342,0.302855
2023,Vanderbilt,2,116.469293,106.203213,67.495588,25.871043,25.525096,16,6,0,0,0.655172,0,0.342012,0.160359,0.310569,0.689431,0.322677,0.468531,0.073643,0.066671,0.422078,0.367299,0.336929,0.338628
2023,Vanguard,9,106.644603,112.085756,79.55,17.368345,6.568318,0,0,0,0,0.03094,0,0.318182,0.062854,0.275862,0.724138,0.243243,0.566667,0.138278,0.012571,0.297297,0.362176,0.361946,0.268394
2023,VCU,2,111.680079,88.104218,68.176471,19.689909,26.992776,16,11,0,0,0.859933,0,0.347315,0.195858,0.278269,0.721731,0.418042,0.530733,0.131148,0.066868,0.327833,0.3744,0.342812,0.322463
2023,Vermont,4,115.098341,98.754641,66.400758,14.612,20.441433,4,13,0,0,0.859673,0,0.359039,0.139648,0.207729,0.792271,0.287338,0.512528,0.089904,0.044267,0.42803,0.361919,0.350311,0.303717
2023,Villanova,2,116.528577,98.112156,65.084091,25.77706,27.688833,11,5,0,0,0.573665,0,0.33993,0.155975,0.226923,0.773077,0.307047,0.471264,0.086136,0.025608,0.480425,0.366286,0.346084,0.304079
2023,Virginia,1,116.525149,91.595347,62.553906,23.196141,30.014334,17,6,0,0,0.585181,0,0.353323,0.136882,0.257561,0.742439,0.345412,0.657997,0.110405,0.067442,0.360608,0.374207,0.340711,0.310715
2023,Virginia St,11,85.677534,112.246342,72.25,15.430621,-8.369367,0,0,0,0,0.003845,0,0.357143,0.193772,0.375,0.625,0.508475,0.555556,0.124567,0.013841,0.237288,0.383991,0.321127,0.348296
2023,Virginia Tech,2,119.008919,100.19402,66.798485,22.60117,26.189417,11,7,0,0,0.493834,0,0.361842,0.148797,0.254991,0.745009,0.263954,0.569367,0.078935,0.048087,0.396453,0.370106,0.345744,0.302371
2023,VMI,9,105.855203,108.897879,68.057812,11.199452,3.893214,1,3,1,0,0.204581,0,0.351136,0.188718,0.308576,0.691424,0.211128,0.45625,0.078977,0.016989,0.457618,0.406554,0.335853,0.309548
2023,Voorhees,12,90.078368,122.881351,71.375,13.18363,-13.616366,0,0,0,0,0.002342,0,0.272727,0.238179,0.3,0.7,0.081967,0.461538,0.084063,0.070053,0.360656,0.387097,0.340136,0.23239
2023,VT-Lyndon,14,77.357929,127.338881,71.325,8.714809,-28.085165,0,0,1,0,0.00047,0,0.42,0.315457,0.196078,0.803922,0.138614,0.621622,0.049071,0.056081,0.49505,0.414922,0.345649,0.260973
2023,VTSU Johnson,16,53.537473,115.442611,82.85,11.572709,-43.227267,0,0,0,0,0.000022,0,0.190476,0.27761,0.3,0.7,0.086957,0.411765,0.1207,0.01207,0.304348,0.421279,0.332847,0.292128
2023,W Carolina,6,110.821054,100.310925,69.782576,11.788618,15.059212,2,8,0,0,0.573195,0,0.344994,0.152421,0.268694,0.731306,0.339959,0.495272,0.077731,0.037345,0.422528,0.397871,0.333933,0.30415
2023,W Colorado,9,98.978515,113.3431,71.825,22.241832,3.941798,0,0,0,0,0.013292,0,0.38,0.20188,0.265625,0.734375,0.112,0.519231,0.04873,0.013923,0.4,0.356391,0.333104,0.350074
2023,W Illinois,7,110.281957,101.465616,68.666667,11.207809,11.767792,0,12,0,0,0.398756,0,0.320552,0.155825,0.274586,0.725414,0.319088,0.515723,0.084466,0.051942,0.37151,0.383245,0.335034,0.299734
2023,W Michigan,8,109.237036,106.79725,66.61129,12.409872,8.455033,1,3,0,0,0.223821,0,0.330251,0.191288,0.330716,0.669284,0.264835,0.503817,0.069251,0.032931,0.415934,0.38382,0.329111,0.311845
2023,W Montana,8,100.608034,105.633486,55.275,13.496624,8.696589,0,0,0,0,0.073013,0,0.310345,0.12664,0.233333,0.766667,0.176471,0.526316,0.072365,0,0.568627,0.406162,0.337931,0.289636
2023,Wabash,14,77.12082,134.340035,61.95,12.804558,-24.99544,0,0,0,0,0.000377,0,0.259259,0.225989,0.230769,0.769231,0.037736,0.526316,0.016142,0.064568,0.509434,0.432681,0.351064,0.250863
2023,Wagner,8,100.749406,94.01759,64.050893,6.510295,8.360323,1,6,4,0,0.42209,0,0.310463,0.186793,0.358209,0.641791,0.247695,0.517557,0.105385,0.027322,0.358328,0.361829,0.334094,0.314636
2023,Wake Forest,3,116.664752,96.873385,70.429545,22.557067,24.98738,13,4,0,0,0.497448,0,0.363741,0.171674,0.243578,0.756422,0.321111,0.505695,0.085622,0.038723,0.453641,0.367675,0.34012,0.303526
2023,Waldorf,14,85.646402,142.626631,67.025,14.512711,-27.287312,0,0,0,0,0.000193,0,0.222222,0.164118,0.3125,0.6875,0.333333,0.368421,0.02984,0.02984,0.315789,0.386029,0.336054,0.31355
2023,Walla Walla,16,66.706754,156.170991,76.275,10.790192,-60.009847,0,0,0,0,0.000002,0,0.3125,0.262209,0.222222,0.777778,0.155172,0.315789,0.026221,0,0.275862,0.365197,0.340125,0.353177
2023,Warner Pac,12,90.590561,129.830833,77.125,21.738254,-17.061779,0,0,0,0,0.000319,0,0.324324,0.181524,0.166667,0.833333,0.25,0.263158,0.06483,0.038898,0.616667,0.340834,0.338164,0.437431
2023,Warren Wilson,16,79.968143,140.026128,87.275,18.962056,-41.837939,0,0,0,0,0.000022,0,0.268041,0.255896,0.372093,0.627907,0.126168,0.424658,0.106942,0.007639,0.453271,0.385765,0.359524,0.342065
2023,Wartburg,15,70.215511,133.353557,75.65,15.552956,-37.247044,0,0,0,0,0.000031,0,0.153846,0.290813,0.322581,0.677419,0.245614,0.444444,0.092531,0.013219,0.45614,0.39094,0.340486,0.309843
2023,Wash Coll (MD),12,77.115086,114.008873,73.5125,12.395277,-17.904691,0,0,0,0,0.001893,0,0.274194,0.285666,0.230769,0.769231,0.175926,0.702703,0.074817,0.027206,0.574074,0.374116,0.363788,0.257389
2023,Washington,3,106.787469,90.771266,70.596094,25.220059,23.363788,9,7,0,0,0.321588,0,0.312874,0.198311,0.264081,0.735919,0.316511,0.468193,0.097385,0.073039,0.366429,0.374497,0.338113,0.314575
2023,Washington St,2,113.706599,95.491592,64.966667,25.021925,27.451318,9,8,0,0,0.664451,0,0.369077,0.185177,0.312825,0.687175,0.281872,0.495564,0.073231,0.04198,0.431415,0.370719,0.337493,0.317503
2023,Wayne St (MI),9,91.945954,98.530236,74.025,7.962533,2.162533,0,0,0,0,0.063849,0,0.347826,0.283688,0.189189,0.810811,0.372549,0.26087,0.067545,0.027018,0.45098,0.332786,0.315789,0.314724
2023,Webber Int,10,94.335319,118.239531,66.8,17.177046,-3.622947,0,0,0,0,0.006295,0,0.363636,0.269461,0.40625,0.59375,0.137931,0.454545,0.10479,0.01497,0.37931,0.436343,0.38946,0.244532
2023,Weber St,5,106.442447,95.230605,66.834848,16.664634,16.74945,3,13,0,0,0.579017,0,0.33694,0.191335,0.21124,0.78876,0.334684,0.450578,0.09068,0.02131,0.374638,0.38247,0.350085,0.317043
2023,Wells College,11,85.183038,112.811139,77.275,21.537893,-8.262073,0,0,0,0,0.001425,0,0.5,0.284698,0.15,0.85,0.163636,0.666667,0.090586,0,0.254545,0.350505,0.407781,0.272727
2023,West Coast,16,68.421113,154.44337,77.85,21.160975,-54.139056,0,0,0,0,0.000001,0,0.287879,0.263327,0.191489,0.808511,0.101695,0.529412,0.038536,0.006423,0.559322,0.412747,0.338216,0.350371
2023,West Virginia,1,118.588109,94.265594,70.17197,28.145474,32.639591,13,6,0,0,0.420421,0,0.348331,0.184827,0.328559,0.671441,0.396943,0.505814,0.095437,0.044048,0.363205,0.366086,0.341695,0.324622
2023,Westcliff,11,84.511711,115.627274,71.95,17.099875,-10.700161,0,0,0,0,0.005318,0,0.242424,0.250174,0.347826,0.652174,0.396396,0.405405,0.132036,0.013899,0.297297,0.392375,0.353368,0.332732
2023,Western KY,5,109.362197,96.528881,68.953788,16.763778,17.521349,5,8,0,0,0.478156,0,0.358273,0.168317,0.260191,0.739809,0.315155,0.495828,0.089652,0.076028,0.364447,0.383835,0.338844,0.303019
2023,Western NE,15,74.101346,118.859819,82.4,7.141156,-30.65881,0,0,0,0,0.000377,0,0.2,0.303398,0.1875,0.8125,0.461538,0.5,0.084951,0.024272,0.384615,0.365135,0.313269,0.276224
2023,Western NM,11,86.27113,114.214896,82.3,27.776915,-8.023108,0,0,0,0,0.000525,0,0.368421,0.170109,0.314286,0.685714,0.424242,0.619048,0.072904,0.024301,0.287879,0.268997,0.355932,0.395643
2023,Western Oregon,10,92.193597,116.423183,77.175,26.471965,-3.328058,0,0,0,0,0.001425,0,0.434783,0.259151,0.15,0.85,0.240741,0.772727,0.090703,0.012958,0.425926,0.404382,0.339901,0.323705
2023,Westminster PA,14,86.090593,134.716201,82.425,20.660069,-28.139935,0,0,0,0,0.00006,0,0.333333,0.206248,0.314286,0.685714,0.04,0.592593,0.048529,0.024264,0.44,0.352912,0.367832,0.297137
2023,Westminster UT,10,103.953647,129.980389,73.525,28.880048,-3.519977,0,0,0,0,0.001482,0,0.333333,0.265216,0.196721,0.803279,0.372549,0.387755,0.074804,0.034002,0.235294,0.415135,0.366642,0.336696
2023,Westmont,10,77.50363,99.888834,74.975,19.466857,-4.333177,0,0,0,0,0.003845,0,0.130435,0.280093,0.225806,0.774194,0.411765,0.5,0.080027,0,0.45098,0.415649,0.380507,0.436737
2023,Whittier,16,61.831677,138.940524,71.225,8.181767,-47.618272,0,0,0,0,0.000019,0,0.16,0.23868,0.411765,0.588235,0.174603,0.466667,0.0702,0.01404,0.396825,0.331412,0.32,0.352738
2023,Wichita St,3,110.695013,92.415588,68.666406,20.847321,22.778568,7,8,0,0,0.598858,0,0.309489,0.182495,0.268272,0.731728,0.30832,0.515115,0.092385,0.058708,0.372485,0.378519,0.33486,0.327499
2023,Wiley,13,79.523985,122.856968,75.6,19.350463,-20.449563,0,0,0,0,0.00027,0,0.269231,0.383598,0.3125,0.6875,0.326531,0.777778,0.066138,0.05291,0.530612,0.257442,0.33833,0.450386
2023,Wilkes,11,89.281058,118.616343,74.075,19.805964,-8.994008,0,0,0,0,0.001682,0,0.233333,0.161998,0.15,0.85,0.293103,0.619048,0.040499,0.0135,0.517241,0.38765,0.359882,0.293882
2023,Wilkes-Barre,13,75.031071,113.265758,76.475,12.627886,-20.172101,0,0,0,0,0.002741,0,0.302326,0.30729,0.288136,0.711864,0.407767,0.705882,0.058843,0.019614,0.417476,0.325331,0.353685,0.338473
2023,William & Mary,8,106.83989,103.053637,65.531061,12.081028,8.923472,4,5,1,0,0.415273,0,0.366762,0.184044,0.30137,0.69863,0.305631,0.506953,0.092022,0.030982,0.381629,0.378113,0.331981,0.295065
2023,William Carey,12,77.823752,112.257464,72.3375,16.967121,-13.332889,0,0,0,0,0.001316,0,0.387755,0.37325,0.344262,0.655738,0.34375,0.529412,0.110593,0.03456,0.510417,0.354787,0.34728,0.321979
2023,William Peace,13,86.8488,131.923254,70.85,14.244882,-21.555109,0,0,0,0,0.000525,0,0.333333,0.254058,0.2,0.8,0.113208,0.73913,0.0988,0.042343,0.566038,0.384356,0.333821,0.388858
2023,William Woods,13,69.891345,112.048454,74.75,12.398588,-22.401414,0,0,0,0,0.000621,0,0.227273,0.227425,0.2,0.8,0.175439,0.55,0.080268,0.053512,0.385965,0.396925,0.325666,0.378184
2023,WILMNGTNDE,11,76.498741,98.974838,75.225,13.468843,-7.331133,0,0,0,0,0.006295,0,0.315789,0.239282,0.277778,0.722222,0.177419,0.428571,0.132935,0.053174,0.306452,0.365788,0.320588,0.331361
2023,Wilms Baptist,13,70.366862,118.563028,67.75,11.27485,-23.525151,0,0,0,0,0.000621,0,0.136364,0.162362,0.36,0.64,0.163934,0.411765,0.088561,0.02952,0.360656,0.349628,0.37234,0.303932
2023,Winthrop,6,112.788608,104.587251,68.171094,13.156927,12.569434,1,9,0,0,0.579399,0,0.373844,0.204907,0.261833,0.738167,0.40754,0.465057,0.075178,0.044924,0.453022,0.37147,0.335464,0.315448
2023,Wisconsin,2,109.560231,101.67438,64.719355,26.36081,27.589384,14,5,0,0,0.517319,0,0.35,0.134576,0.253099,0.746901,0.24072,0.489824,0.094203,0.022429,0.404949,0.383908,0.344747,0.299621
2023,Wofford,6,115.200834,102.822682,67.521212,12.938694,15.084156,5,7,1,0,0.394048,0,0.330214,0.162463,0.286765,0.713235,0.2881,0.454746,0.084373,0.030518,0.390397,0.398885,0.337759,0.312915
2023,Wright St,5,112.039562,96.522639,73.65,10.11753,16.329645,0,11,0,0,0.530906,0,0.357143,0.172396,0.250825,0.749175,0.241695,0.480116,0.085169,0.040733,0.27636,0.388521,0.335591,0.300427
2023,WV Wesleyan,15,79.066,142.787205,75.275,13.348887,-38.451113,0,0,0,0,0.000037,0,0.4,0.332116,0.37037,0.62963,0.160714,0.47619,0.106277,0,0.357143,0.369223,0.334282,0.265231
2023,Wyoming,4,111.672674,99.868343,66.760484,23.075786,19.553187,5,3,0,0,0.226799,0,0.348958,0.179264,0.247485,0.752515,0.331548,0.466216,0.072962,0.038172,0.457143,0.378061,0.350511,0.319326
2023,Xavier,1,122.225987,102.539415,72.088235,26.549973,32.895926,21,6,0,0,0.680761,0,0.395385,0.175031,0.280469,0.719531,0.308137,0.63778,0.090575,0.044064,0.312951,0.369542,0.346629,0.311043
2023,Yale,2,116.500122,90.705154,68.364655,14.224257,27.184275,10,6,1,0,0.706131,0,0.36227,0.163424,0.260274,0.739726,0.304476,0.52142,0.092304,0.060527,0.352768,0.398273,0.336593,0.297224
2023,Youngstown St,3,120.287326,101.341342,70.907576,11.436542,20.660069,0,18,0,0,0.607152,0,0.367832,0.156841,0.291488,0.708512,0.297137,0.513568,0.099147,0.038035,0.352912,0.380705,0.337457,0.285702
2024,Abilene Chrstn,5,106.044183,102.31842,72.289844,16.438484,15.120827,6,9,0,0,0.656179,0,0.340909,0.174644,0.293458,0.706542,0.388386,0.499383,0.109369,0.028099,0.257858,0.345292,0.324187,0.367113
2024,Adams St,10,104.623314,123.314154,74.3625,22.286624,-0.013389,0,0,0,0,0.047161,0,0.3,0.194991,0.311475,0.688525,0.25,0.436364,0.080686,0.013448,0.322581,0.394494,0.34422,0.347275
2024,Air Force,6,110.88805,106.350931,63.762097,20.358066,13.85483,2,4,0,0,0.126783,0,0.360634,0.1882,0.258028,0.741972,0.296135,0.620358,0.102194,0.061721,0.471945,0.368547,0.338199,0.337543
2024,Akron,10,115.101024,96.029988,67.326471,14.700417,22.066132,8,12,0,0,0.497675,0,0.328144,0.169936,0.282974,0.717026,0.32582,0.502247,0.083876,0.043248,0.427766,0.381569,0.336465,0.307507
2024,Alabama,2,131.523327,115.163514,74.867188,29.45336,37.826334,21,4,0,0,0.570287,0,0.365325,0.159866,0.321231,0.678769,0.352147,0.520728,0.096838,0.055515,0.467438,0.387316,0.347885,0.347697
2024,Alabama A&M,8,99.554299,107.179248,72.117424,12.2777,6.089128,0,7,1,0,0.510084,0,0.284836,0.224382,0.317909,0.682091,0.478959,0.456839,0.105468,0.053364,0.27021,0.357461,0.332083,0.343242
2024,Alabama St,8,99.048733,94.788507,71.19375,7.716397,7.303897,0,5,2,0,0.251813,0,0.281211,0.158458,0.357937,0.642063,0.283661,0.446891,0.121587,0.05399,0.379971,0.35424,0.325602,0.355169
2024,Albany St,6,110.249757,98.908293,84.625,4.385252,14.585251,0,0,0,0,0.91689,0,0.576923,0.141802,0.310345,0.689655,0.538462,0.666667,0.141802,0.059084,0.4,0.294818,0.343434,0.276355
2024,Alcorn St,8,109.529214,108.29776,68.532031,13.289282,8.858031,0,7,0,0,0.852271,0,0.337398,0.168717,0.331492,0.668508,0.377634,0.453545,0.100318,0.025536,0.265802,0.353487,0.32795,0.356397
2024,Alice Lloyd,14,88.508723,140.141892,72.1625,13.343327,-27.456672,0,0,1,0,0.002273,0,0.28125,0.110861,0.271186,0.728814,0.049645,0.387755,0.097003,0.020786,0.453901,0.405129,0.346391,0.30354
2024,American,7,111.743633,103.430679,63.553125,10.18977,11.139782,1,8,3,0,0.429066,0,0.351385,0.170625,0.275168,0.724832,0.282759,0.574169,0.091459,0.026553,0.456322,0.405855,0.334276,0.293522
2024,Anderson SC,2,109.999644,89.869722,76.55,19.426062,27.626065,1,0,0,0,0.893971,0,0.333333,0.143697,0.404255,0.595745,0.236842,0.580645,0.169824,0.026127,0.315789,0.481013,0.323887,0.321811
2024,Andrews Univer,16,46.029912,144.059917,86.275,18.917271,-73.882731,0,0,0,0,0,0,0.129032,0.336134,0.242424,0.757576,0.147541,0.428571,0.034773,0,0.508197,0.423812,0.363006,0.303773
2024,Angelo State,10,86.422061,112.805739,64.75,26.291381,0.491381,0,0,0,0,0.002764,0,0.272727,0.169884,0.192308,0.807692,0.185185,0.388889,0.07722,0.046332,0.407407,0.393277,0.377493,0.30028
2024,ANTELOPE,10,99.864634,110.661681,82.175,14.1293,0.329285,0,0,0,0,0.019442,0,0.235294,0.231214,0.324324,0.675676,0.188406,0.454545,0.085184,0.048677,0.246377,0.348737,0.300462,0.362171
2024,App State,3,116.051985,93.022052,70.614394,14.140622,25.187683,8,17,0,0,0.77916,0,0.335394,0.152343,0.26426,0.73574,0.319233,0.501035,0.087972,0.096984,0.318249,0.373493,0.326878,0.325236
2024,Apprentice,13,72.618257,115.763758,76.175,16.191878,-22.108117,0,0,0,0,0.000653,0,0.315789,0.236298,0.177778,0.822222,0.232143,0.428571,0.098457,0.006564,0.508929,0.309429,0.339862,0.398673
2024,Aquinas,16,99.174827,167.402084,74.275,10.240333,-42.559667,0,0,0,0,0.000031,0,0.352941,0.242343,0.407407,0.592593,0.142857,0.62069,0.026927,0.013463,0.269841,0.39069,0.338688,0.311192
2024,AR-Fort Smith,12,87.364611,123.524431,72.55,13.322932,-16.477067,0,0,0,0,0.001425,0,0.304348,0.137836,0.25,0.75,0.290323,0.727273,0.041351,0.013784,0.370968,0.451961,0.33731,0.343627
2024,AR-Pine Bluff,9,110.501329,108.196246,74.030645,6.592144,5.192143,0,5,1,0,0.337019,0,0.375278,0.178653,0.242764,0.757236,0.374519,0.574416,0.07974,0.029195,0.493136,0.34651,0.315074,0.342689
2024,Arcadia,14,73.350565,133.371517,69.175,19.578722,-28.22127,0,0,0,0,0.000071,0,0.166667,0.289122,0.26087,0.73913,0.265306,0.588235,0.101193,0,0.367347,0.340745,0.327769,0.347466
2024,Arizona,1,127.401309,95.972464,74.559091,27.015441,41.654325,25,1,0,0,0.707829,0,0.371223,0.161353,0.31059,0.68941,0.367309,0.590778,0.110955,0.046739,0.326444,0.367471,0.34998,0.329087
2024,Arizona St,3,106.932828,95.073108,70.805469,26.96741,21.598653,12,2,0,0,0.318944,0,0.300279,0.147852,0.25282,0.74718,0.330878,0.486726,0.116075,0.051638,0.376644,0.364341,0.349126,0.322225
2024,Ark Baptist,12,80.842604,110.135335,75.925,5.192143,-16.607858,0,0,1,0,0.005344,0,0.157895,0.184392,0.235294,0.764706,0.389831,0.7,0.079025,0.026342,0.322034,0.493136,0.375278,0.374519
2024,Arkansas,3,115.118382,99.71411,73.334091,25.961198,23.155139,11,5,0,0,0.420323,0,0.3184,0.163221,0.246491,0.753509,0.452582,0.450524,0.081817,0.083057,0.329294,0.383906,0.343131,0.345799
2024,Arkansas St,4,118.098611,112.946359,70.358088,17.691664,19.761933,8,12,0,0,0.669285,0,0.348534,0.161359,0.338983,0.661017,0.32735,0.526767,0.079426,0.062704,0.43505,0.347638,0.335196,0.342692
2024,Arlington Bapt,16,68.944171,161.534418,79.4,6.267261,-67.532743,0,0,0,0,0.000001,0,0.166667,0.2267,0.5,0.45,0.358209,0.315789,0.088161,0.025189,0.179104,0.461924,0.312364,0.296593
2024,Army,9,97.86815,97.453244,63.821094,9.616273,5.285036,0,6,4,0,0.398786,0,0.319797,0.190474,0.283472,0.716528,0.257012,0.567185,0.090096,0.061696,0.451059,0.392731,0.329387,0.288459
2024,Asbury,13,98.869468,134.953601,79.975,18.115866,-17.684132,0,0,0,0,0.000525,0,0.34375,0.187559,0.233333,0.766667,0.33871,0.375,0.06252,0,0.516129,0.401336,0.380282,0.273895
2024,Auburn,1,126.003792,89.930898,71.154412,25.432528,39.683959,21,6,0,0,0.709651,0,0.352258,0.148806,0.297905,0.702095,0.382012,0.621567,0.104165,0.08763,0.374758,0.384048,0.338396,0.352692
2024,Augustine,15,70.876561,133.925699,70.8,8.79986,-37.000132,0,0,0,0,0.000099,0,0.15,0.240113,0.190476,0.809524,0.148148,0.5,0.056497,0.014124,0.37037,0.386782,0.344725,0.33908
2024,Aurora,15,71.564979,129.598209,73.075,16.797258,-31.002743,0,0,0,0,0.000071,0,0.166667,0.164215,0.392857,0.607143,0.265625,0.4375,0.095792,0.041054,0.28125,0.409964,0.363291,0.259471
2024,Austin Peay,5,117.037935,108.301133,66.683824,13.300263,14.865977,3,11,0,0,0.655587,0,0.366712,0.130996,0.316652,0.683348,0.309127,0.412214,0.105855,0.04146,0.36261,0.382858,0.337745,0.311609
2024,Ave Maria,8,105.135544,108.141292,70.8,13.865881,8.065884,0,0,0,0,0.063849,0,0.3,0.127119,0.3,0.7,0.114286,0.64,0.056497,0,0.714286,0.387452,0.355114,0.27628
2024,Avila,12,83.299491,112.032645,69.625,8.196032,-12.603975,0,0,1,0,0.010714,0,0.357143,0.258528,0.338462,0.661538,0.27027,0.5,0.071813,0.028725,0.252252,0.36575,0.307211,0.338404
2024,B'tine Mesa,11,92.895889,126.320206,72.075,19.641095,-11.158924,0,0,0,0,0.001207,0,0.47619,0.221991,0.333333,0.666667,0.278689,0.619048,0.055498,0.041623,0.344262,0.401224,0.348128,0.35448
2024,Bakersfield,6,107.252629,97.626779,67.310937,14.746064,14.377296,3,8,0,0,0.426976,0,0.315126,0.180598,0.344454,0.655546,0.323482,0.415118,0.102138,0.052926,0.255776,0.358514,0.335123,0.34276
2024,Ball State,6,111.144745,99.691186,68.544355,10.983759,13.357954,1,9,0,0,0.424227,0,0.361934,0.17601,0.269694,0.730306,0.385284,0.50065,0.080005,0.045179,0.371379,0.37602,0.326615,0.317058
2024,Bard,15,58.855088,123.643042,66.85,14.294803,-32.505184,0,0,0,0,0.000084,0,0.037037,0.299177,0.40625,0.59375,0.105263,0.266667,0.074794,0.029918,0.473684,0.385723,0.375,0.298685
2024,Baylor,1,126.918774,99.948739,68.749242,27.887024,36.441309,18,5,0,0,0.507069,0,0.388039,0.17587,0.323883,0.676117,0.397354,0.536692,0.097852,0.046722,0.380423,0.371085,0.343624,0.323289
2024,Belhaven,11,89.212356,105.185214,74.075,4.181293,-6.618712,0,0,1,0,0.03094,0,0.315789,0.229497,0.3125,0.6875,0.265625,0.333333,0.053999,0.027,0.296875,0.291152,0.303905,0.381611
2024,Bellarmine,8,107.874904,106.585469,67.280645,13.280486,8.409518,0,4,1,0,0.3969,0,0.340974,0.142398,0.244244,0.755756,0.224279,0.526976,0.078631,0.028767,0.379967,0.390008,0.34734,0.30386
2024,Bellevue Univ,10,89.219364,107.196407,69.75,13.233001,-2.567013,0,0,0,0,0.014154,0,0.322581,0.200717,0.15,0.85,0.181818,0.380952,0.100358,0.028674,0.563636,0.336893,0.326466,0.391885
2024,Belmont,3,114.531373,97.905165,72.221212,19.136276,21.566579,8,11,0,0,0.78924,0,0.371147,0.168674,0.209735,0.790265,0.303249,0.546638,0.104057,0.042378,0.418257,0.398752,0.338623,0.306968
2024,Berea,14,88.049714,138.419813,69.325,8.409518,-27.390481,0,0,0,0,0.000525,0,0.391304,0.201947,0.3,0.7,0.114754,0.347826,0.014425,0.02885,0.377049,0.379967,0.340974,0.224279
2024,Berry,11,82.923582,111.263578,78.275,21.566579,-9.23342,0,0,0,0,0.001207,0,0.2,0.242734,0.354839,0.645161,0.136364,0.347826,0.14053,0.038326,0.454545,0.418257,0.371147,0.303249
2024,Bethany (WV),14,82.032117,131.188784,83.0125,17.542663,-30.257337,0,0,0,0,0.00037,0,0.3,0.240928,0.403509,0.596491,0.135714,0.652174,0.078301,0.012046,0.5,0.381336,0.340901,0.300236
2024,Bethel (IN),9,87.008218,98.525353,77.075,18.763112,2.963112,0,0,0,0,0.014154,0,0.2,0.181641,0.315789,0.684211,0.253731,0.5,0.103795,0.012974,0.298507,0.292094,0.383128,0.327515
2024,Bethel (TN),10,93.120579,102.217179,73.4625,3.534185,-1.765816,0,0,2,0,0.069357,0,0.526316,0.217798,0.305556,0.694444,0.18254,0.54386,0.088481,0.027225,0.150794,0.350394,0.318258,0.292783
2024,Bethesda,14,83.236231,132.56959,81.496875,19.141584,-29.183432,0,0,0,0,0.000152,0,0.253968,0.220867,0.266055,0.733945,0.194981,0.385027,0.081291,0.015338,0.364865,0.369517,0.336305,0.325608
2024,Bethune,8,103.024204,100.722967,72.29697,7.658582,8.293876,0,11,1,0,0.493166,0,0.319079,0.194903,0.312331,0.687669,0.378772,0.487273,0.143348,0.046944,0.316337,0.342473,0.320069,0.352153
2024,Biblical Stud,11,96.33561,125.633396,73.133333,16.096273,-10.370396,0,0,0,0,0.014321,0,0.268657,0.268915,0.391753,0.608247,0.128342,0.512195,0.059253,0.045579,0.358289,0.336888,0.347874,0.357609
2024,Binghamton,7,107.988453,100.422593,69.254167,11.08341,11.163423,0,10,0,0,0.494857,0,0.30597,0.175681,0.268527,0.731473,0.342348,0.543071,0.072198,0.054389,0.3084,0.391821,0.330659,0.282221
2024,Birm-Southern,15,68.834655,118.747908,75.7,4.181293,-32.618712,0,0,1,0,0.000445,0,0.172414,0.237781,0.378378,0.621622,0.181818,0.444444,0.06605,0.03963,0.439394,0.291152,0.303905,0.381611
2024,Blackburn,11,95.654343,119.007179,71.275,8.729301,-9.070699,0,0,0,0,0.010259,0,0.391304,0.210452,0.241379,0.758621,0.152542,0.461538,0.070151,0,0.389831,0.285714,0.318681,0.267399
2024,Bloomsburg,11,79.122512,107.233561,75.125,16.889137,-9.91086,0,0,0,0,0.002342,0,0.16,0.22629,0.25,0.75,0.254237,0.526316,0.106489,0.039933,0.423729,0.420506,0.317938,0.320235
2024,Blue Mountain,12,86.603195,121.472982,70.8875,13.666887,-14.633114,0,0,0,0,0.001884,0,0.254902,0.148122,0.318841,0.681159,0.224806,0.5,0.098748,0,0.395349,0.379587,0.363668,0.355625
2024,Bluefield,12,91.077647,122.042156,81.175,13.840573,-15.959425,0,0,0,0,0.001425,0,0.25,0.197105,0.388889,0.611111,0.178082,0.285714,0.098553,0.024638,0.219178,0.410959,0.310345,0.290505
2024,Bob Jones,13,80.878664,125.192455,72.0625,18.964438,-19.335557,0,0,0,0,0.000348,0,0.26,0.235906,0.204082,0.795918,0.132743,0.414634,0.090199,0.041631,0.442478,0.438181,0.332675,0.403674
2024,Boise St,1,120.664008,94.375326,67.53125,24.003332,31.239686,12,8,0,0,0.598475,0,0.345479,0.165201,0.306723,0.693277,0.368364,0.479042,0.085146,0.035632,0.401408,0.371558,0.344415,0.321392
2024,Boston College,2,117.792959,102.508116,68.382353,25.030575,27.075024,13,6,0,0,0.504154,0,0.360969,0.155269,0.265442,0.734558,0.255528,0.518797,0.087742,0.051613,0.385258,0.373541,0.341022,0.312754
2024,Boston U,7,103.295096,96.209663,66.695455,10.446582,10.392049,1,11,3,0,0.667354,0,0.332896,0.17447,0.262887,0.737113,0.302802,0.55599,0.098139,0.046344,0.411099,0.380433,0.327181,0.296842
2024,Bowie State,9,102.067525,110.053688,75.9,16.823833,5.023841,0,0,0,0,0.02655,0,0.4,0.144928,0.323529,0.676471,0.054054,0.65625,0.118577,0.02635,0.27027,0.418727,0.360553,0.344029
2024,Bowling Green,6,108.717586,99.569136,70.430303,12.270168,14.387816,4,12,0,0,0.429091,0,0.297183,0.162637,0.301033,0.698967,0.358329,0.432084,0.092505,0.039153,0.357323,0.374713,0.337041,0.301973
2024,Boyce,14,77.435032,129.714373,72.733333,13.046012,-28.420656,0,0,0,0,0.000516,0,0.3,0.174152,0.2625,0.7375,0.172043,0.31746,0.068744,0.041247,0.268817,0.403585,0.344831,0.28164
2024,Bradley,2,117.95154,98.178434,67.425758,20.992241,27.597954,13,10,0,0,0.600685,0,0.372647,0.179771,0.268761,0.731239,0.27451,0.492737,0.107413,0.060673,0.422364,0.383779,0.337023,0.328969
2024,Brescia,12,77.273622,111.146398,76.425,16.099315,-15.200684,0,0,0,0,0.004746,0,0.142857,0.196271,0.296552,0.703448,0.19697,0.362637,0.101407,0.022898,0.185606,0.366416,0.347086,0.328694
2024,Brevard,12,86.363173,125.333992,69.675,17.11432,-15.185675,0,0,0,0,0.009743,0,0.320755,0.251166,0.204545,0.795455,0.257426,0.615385,0.136347,0.021529,0.524752,0.421296,0.350309,0.382401
2024,Brewton Parker,10,110.853838,127.164817,77.725,7.944294,-5.855701,0,0,0,0,0.019442,0,0.529412,0.141525,0.419355,0.580645,0.476923,0.5,0.115793,0.025732,0.261538,0.324635,0.321543,0.361169
2024,Bridgewater VA,11,97.669581,127.224337,70.7,16.376616,-9.423377,0,0,0,0,0.003751,0,0.359375,0.19802,0.482143,0.517857,0.186047,0.586957,0.106082,0.056577,0.496124,0.396484,0.347171,0.344265
2024,Brown,5,109.851943,98.902187,68.594355,16.650236,16.372826,3,8,1,0,0.657044,0,0.34094,0.180585,0.315331,0.684669,0.331683,0.533248,0.092173,0.061606,0.409791,0.406636,0.339117,0.297533
2024,Bryan (TN),14,72.386786,114.944346,83.275,18.115866,-24.684132,0,0,0,0,0.000164,0,0.171429,0.168118,0.285714,0.714286,0.12,0.363636,0.084059,0.048034,0.466667,0.401336,0.380282,0.273895
2024,Bryant,4,108.01074,93.980979,76.300758,13.801549,17.522772,3,14,1,0,0.575707,0,0.33871,0.156081,0.208065,0.791935,0.298515,0.510482,0.091345,0.084593,0.3862,0.359477,0.328076,0.304786
2024,BRYN ATHYN,14,74.289485,125.783269,68.725,14.781265,-24.518727,0,0,1,0,0.000742,0,0.30303,0.225537,0.265306,0.734694,0.201835,0.371429,0.080029,0.014551,0.302752,0.42235,0.326071,0.304239
2024,Bucknell,7,105.154534,98.750932,64.943939,13.414087,11.959554,1,8,1,0,0.516067,0,0.338365,0.188974,0.257223,0.742777,0.290395,0.526385,0.094254,0.052726,0.449153,0.392732,0.339951,0.299466
2024,Buffalo,9,101.571251,106.906258,70.851613,15.988625,4.072499,0,3,0,0,0.222095,0,0.27748,0.204881,0.298797,0.701203,0.27541,0.538961,0.085595,0.064196,0.40765,0.379548,0.344833,0.314292
2024,Buffalo St,15,89.569574,146.666662,74.925,11.859491,-33.940495,0,0,0,0,0.000099,0,0.411765,0.16016,0.294118,0.705882,0.403509,0.45,0.066733,0.04004,0.298246,0.314465,0.361818,0.361921
2024,Butler,2,117.847936,97.676978,71.105469,26.304294,29.019447,11,5,0,0,0.324635,0,0.353562,0.152502,0.264184,0.735816,0.265554,0.536913,0.087458,0.046586,0.383409,0.38289,0.338527,0.301652
2024,BYU,5,126.034938,94.049559,69.931818,25.69866,36.416305,15,6,0,0,0.510719,0,0.348071,0.15253,0.301223,0.698777,0.252622,0.631959,0.084931,0.042899,0.506673,0.366932,0.339406,0.340919
2024,C Arkansas,9,105.126959,105.803176,71.276562,11.122201,5.290951,1,6,3,0,0.228416,0,0.342704,0.178004,0.308155,0.691845,0.288041,0.534884,0.098647,0.046035,0.380153,0.381031,0.338642,0.31241
2024,C Connecticut,7,107.701156,94.836455,68.454032,6.529903,12.31056,2,7,1,0,0.66894,0,0.322481,0.16399,0.268227,0.731773,0.320912,0.548148,0.109327,0.070686,0.358732,0.377273,0.321277,0.293715
2024,C Michigan,7,102.941538,97.945879,67.964062,14.690544,11.396796,3,12,1,0,0.46996,0,0.30303,0.176564,0.291738,0.708262,0.279787,0.460759,0.088282,0.054716,0.351064,0.375295,0.332033,0.322365
2024,CA Baptist,12,107.400847,94.888006,66.19697,16.240592,16.513307,5,9,0,0,0.239761,0,0.326409,0.179446,0.319903,0.680097,0.376952,0.488189,0.060883,0.039826,0.362951,0.345876,0.324089,0.352708
2024,Cairn,15,72.434417,56.329861,72.225,13.116778,-38.683207,0,0,0,0,0.000037,0,0.170732,0.193839,0.177419,0.822581,0.188034,0.378378,0.041537,0.013846,0.350427,0.378378,0.322129,0.315845
2024,Cal Maritime,11,88.706712,107.003744,74.6,0.671033,-10.12898,0,0,1,0,0.03094,0,0.384615,0.268097,0.3125,0.6875,0.280702,0.5,0.093834,0,0.45614,0.364926,0.315708,0.368899
2024,Cal Poly,8,99.413145,103.694756,67.821094,15.868778,5.63126,1,2,0,0,0.054813,0,0.331104,0.186612,0.283,0.717,0.320022,0.436718,0.079713,0.05391,0.336333,0.360061,0.332883,0.350014
2024,California,3,112.682437,99.10341,71.298438,25.53479,21.97228,12,1,1,0,0.387067,0,0.338147,0.16217,0.288478,0.711522,0.291919,0.464586,0.084592,0.036379,0.419697,0.360713,0.347912,0.333432
2024,Calumet,15,66.393257,116.732969,76.45,10.306064,-30.493933,0,0,0,0,0.000229,0,0.235294,0.248528,0.5,0.475,0.323529,0.466667,0.091563,0.026161,0.25,0.386238,0.326149,0.36515
2024,Campbell,8,108.887033,103.373947,67.414063,10.193603,8.79986,2,6,3,0,0.323958,0,0.344725,0.177541,0.236538,0.763462,0.33908,0.527295,0.093638,0.035694,0.386782,0.380872,0.320335,0.313009
2024,Campbellsville,10,101.948176,117.601623,81.075,19.926819,-0.873185,0,0,0,0,0.006295,0,0.241379,0.17268,0.377778,0.622222,0.223684,0.571429,0.061671,0.037003,0.381579,0.319961,0.339879,0.334944
2024,Canisius,7,106.471626,99.354625,69.217969,13.714426,12.295688,2,7,0,0,0.567507,0,0.336232,0.192779,0.324209,0.675791,0.283246,0.476813,0.086683,0.050113,0.361257,0.353735,0.337605,0.307507
2024,Car Christian,16,92.661667,168.01249,77.875,11.594674,-50.205322,0,0,0,0,0.000007,0,0.423077,0.205457,0.227273,0.772727,0.454545,0.529412,0.064205,0.025682,0.472727,0.412411,0.340278,0.331265
2024,Carolina U,16,75.025993,136.992628,78.766667,13.6466,-39.486728,0,0,0,0,0.00005,0,0.25,0.283538,0.351351,0.648649,0.153846,0.483333,0.093102,0.008464,0.593407,0.398608,0.346028,0.347782
2024,Carroll (MT),9,88.654184,101.822006,76.65,22.191528,3.391517,0,0,0,0,0.036939,0,0.275862,0.254403,0.276316,0.723684,0.229508,0.340426,0.110894,0.052185,0.237705,0.322437,0.309259,0.34173
2024,Central Penn,16,51.047967,125.120963,82.875,25.187683,-47.612315,0,0,0,0,0.000001,0,0.045455,0.144796,0.457143,0.542857,0.333333,0.3,0.120664,0.024133,0.293333,0.318249,0.335394,0.319233
2024,CENTRALCHR,14,81.934864,134.09301,71.75,11.103096,-28.696904,0,0,0,0,0.00027,0,0.291667,0.278746,0.214286,0.785714,0.188679,0.5,0.041812,0.041812,0.45283,0.366412,0.331944,0.32112
2024,Chaminade,11,83.076413,111.19621,72.75,27.902827,-6.76384,0,0,0,0,0.002402,0,0.22449,0.178694,0.3125,0.6875,0.157895,0.561404,0.114548,0.032073,0.515789,0.313563,0.332332,0.335973
2024,Champ Chrstn,15,78.905614,125.57048,86.0125,10.359593,-32.815408,0,0,3,0,0.000658,0,0.301802,0.24851,0.277311,0.722689,0.219697,0.470588,0.100276,0.042145,0.420455,0.352085,0.340512,0.355978
2024,Charleston,3,120.365822,102.637863,70.046324,15.668181,22.736759,9,15,0,0,0.850721,0,0.344562,0.141923,0.325926,0.674074,0.271364,0.533881,0.088597,0.044088,0.472273,0.392183,0.340959,0.312248
2024,Charleston So,8,103.993092,103.26941,68.158333,13.749323,7.789327,1,6,0,0,0.378209,0,0.330684,0.177528,0.281517,0.718483,0.306891,0.427972,0.056242,0.044015,0.364215,0.368552,0.342255,0.353569
2024,Charlotte,3,114.953064,96.511193,63.535484,19.310018,22.129375,7,11,0,0,0.502395,0,0.316535,0.152823,0.258449,0.741551,0.348036,0.544118,0.085297,0.05331,0.383686,0.387281,0.342392,0.327974
2024,Chattanooga,4,117.299568,98.6958,69.347727,12.905823,19.445219,4,11,0,0,0.599674,0,0.359423,0.17173,0.252902,0.747098,0.313838,0.501121,0.09089,0.052874,0.50705,0.388906,0.332333,0.306081
2024,Cheyney (PA),16,67.706794,125.55449,78.65,4.545976,-40.254018,0,0,1,0,0.000117,0,0.3,0.216147,0.413793,0.586207,0.208955,0.190476,0.101716,0.076287,0.298507,0.271214,0.293069,0.301289
2024,Chicago St,7,105.229858,106.244751,68.266667,11.454728,10.992227,2,7,0,0,0.58844,0,0.315966,0.196777,0.357071,0.642929,0.377136,0.46648,0.127441,0.047852,0.350619,0.35892,0.32896,0.321933
2024,Christendom,15,73.271703,121.172741,72,-0.969736,-31.769733,0,0,1,0,0.001207,0,0.314286,0.208333,0.214286,0.785714,0,0.333333,0.041667,0.027778,0.555556,0.347804,0.312036,0.267183
2024,Cincinnati,1,117.130027,98.036696,69.152941,26.364798,32.153987,14,7,0,0,0.592067,0,0.323797,0.173954,0.345238,0.654762,0.278588,0.533546,0.096121,0.063797,0.361882,0.381499,0.34832,0.334909
2024,Clark Atl,3,115.474669,94.315541,64.35,14.68731,24.887313,0,1,0,0,0.91689,0,0.3125,0.17094,0.263158,0.736842,0.509804,0.333333,0.10878,0.03108,0.313725,0.310046,0.345395,0.288118
2024,Clarks Summit,16,67.986544,131.405143,73.975,1.131833,-43.168162,0,0,2,0,0.000378,0,0.3,0.310916,0.339286,0.660714,0.415842,0.62069,0.081108,0.027036,0.39604,0.345176,0.303386,0.295851
2024,Cleary,12,80.619479,109.388711,76.3125,11.317149,-13.482848,0,0,1,0,0.036565,0,0.315789,0.29484,0.192308,0.807692,0.346535,0.590909,0.091728,0.06552,0.376238,0.322756,0.293721,0.336554
2024,Clemson,6,123.32068,107.858725,68.128906,27.723834,33.534948,21,3,0,0,0.59353,0,0.353642,0.149074,0.253002,0.746998,0.30634,0.534169,0.066051,0.057795,0.402238,0.374302,0.346979,0.332273
2024,Cleveland St,5,114.649322,106.657979,69.294118,13.235268,15.785268,7,8,0,0,0.588047,0,0.336364,0.148981,0.36569,0.63431,0.320906,0.474895,0.118846,0.056876,0.311468,0.382559,0.328425,0.313559
2024,Cmbrlnd KY,12,81.575973,115.588975,77.6,15.842986,-15.957015,0,0,0,0,0.001022,0,0.272727,0.257732,0.333333,0.666667,0.271186,0.666667,0.090206,0.012887,0.372881,0.339018,0.318598,0.357106
2024,CO Christian,12,91.746962,123.706709,77.975,12.970069,-15.829946,0,0,0,0,0.001682,0,0.166667,0.218019,0.342857,0.657143,0.333333,0.217391,0.051298,0.051298,0.47619,0.401807,0.347929,0.370423
2024,Coast Guard,16,66.897708,141.356261,78.75,16.986648,-47.813337,0,0,0,0,0.000004,0,0.21875,0.203175,0.269231,0.730769,0.153846,0.529412,0.101587,0.038095,0.492308,0.345679,0.352857,0.311605
2024,Coastal,8,106.889139,103.594876,72.245161,14.529274,8.735728,0,8,1,0,0.31712,0,0.321086,0.187533,0.2824,0.7176,0.32766,0.473054,0.079478,0.043311,0.332979,0.375416,0.331128,0.317917
2024,Coastal GA,13,77.049533,123.781492,72.2,14.36392,-23.436078,0,0,0,0,0.000463,0,0.297297,0.228532,0.222222,0.777778,0.210526,0.578947,0.069252,0.041551,0.324561,0.486716,0.365336,0.291267
2024,Coe,11,84.794767,107.272039,71.85,11.631533,-7.168467,0,0,0,0,0.008724,0,0.272727,0.167015,0.310345,0.689655,0.090909,0.583333,0.013918,0.027836,0.333333,0.315599,0.319149,0.356921
2024,Coker,10,100.740574,118.158567,78.575,11.479137,-5.320857,0,0,0,0,0.012056,0,0.16,0.203627,0.454545,0.545455,0.616667,0.52381,0.139994,0,0.416667,0.394181,0.332851,0.302339
2024,Col St Pueblo,9,81.997074,101.910972,76.125,31.60318,2.803168,0,0,0,0,0.001682,0,0.181818,0.262726,0.233333,0.766667,0.267857,0.315789,0.10509,0.013136,0.392857,0.387181,0.340511,0.324127
2024,Colby Sawyer,15,60.123594,127.286992,69.9,24.632709,-31.167283,0,0,0,0,0.000019,0,0.25,0.228898,0.227273,0.772727,0.070175,0.642857,0.085837,0.071531,0.421053,0.347826,0.347222,0.268921
2024,Colgate,4,112.158435,95.175682,66.289706,12.281573,19.504441,2,15,0,0,0.768932,0,0.361299,0.159727,0.227682,0.772318,0.273673,0.570321,0.09628,0.052799,0.384495,0.397775,0.335371,0.298806
2024,Colorado,1,123.01361,103.080145,69.596324,25.940749,33.016418,20,6,0,0,0.759488,0,0.393939,0.182143,0.270164,0.729836,0.352791,0.560748,0.085366,0.03085,0.304147,0.362758,0.343706,0.324972
2024,Colorado Coll,11,87.950322,113.45483,74.725,14.226939,-9.073077,0,0,0,0,0.00453,0,0.203704,0.207427,0.3625,0.6375,0.160584,0.395833,0.100368,0.05353,0.394161,0.383214,0.352182,0.332452
2024,Colorado St,1,121.570243,97.03613,67.513235,24.219857,31.60318,15,8,0,0,0.516914,0,0.340511,0.149862,0.235452,0.764548,0.324127,0.669157,0.096713,0.047485,0.387181,0.368868,0.344556,0.331236
2024,Columbia,6,113.576189,100.024012,69.947222,10.131829,14.294803,0,8,0,0,0.342938,0,0.375,0.174735,0.274896,0.725104,0.298685,0.628838,0.110665,0.032829,0.385723,0.421469,0.321145,0.282858
2024,Columbia Int'l,13,96.158647,135.478847,76.4125,16.740814,-19.05918,0,0,0,0,0.000592,0,0.285714,0.255194,0.224138,0.775862,0.236842,0.537037,0.039261,0.006543,0.307018,0.363233,0.342684,0.354062
2024,Conc.-St. Paul,12,82.910879,115.976465,71.9,14.356931,-13.443083,0,0,0,0,0.001985,0,0.222222,0.208623,0.258065,0.741935,0.063492,0.36,0.013908,0.027816,0.285714,0.418304,0.326329,0.310238
2024,Concordia CA,8,105.404603,112.918984,64.125,15.998671,7.198659,0,0,0,0,0.041721,0,0.454545,0.202729,0.15,0.85,0.319149,0.333333,0.077973,0,0.234043,0.322581,0.355,0.33172
2024,Coppin St,10,89.889812,105.8621,68.308036,13.034445,-1.158652,0,1,3,0,0.054265,0,0.285988,0.226913,0.320238,0.679762,0.312089,0.407733,0.109274,0.040782,0.342313,0.34666,0.331286,0.346652
2024,Cornell,3,119.916622,102.182772,71.744828,15.790122,23.723463,5,15,0,0,0.522387,0,0.346915,0.171585,0.272551,0.727449,0.280384,0.600928,0.117274,0.036528,0.485585,0.390007,0.334568,0.306571
2024,Covenant,13,69.506219,120.019966,70.175,19.445219,-22.354777,0,0,0,0,0.000193,0,0.16129,0.228001,0.5,0.481481,0.209677,0.5,0.185251,0,0.5,0.50705,0.359423,0.313838
2024,Creighton,1,125.675341,100.818025,69.303906,27.071946,37.249091,19,5,0,0,0.695449,0,0.361022,0.152408,0.21911,0.78089,0.245057,0.586096,0.057266,0.05952,0.488554,0.385561,0.342262,0.310462
2024,Crown,9,105.790535,120.766104,66.65,19.330797,3.530782,0,0,0,0,0.014154,0,0.45,0.150038,0.28125,0.71875,0.237288,0.708333,0.060015,0.015004,0.338983,0.454496,0.360676,0.289474
2024,CS D Hills,11,101.450418,124.228142,81.975,17.99845,-7.801568,0,0,0,0,0.002764,0,0.25,0.20738,0.361111,0.638889,0.308824,0.555556,0.097591,0.012199,0.529412,0.28611,0.308065,0.384402
2024,CSU Northridge,6,106.465165,95.406159,73.634559,13.059641,14.471389,3,12,0,0,0.406434,0,0.307263,0.191726,0.29507,0.70493,0.366586,0.502128,0.101055,0.045535,0.260048,0.360932,0.33298,0.334698
2024,Curry,16,49.632659,130.314416,85.025,14.114061,-59.685925,0,0,0,0,0.000001,0,0.129032,0.223464,0.216216,0.783784,0.292308,0.5,0.035284,0.047045,0.476923,0.438469,0.324292,0.292141
2024,D'Youville,14,86.373071,125.342659,84.075,12.295688,-24.504299,0,0,0,0,0.000445,0,0.210526,0.154624,0.5,0.485714,0.209877,0.461538,0.118941,0.023788,0.234568,0.361257,0.336232,0.283246
2024,Dall Christian,15,70.126905,125.763617,76.95625,12.872013,-33.677992,0,0,0,0,0.000149,0,0.287129,0.292374,0.351563,0.648438,0.290043,0.358209,0.055226,0.012994,0.437229,0.363918,0.324285,0.35447
2024,Dallas,13,71.767181,108.535382,80.975,18.042516,-18.75749,0,0,0,0,0.000445,0,0.166667,0.23464,0.4,0.6,0.308824,0.529412,0.111145,0.024699,0.352941,0.357803,0.351506,0.340349
2024,Dalton St,12,89.310584,125.513536,79.6,21.863694,-15.936302,0,0,0,0,0.000377,0,0.227273,0.188442,0.357143,0.642857,0.238806,0.333333,0.08794,0.012563,0.328358,0.36322,0.366059,0.281712
2024,Dartmouth,8,98.894216,102.618525,66.35,16.210403,6.328932,0,4,0,0,0.130053,0,0.305112,0.192023,0.222717,0.777283,0.291638,0.558923,0.066985,0.05303,0.432619,0.410401,0.343185,0.292124
2024,Davenport,11,93.027664,117.427648,74.125,11.396796,-9.403202,0,0,0,0,0.006295,0,0.333333,0.229342,0.393939,0.606061,0.238095,0.68,0.107926,0.053963,0.380952,0.351064,0.30303,0.279787
2024,Davidson,3,111.501673,94.377252,67.029687,19.934548,21.659553,7,6,0,0,0.270785,0,0.313752,0.157579,0.266486,0.733514,0.331498,0.514687,0.096506,0.052216,0.412445,0.396965,0.351335,0.328023
2024,Dayton,1,124.042576,101.212459,64.58629,23.766933,31.10633,18,7,0,0,0.596908,0,0.401907,0.158827,0.24283,0.75717,0.372192,0.582697,0.083409,0.061933,0.445659,0.379298,0.346572,0.33749
2024,DE Valley,10,84.686892,110.400327,70.225,26.329127,-1.470863,0,0,0,0,0.001985,0,0.24,0.128159,0.173913,0.826087,0.183333,0.25,0.156639,0.04272,0.416667,0.502151,0.357405,0.283958
2024,Defiance,16,68.484691,138.6412,70.166667,11.076042,-40.390624,0,0,1,0,0.002476,0,0.3125,0.384798,0.3125,0.6875,0.142857,0.673469,0.047506,0.023753,0.571429,0.326268,0.313204,0.3263
2024,Delaware,4,112.79342,97.453615,67.957576,14.460923,18.103354,2,12,0,0,0.49384,0,0.334808,0.158744,0.258065,0.741935,0.300469,0.50954,0.079372,0.044591,0.353678,0.390775,0.337411,0.307321
2024,Delaware St,8,101.600094,98.507332,71.931061,9.232846,9.10344,0,7,1,0,0.42685,0,0.321649,0.203899,0.330674,0.669326,0.394019,0.483636,0.116694,0.026962,0.25446,0.3483,0.32704,0.343586
2024,Delta St,10,97.972083,116.480131,75.075,9.714253,-6.085751,0,0,0,0,0.014154,0,0.162162,0.11988,0.441176,0.558824,0.232877,0.392857,0.10656,0.05328,0.506849,0.382702,0.34712,0.346523
2024,Denver,6,115.903801,106.532181,72.618382,12.346553,12.970069,2,11,0,0,0.382766,0,0.347929,0.137301,0.285833,0.714167,0.370423,0.469345,0.085459,0.053462,0.401807,0.394402,0.337306,0.303128
2024,DePaul,7,104.539305,109.61097,68.395313,28.327899,10.596651,1,2,0,0,0.04002,0,0.335008,0.198753,0.245005,0.754995,0.334889,0.54069,0.07676,0.045233,0.348308,0.387881,0.342857,0.308348
2024,DePauw,9,93.173911,103.991037,77.6,15.842986,2.042985,0,0,0,0,0.019442,0,0.347826,0.283505,0.277778,0.722222,0.275862,0.52,0.064433,0,0.396552,0.339018,0.318598,0.357106
2024,Detroit Mercy,9,101.295856,110.536227,69.025781,16.356231,2.874981,0,0,1,0,0.152621,0,0.280781,0.19241,0.3,0.7,0.302879,0.454665,0.100506,0.035313,0.368771,0.368783,0.337277,0.315754
2024,Dillard,11,89.958926,118.92501,78.5125,22.304008,-9.495996,0,0,0,0,0.001394,0,0.333333,0.216526,0.295775,0.704225,0.140741,0.458333,0.076421,0.050947,0.4,0.357229,0.359292,0.430857
2024,Dkta Wesleyan,10,79.493711,102.564337,75.8,19.812411,-4.987601,0,0,0,0,0.003261,0,0.2,0.105541,0.305556,0.694444,0.106667,0.5,0.118734,0.039578,0.533333,0.404352,0.362954,0.294534
2024,Doane,12,79.253162,115.04462,71.025,13.233001,-15.567013,0,0,0,0,0.001682,0,0.368421,0.267511,0.15,0.85,0.413043,0.375,0.056318,0.01408,0.413043,0.336893,0.326466,0.391885
2024,Drake,2,121.447635,95.917766,70.347794,20.165701,29.251414,15,13,0,0,0.751673,0,0.366915,0.136298,0.232021,0.767979,0.330198,0.559462,0.091562,0.022159,0.39802,0.383312,0.343545,0.322442
2024,Drexel,3,114.995976,95.009303,66.605469,14.074814,21.024822,6,10,0,0,0.497172,0,0.343949,0.162337,0.294493,0.705507,0.299576,0.471545,0.075538,0.059586,0.33298,0.396098,0.339496,0.30326
2024,Duke,3,126.67676,100.646147,67.9375,26.147033,37.830371,22,5,0,0,0.618308,0,0.377119,0.143054,0.288281,0.711719,0.337553,0.539978,0.094756,0.054278,0.373418,0.380365,0.343931,0.319394
2024,Duquesne,2,113.211024,97.429653,67.060714,21.936169,25.309147,13,11,0,0,0.829101,0,0.339695,0.175534,0.300489,0.699511,0.32865,0.54023,0.11333,0.06476,0.39438,0.397833,0.350783,0.331502
2024,E Illinois,8,104.224991,99.567873,68.507258,7.729301,8.729301,0,4,2,0,0.418926,0,0.318681,0.14597,0.31107,0.68893,0.267399,0.5,0.118189,0.04332,0.285714,0.358748,0.323266,0.311324
2024,E Kentucky,5,115.931717,102.062291,72.13871,11.317289,15.297935,2,10,0,0,0.598048,0,0.358407,0.159192,0.329856,0.670144,0.315103,0.494002,0.087645,0.084962,0.340191,0.387044,0.345707,0.309035
2024,E Menonite,13,75.656589,121.040108,66.6,14.531481,-19.268514,0,0,0,0,0.000733,0,0.205882,0.195195,0.5,0.485714,0.25,0.375,0.135135,0,0.53125,0.343471,0.363359,0.281594
2024,E Michigan,8,103.07513,103.542994,67.117742,13.406895,6.793993,2,6,1,0,0.398847,0,0.304274,0.173503,0.300281,0.699719,0.248767,0.409962,0.086031,0.037008,0.320548,0.378441,0.326873,0.312916
2024,E Texas A&M,8,103.81875,101.660119,71.127273,9.230901,6.267261,1,4,2,0,0.472276,0,0.312364,0.164025,0.294118,0.705882,0.296593,0.551267,0.111622,0.06987,0.461924,0.359555,0.331195,0.3469
2024,E Washington,4,118.445742,101.464188,70.952344,12.996773,19.290506,3,16,0,0,0.670982,0,0.364486,0.185864,0.238227,0.761773,0.381941,0.628635,0.084123,0.05065,0.420079,0.375197,0.334758,0.298516
2024,East Carolina,5,111.23017,99.496003,66.235606,18.854542,16.915151,4,9,0,0,0.402472,0,0.313218,0.163786,0.340555,0.659445,0.35155,0.505604,0.118951,0.04209,0.365738,0.381549,0.332928,0.331429
2024,East-West,16,67.775805,144.943834,80.3875,8.82609,-54.973911,0,0,0,0,0.000012,0,0.142857,0.248795,0.385965,0.614035,0.224806,0.325,0.068419,0.024879,0.271318,0.358633,0.319881,0.376034
2024,Eastern NM,9,82.665059,102.922306,75.975,33.111562,3.31155,0,0,0,0,0.001425,0,0.157895,0.197433,0.238095,0.761905,0.344262,0.52381,0.052649,0.039487,0.311475,0.30374,0.333828,0.325822
2024,Eastern Oregon,14,81.873486,137.171235,82.175,35.740927,-27.059082,0,0,0,0,0.000006,0,0.2,0.158199,0.448276,0.551724,0.171053,0.227273,0.085184,0.024338,0.394737,0.311839,0.353796,0.312343
2024,Ecclesia,15,77.904318,135.102568,81.6875,10.101528,-39.198473,0,0,1,0,0.000718,0,0.263158,0.226473,0.297297,0.702703,0.37037,0.644737,0.088753,0.021423,0.469136,0.383738,0.338206,0.357408
2024,Edward Waters,15,70.929372,135.285317,70.8,12.98626,-35.813736,0,0,0,0,0.00006,0,0.178571,0.127119,0.352941,0.647059,0.114286,0.421053,0.09887,0.042373,0.4,0.554512,0.360301,0.282733
2024,Elizabeth City,9,96.658942,105.308271,76.25,13.873324,3.07332,0,0,0,0,0.03094,0,0.111111,0.157377,0.297297,0.702703,0.491803,0.333333,0.091803,0.02623,0.295082,0.407543,0.365039,0.382923
2024,Elms,13,90.211523,129.454525,67.375,3.307771,-21.492215,0,0,1,0,0.003261,0,0.238095,0.148423,0.346154,0.653846,0.078125,0.52,0.148423,0.044527,0.328125,0.379106,0.353693,0.256327
2024,Elon,8,111.434599,107.018028,67.978125,11.169143,8.85665,2,4,1,0,0.38791,0,0.352113,0.174229,0.305915,0.694085,0.318182,0.507282,0.092401,0.039075,0.422619,0.391821,0.33211,0.303822
2024,EMERSON,16,69.047376,144.07803,76.95,19.054881,-45.745104,0,0,0,0,0.000004,0,0.368421,0.259909,0.238095,0.761905,0.032787,0.5,0.064977,0,0.311475,0.294179,0.328622,0.387734
2024,Erskine,12,84.701799,124.253425,68.675,13.184089,-17.115907,0,0,0,0,0.002145,0,0.285714,0.211139,0.370968,0.629032,0.218487,0.333333,0.072807,0.021842,0.294118,0.350584,0.337053,0.355465
2024,ETSU,5,108.257301,95.351318,69.278571,14.489731,16.586876,4,9,0,0,0.582445,0,0.310502,0.178575,0.36,0.64,0.342562,0.460739,0.110939,0.067223,0.411075,0.388675,0.338229,0.313024
2024,Eureka,14,64.735071,110.40981,77.65,10.180417,-27.619583,0,0,0,0,0.000515,0,0.162791,0.22537,0.230769,0.769231,0.229508,0.6,0.083709,0.019317,0.352459,0.300657,0.318915,0.31216
2024,Evansville,5,107.977018,104.496406,70.197727,17.429385,15.115099,3,10,0,0,0.214348,0,0.337349,0.162744,0.231044,0.768956,0.289188,0.497691,0.08979,0.044463,0.343508,0.396941,0.340455,0.304977
2024,Evergreen,15,57.410182,111.147355,77.125,8.437519,-34.362502,0,0,0,0,0.000164,0,0.208333,0.168558,0.15,0.85,0.245902,0.642857,0.142626,0.012966,0.393443,0.408324,0.334711,0.273903
2024,Fairfield,5,114.256168,107.608339,68.974265,12.481814,17.195339,1,18,0,0,0.665085,0,0.365116,0.154363,0.298077,0.701923,0.280351,0.499452,0.12494,0.032834,0.419308,0.356172,0.338511,0.303827
2024,FAU,1,124.775417,99.127111,70.634091,22.605544,30.876134,18,7,0,0,0.596231,0,0.356322,0.157448,0.308121,0.691879,0.348537,0.510309,0.100818,0.042901,0.3882,0.384328,0.344471,0.329853
2024,FDU,8,104.703834,101.59604,74.40625,7.559643,6.234653,0,5,0,0,0.48489,0,0.330049,0.171357,0.305228,0.694772,0.337972,0.57414,0.110458,0.034019,0.403579,0.380802,0.327733,0.303356
2024,FDU Florhm,15,90.103492,159.062248,67.425,15.90033,-34.899659,0,0,0,0,0.000043,0,0.3,0.237301,0.285714,0.714286,0.053571,0.652174,0.074156,0.014831,0.535714,0.435793,0.366667,0.271935
2024,Felician,9,103.048422,106.444213,76.375,10.112629,5.312642,0,0,1,0,0.080228,0,0.375,0.170213,0.305556,0.694444,0.069444,0.587302,0.065466,0.026187,0.333333,0.408636,0.312239,0.281384
2024,Ferrum,11,89.654002,118.993905,72.85,16.915151,-9.884846,0,0,0,0,0.002342,0,0.2,0.26081,0.321429,0.678571,0.1,0.407407,0.109815,0.013727,0.333333,0.365738,0.313218,0.35155
2024,FGCU,6,112.230313,103.185035,65.701562,14.484628,13.865881,1,11,1,0,0.529139,0,0.355114,0.172656,0.287796,0.712204,0.27628,0.453446,0.091798,0.051369,0.387452,0.398572,0.345122,0.300057
2024,Fisher,15,90.076001,138.899264,88.4375,18.288827,-33.011159,0,0,0,0,0.000065,0,0.351852,0.141343,0.41791,0.58209,0.14881,0.392857,0.090459,0.016961,0.321429,0.34019,0.333666,0.343124
2024,Fisk,10,86.641547,108.090515,68.8125,12.955346,-4.844654,0,0,0,0,0.015198,0,0.206897,0.188919,0.236111,0.763889,0.3125,0.525,0.058129,0.029064,0.258929,0.358605,0.346025,0.337179
2024,FIU,7,106.343413,100.394128,72.614394,14.222147,11.119114,3,5,0,0,0.327065,0,0.338095,0.188209,0.329502,0.670498,0.281823,0.527211,0.140635,0.056337,0.416048,0.361528,0.33241,0.33903
2024,FL Memorial,6,108.911331,103.367545,72.075,13.865881,14.065884,0,0,0,0,0.132139,0,0.454545,0.180368,0.342105,0.657895,0.265625,0.413793,0.055498,0.027749,0.171875,0.387452,0.355114,0.27628
2024,Florida,1,124.003866,100.569835,74.185,26.379653,32.296323,17,5,0,0,0.605541,0,0.341804,0.158677,0.346051,0.653949,0.385896,0.502879,0.089737,0.070865,0.344722,0.380952,0.343145,0.346709
2024,Florida A&M,9,99.447087,103.86295,71.048276,13.868012,4.385252,0,4,1,0,0.256998,0,0.343434,0.21258,0.277555,0.722445,0.276355,0.569464,0.083964,0.039798,0.294818,0.341429,0.333232,0.36302
2024,Florida St,2,114.698101,95.45762,72.731061,27.010236,26.670846,14,3,0,0,0.399611,0,0.31746,0.163325,0.306011,0.693989,0.368421,0.449612,0.127077,0.059164,0.315789,0.387851,0.348934,0.321342
2024,Fordham,4,107.127139,95.889689,70.362879,19.991035,17.37286,5,7,0,0,0.317918,0,0.315101,0.183465,0.35102,0.64898,0.351731,0.525063,0.114127,0.067184,0.421977,0.386755,0.345367,0.331847
2024,Fort Valley St,12,83.941466,122.102491,72.8,16.127892,-16.672113,0,0,0,0,0.000865,0,0.25,0.137363,0.307692,0.692308,0.119403,0.458333,0.137363,0,0.298507,0.285152,0.335306,0.371766
2024,Framingham St,16,57.777824,121.725677,78.55,12.31056,-41.489426,0,0,0,0,0.000026,0,0.153846,0.254615,0.368421,0.631579,0.28125,0.266667,0.038192,0.025461,0.40625,0.358732,0.322481,0.320912
2024,Franciscan,16,72.177767,141.067267,75.5,1.870251,-47.929738,0,0,1,0,0.000051,0,0.25,0.278146,0.423077,0.576923,0.357143,0.5,0.066225,0.013245,0.5,0.342449,0.335069,0.327586
2024,Fredonia St,14,74.223578,117.189074,76.275,9.791764,-25.008227,0,0,0,0,0.000621,0,0.206897,0.327761,0.490909,0.509091,0.121622,0.65,0.091773,0.01311,0.391892,0.47744,0.346154,0.246065
2024,Fresno Pacific,9,100.226145,116.66799,67.775,22.883575,4.083562,0,0,0,0,0.024835,0,0.488889,0.272962,0.28125,0.71875,0.166667,0.521739,0.073774,0.022132,0.416667,0.359622,0.348363,0.381652
2024,Fresno St,5,108.420372,102.636153,67.079545,21.55746,14.927145,1,8,0,0,0.21335,0,0.331884,0.187024,0.248795,0.751205,0.309365,0.506158,0.091705,0.036592,0.384615,0.370177,0.346256,0.336934
2024,Friends,11,96.787042,124.436601,72.325,19.756963,-7.043036,0,0,0,0,0.002342,0,0.3125,0.096785,0.25,0.75,0.101449,0.56,0.082959,0.096785,0.463768,0.315638,0.333333,0.263989
2024,Ft Lauderdale,13,68.813071,113.124102,76.4,20.842132,-20.957868,0,0,0,0,0.000193,0,0.090909,0.26178,0.206897,0.793103,0.470588,0.25,0.104712,0.065445,0.215686,0.40359,0.350699,0.386154
2024,Fullerton,6,105.651271,96.714432,67.699219,15.40463,14.354614,2,9,0,0,0.336896,0,0.330144,0.181409,0.256679,0.743321,0.398952,0.383784,0.098783,0.045237,0.365172,0.357005,0.329178,0.341346
2024,Furman,16,115.468111,99.316382,72.362879,16.074544,19.426062,5,8,0,0,0.508898,0,0.323887,0.163737,0.297514,0.702486,0.321811,0.587267,0.09841,0.039783,0.481013,0.387697,0.349208,0.311359
2024,G Washington,5,112.436519,100.419482,72.364063,18.092576,16.823833,7,4,0,0,0.172209,0,0.360553,0.171442,0.248516,0.751484,0.344029,0.469679,0.081619,0.066072,0.418727,0.387696,0.341602,0.30902
2024,GA Southern,7,109.767477,106.350132,70.598485,16.83906,11.220881,0,9,1,0,0.433338,0,0.351936,0.186715,0.307352,0.692648,0.289193,0.417946,0.097865,0.056658,0.445459,0.366507,0.330828,0.318958
2024,Gallaudet,11,100.73136,135.927573,64.65,18.220415,-9.579579,0,0,0,0,0.001985,0,0.387097,0.154679,0.4,0.6,0.25,0.590909,0.108275,0.015468,0.553571,0.286779,0.343154,0.39165
2024,Gardner-Webb,5,108.97486,97.822978,70.922727,15.198799,15.65941,8,6,0,0,0.548031,0,0.344875,0.164498,0.294352,0.705648,0.35241,0.483276,0.082463,0.033327,0.36245,0.377092,0.342405,0.340593
2024,George Fox,7,103.164403,101.504609,78.175,13.335545,10.535524,0,0,0,0,0.094129,0,0.366667,0.127918,0.258065,0.741935,0.185714,0.586207,0.127918,0.038375,0.428571,0.374551,0.324658,0.334531
2024,George Mason,3,116.151451,94.767529,64.924219,19.271576,23.896582,8,9,0,0,0.511552,0,0.342229,0.181943,0.280382,0.719618,0.370349,0.461441,0.084233,0.052946,0.370349,0.395162,0.347132,0.328354
2024,Georgetown,4,113.516709,106.027272,67.739844,25.52746,17.796215,1,7,1,0,0.121726,0,0.345953,0.179916,0.357798,0.642202,0.339047,0.504516,0.084422,0.04521,0.410284,0.3876,0.338996,0.298124
2024,Georgia,9,114.770399,109.022575,70.844697,26.29842,25.693018,14,6,0,0,0.47233,0,0.335868,0.160402,0.280851,0.719149,0.384219,0.465144,0.090253,0.043629,0.406911,0.375242,0.339339,0.355076
2024,Georgia St,5,112.268867,99.999127,71.258065,14.230005,16.081619,2,10,0,0,0.482986,0,0.325905,0.136261,0.280172,0.719828,0.284698,0.42757,0.081032,0.04029,0.365023,0.373257,0.330555,0.308041
2024,Georgia Tech,3,111.768874,99.332086,69.264844,26.467914,22.049168,11,3,0,0,0.387914,0,0.325641,0.177309,0.301314,0.698686,0.29158,0.524691,0.063163,0.057749,0.405405,0.373097,0.342768,0.334674
2024,GOLDY,12,95.721649,126.427546,76.075,18.103354,-11.696637,0,0,0,0,0.001425,0,0.230769,0.092014,0.405405,0.594595,0.223684,0.28,0.05258,0.02629,0.342105,0.353678,0.334808,0.300469
2024,Gonzaga,1,128.394154,100.635946,70.078125,20.798078,35.740927,14,8,0,0,0.793999,0,0.353796,0.139576,0.280899,0.719101,0.312343,0.517073,0.098997,0.057079,0.311839,0.366616,0.347082,0.318582
2024,Goshen,15,77.05201,139.860377,73.7625,18.729955,-34.070041,0,0,0,0,0.000042,0,0.25641,0.298255,0.294118,0.705882,0.39,0.606061,0.027114,0.027114,0.39,0.389716,0.359634,0.359127
2024,Grambling,7,103.778747,104.766667,67.752206,11.48789,9.898999,0,15,1,0,0.745105,0,0.339048,0.196217,0.297422,0.702578,0.390949,0.4114,0.109395,0.045581,0.28626,0.347605,0.327763,0.343041
2024,Grand Canyon,2,119.931435,95.493119,70.037879,17.172562,28.801122,16,12,0,0,0.695721,0,0.344428,0.17523,0.310317,0.689683,0.436153,0.462147,0.117253,0.075717,0.363111,0.35924,0.330854,0.346794
2024,Green Bay,6,110.679899,101.281318,65.10625,13.289406,13.451904,5,7,0,0,0.488736,0,0.339286,0.183834,0.265345,0.734655,0.289323,0.528205,0.067198,0.033119,0.482204,0.367895,0.322421,0.32189
2024,Greensboro,13,82.448167,146.75387,58.9,22.129375,-21.670623,0,0,0,0,0.000139,0,0.444444,0.339559,0.346154,0.653846,0.086957,0.470588,0.016978,0.067912,0.391304,0.383686,0.316535,0.348036
2024,Gwynedd Mercy,15,75.133758,132.745538,74.5625,9.662492,-35.137498,0,0,0,0,0.000119,0,0.276596,0.214585,0.15,0.85,0.12931,0.627907,0.026823,0.013412,0.405172,0.319452,0.321952,0.328121
2024,Hampton,9,104.88059,104.882467,70.62803,9.252563,4.579842,1,5,2,0,0.380388,0,0.317523,0.17634,0.304668,0.695332,0.293884,0.493552,0.082807,0.052773,0.377424,0.392418,0.327893,0.29997
2024,Han LaGrange,15,71.679357,129.754064,66.275,6.490247,-31.809755,0,0,1,0,0.001023,0,0.361111,0.27914,0.191489,0.808511,0.1875,0.735294,0.060355,0.015089,0.375,0.310465,0.300941,0.367626
2024,Hardin-Sim,12,83.786056,118.330708,73.225,20.884122,-11.915891,0,0,0,0,0.000865,0,0.409091,0.327757,0.275862,0.724138,0.211538,0.695652,0.081939,0.122909,0.423077,0.2909,0.325497,0.310363
2024,Harris Stowe,16,62.455375,129.259791,73.025,2.378979,-44.421022,0,0,1,0,0.000084,0,0.136364,0.191715,0.2,0.8,0.345455,0.5,0.082164,0.013694,0.4,0.34145,0.304279,0.277056
2024,Hartford,13,70.383582,113.029496,62.7,0.594695,-23.205293,0,0,1,0,0.003845,0,0.230769,0.271132,0.451613,0.548387,0.222222,0.411765,0.111643,0.015949,0.481481,0.466443,0.303357,0.232103
2024,Harvard,6,108.76092,99.282673,68.308333,16.406288,14.79889,2,9,0,0,0.396173,0,0.33557,0.177843,0.265675,0.734325,0.347625,0.52782,0.09109,0.063438,0.39314,0.410128,0.343341,0.282049
2024,Hawai'i,11,111.776084,95.588718,68.010294,15.649419,18.361168,3,15,0,0,0.679198,0,0.341495,0.182931,0.248485,0.751515,0.383487,0.491103,0.067896,0.038057,0.42151,0.336421,0.335473,0.341861
2024,Hawai'i Hilo,9,99.910828,109.7209,70.6,18.361168,5.561149,0,0,0,0,0.022739,0,0.285714,0.1983,0.275862,0.724138,0.280702,0.12,0.09915,0,0.368421,0.42151,0.341495,0.383487
2024,Hawaii Pac,10,85.207531,109.51562,67.275,18.361168,-3.438851,0,0,0,0,0.005344,0,0.454545,0.208101,0.15,0.85,0.173077,0.47619,0.044593,0.044593,0.211538,0.42151,0.341495,0.383487
2024,Heidelberg,15,79.70258,138.806417,77.8,22.066132,-32.733868,0,0,0,0,0.000022,0,0.233333,0.218509,0.323529,0.676471,0.117647,0.347826,0.089974,0,0.441176,0.427766,0.328144,0.32582
2024,Hendrix,15,56.245138,112.513579,71.7,5.290951,-34.509049,0,0,1,0,0.00027,0,0.263158,0.292887,0.151515,0.848485,0.24,0.538462,0.083682,0.041841,0.38,0.380153,0.342704,0.288041
2024,High Point,10,124.166928,111.104373,70.312121,12.565521,21.565526,7,16,0,0,0.611201,0,0.347666,0.159462,0.331302,0.668698,0.439939,0.436264,0.074128,0.046546,0.41257,0.371064,0.338689,0.323697
2024,Hofstra,12,116.733624,96.861031,66.793182,16.075125,21.929678,8,7,0,0,0.705668,0,0.370787,0.156067,0.234968,0.765032,0.215328,0.560841,0.092552,0.052174,0.464025,0.379789,0.3398,0.311968
2024,Holy Cross,9,104.792203,109.463929,65.851515,10.944122,3.307771,1,4,3,0,0.306424,0,0.353693,0.166582,0.253259,0.746741,0.256327,0.447853,0.061203,0.050159,0.379106,0.386636,0.327445,0.295348
2024,Hood College,12,109.500065,143.086449,70.075,11.139782,-14.660204,0,0,0,0,0.002764,0,0.416667,0.142704,0.214286,0.785714,0.293103,0.52,0.028541,0,0.62069,0.456322,0.351385,0.282759
2024,Hou Christian,10,100.572529,108.098897,74.262931,12.199382,0.599379,0,2,2,0,0.124608,0,0.30123,0.2057,0.319328,0.680672,0.36265,0.434783,0.075222,0.038075,0.278698,0.374333,0.336524,0.335641
2024,Houghton,11,92.316006,110.15313,81,9.791764,-7.008227,0,0,0,0,0.012056,0,0.4375,0.283951,0.16129,0.83871,0,0.724138,0.012346,0.024691,0.507937,0.47744,0.346154,0.246065
2024,Houston,1,122.70491,87.397296,64.604412,27.611442,42.897927,25,7,0,0,0.770049,0,0.346561,0.137488,0.363067,0.636933,0.299274,0.491071,0.154788,0.073297,0.366102,0.360192,0.341751,0.34005
2024,Howard,16,110.084651,104.675696,70.598529,10.405259,11.245265,0,10,2,0,0.667629,0,0.373806,0.218301,0.31,0.69,0.4192,0.55792,0.086237,0.040411,0.390933,0.339504,0.317733,0.3293
2024,Howard Payne,15,82.065586,128.226487,89.875,15.120827,-32.679185,0,0,0,0,0.000071,0,0.32,0.200278,0.25,0.75,0.378788,0.375,0.100139,0.011127,0.378788,0.257858,0.340909,0.388386
2024,Idaho,16,106.450745,103.130728,66.322656,12.012538,8.437519,1,7,0,0,0.317788,0,0.334711,0.172924,0.251485,0.748515,0.273903,0.499363,0.084341,0.04806,0.408324,0.384389,0.337928,0.32536
2024,Idaho St,7,111.479035,102.498918,65.702206,11.933433,12.721652,2,9,0,0,0.426208,0,0.328808,0.166527,0.308326,0.691674,0.328601,0.466286,0.106541,0.054166,0.34858,0.380208,0.3349,0.31054
2024,Illinois,1,128.187385,105.618838,71.1625,27.340174,36.777019,24,5,0,0,0.755081,0,0.349815,0.151269,0.313167,0.686833,0.377956,0.443775,0.059516,0.053316,0.382687,0.364566,0.345321,0.332603
2024,Illinois St,5,108.34699,97.133446,65.289063,18.549306,16.993055,8,5,0,0,0.428,0,0.291729,0.172789,0.289946,0.710054,0.359589,0.538358,0.085198,0.034462,0.379566,0.373079,0.348466,0.312524
2024,Illinois Tech,15,70.23341,126.011291,82.55,10.306064,-38.493933,0,0,0,0,0.00006,0,0.357143,0.351302,0.354839,0.645161,0.321429,0.625,0.036342,0.036342,0.5,0.386238,0.326149,0.36515
2024,Immaculata,14,82.997225,126.244275,86.025,14.608253,-28.191733,0,0,0,0,0.000164,0,0.21875,0.244115,0.323529,0.676471,0.283582,0.5,0.104621,0.023249,0.477612,0.281104,0.337037,0.316502
2024,Incarnate Word,9,102.724953,103.912548,72.996774,10.676939,4.767257,0,3,2,0,0.143585,0,0.331461,0.218746,0.29391,0.70609,0.358774,0.490885,0.082637,0.056565,0.396657,0.354142,0.325233,0.346869
2024,Indiana,3,113.792641,97.418395,69.412121,27.507982,24.829198,14,4,0,0,0.4652,0,0.323587,0.174627,0.250871,0.749129,0.376623,0.573379,0.074653,0.058063,0.277597,0.374484,0.347477,0.342984
2024,Indiana Nw,11,95.680667,118.159936,76.225,10.992227,-8.807775,0,0,0,0,0.007413,0,0.241379,0.118071,0.4375,0.5625,0.13253,0.6,0.091833,0.065595,0.349398,0.350619,0.315966,0.377136
2024,Indiana St,1,124.959799,110.60545,71.467647,19.565552,30.904013,18,12,0,0,0.789514,0,0.384536,0.165439,0.198517,0.801483,0.328069,0.59879,0.086012,0.025515,0.494142,0.375149,0.337949,0.314602
2024,Iona,6,109.720954,98.796979,68.056061,14.015443,14.67606,1,9,1,0,0.414966,0,0.352865,0.149164,0.326648,0.673352,0.285282,0.551925,0.130018,0.042746,0.387097,0.364449,0.341015,0.305135
2024,Iowa,11,123.174517,106.285904,72.915625,26.942958,30.207666,13,5,0,0,0.48046,0,0.346667,0.130716,0.278023,0.721977,0.329714,0.590862,0.095144,0.053572,0.29615,0.376208,0.344258,0.339055
2024,Iowa State,1,119.491529,88.533712,68.515441,26.318676,39.410566,20,7,0,0,0.788419,0,0.348509,0.155826,0.318024,0.681976,0.360944,0.580715,0.152392,0.044644,0.319779,0.371948,0.339596,0.337034
2024,IU Indy,10,99.322845,111.696607,69.039844,11.162651,-2.674849,1,1,3,0,0.033986,0,0.247748,0.211834,0.335101,0.664899,0.344457,0.428387,0.110443,0.030327,0.251131,0.382963,0.33182,0.30955
2024,J&W (NC),13,92.769549,131.196961,71.6625,9.891516,-19.408479,0,0,0,0,0.003336,0,0.347826,0.223269,0.366667,0.633333,0.423423,0.295455,0.062794,0.006977,0.207207,0.347318,0.333937,0.339682
2024,Jackson St,8,105.565302,103.069709,70.353125,12.385433,9.241682,2,7,1,0,0.648412,0,0.324615,0.190112,0.359173,0.640827,0.347374,0.480601,0.106161,0.049305,0.338014,0.352953,0.331444,0.345201
2024,Jacksonville,7,108.446171,101.634154,68.660606,10.866342,10.708768,0,12,0,0,0.499298,0,0.329231,0.19022,0.340232,0.659768,0.35852,0.42515,0.112543,0.044135,0.338718,0.39629,0.342757,0.30528
2024,James Madison,2,121.302432,96.793792,72.472059,14.024828,27.519275,8,19,0,0,0.848334,0,0.364749,0.148536,0.296662,0.703338,0.334264,0.541222,0.124186,0.041801,0.380354,0.363491,0.329647,0.309858
2024,Jarvis Chrstn,14,80.31107,127.95938,82.825,15.584127,-29.715875,0,0,0,0,0.000108,0,0.222222,0.26562,0.338983,0.661017,0.465517,0.459459,0.102626,0.030184,0.310345,0.299773,0.335853,0.355532
2024,Jax State,5,108.34341,94.257548,67.342969,12.565396,16.127892,4,6,1,0,0.339909,0,0.335306,0.20093,0.314092,0.685908,0.371766,0.440847,0.100233,0.058469,0.285152,0.370675,0.327537,0.329422
2024,Jessup,12,69.628114,100.452581,80.55,18.038294,-13.761727,0,0,0,0,0.001022,0,0.263158,0.360025,0.333333,0.666667,0.339623,0.5,0.136561,0.037244,0.358491,0.378319,0.336257,0.386615
2024,John Brown,8,98.916187,108.366726,71.4,24.514435,8.714429,0,0,0,0,0.023127,0,0.346939,0.287115,0.323077,0.676923,0.067227,0.481481,0.070028,0.042017,0.411765,0.404188,0.374399,0.332209
2024,John Jay,14,83.274727,133.494189,73.35,15.90033,-25.899659,0,0,0,0,0.000193,0,0.333333,0.245399,0.454545,0.545455,0.448276,0.333333,0.095433,0.068166,0.258621,0.435793,0.366667,0.271935
2024,Johnson Univ,14,71.763694,118.345491,77.85,17.865989,-24.934005,0,0,0,0,0.000164,0,0.153846,0.308285,0.315789,0.684211,0.095238,0.454545,0.089917,0.051381,0.412698,0.389231,0.364954,0.409744
2024,Johnson Wales,13,88.299568,130.724651,71.225,15.609956,-19.190035,0,0,0,0,0.000621,0,0.36,0.1404,0.296296,0.703704,0.171875,0.347826,0.04212,0.12636,0.390625,0.332778,0.348915,0.396111
2024,JohnsonFL,16,62.755433,128.608344,80.475,11.251415,-44.881917,0,0,0,0,0.000663,0,0.292308,0.310655,0.346939,0.653061,0.238889,0.529412,0.074557,0.012426,0.361111,0.379203,0.326937,0.313994
2024,Kansas,6,117.414002,96.429505,69.910938,27.934437,33.046202,18,3,0,0,0.397623,0,0.329068,0.165836,0.222513,0.777487,0.323002,0.670379,0.10415,0.055428,0.297444,0.380694,0.342548,0.323188
2024,Kansas Chrstn,12,82.187331,106.148028,82.3,5.694057,-14.105946,0,0,0,0,0.007413,0,0.294118,0.194411,0.15,0.85,0.5,0.2,0.072904,0.024301,0.303571,0.267067,0.304703,0.368651
2024,Kansas City,5,109.271758,96.908633,68.4625,12.249363,15.043103,1,10,0,0,0.688141,0,0.331689,0.174822,0.315199,0.684801,0.298476,0.505535,0.087183,0.054775,0.426169,0.387533,0.341377,0.31214
2024,Kansas St,2,111.962739,94.590997,70.258333,27.589473,28.113001,14,4,0,0,0.408291,0,0.319737,0.211341,0.295603,0.704397,0.388649,0.570896,0.083674,0.059521,0.410811,0.378288,0.346983,0.32172
2024,KCU,13,93.707607,135.999365,74.225,11.757576,-22.542419,0,0,0,0,0.003183,0,0.283019,0.134725,0.166667,0.833333,0.174603,0.490196,0.080835,0.013473,0.420635,0.40573,0.344919,0.293078
2024,Kean,5,103.550658,96.729454,71.4,15.746979,15.946994,0,0,0,0,0.132139,0,0.5625,0.252101,0.257143,0.742857,0.470588,0.541667,0.084034,0.014006,0.313725,0.318873,0.332155,0.390986
2024,Keiser,14,70.524852,117.144321,83.125,12.455539,-30.344457,0,0,0,0,0.000164,0,0.16129,0.168421,0.289474,0.710526,0.205479,0.3,0.084211,0.02406,0.424658,0.436364,0.328829,0.335135
2024,Kennesaw St,15,112.693954,102.773664,75.933871,10.287795,12.455539,1,11,1,0,0.250393,0,0.328829,0.158882,0.315308,0.684692,0.335135,0.506608,0.096858,0.053527,0.436364,0.378903,0.324728,0.304659
2024,Kent State,4,113.529603,97.978156,69.083824,14.917949,18.259126,3,9,0,0,0.515476,0,0.357868,0.171573,0.320034,0.679966,0.320437,0.489888,0.099623,0.037891,0.390873,0.382397,0.331339,0.314992
2024,Kentucky,6,128.587337,101.225093,74.680469,25.220311,33.777889,15,7,0,0,0.688468,0,0.411917,0.142691,0.266833,0.733167,0.303718,0.546161,0.102939,0.084108,0.372767,0.38583,0.329939,0.346971
2024,Kentucky St,10,86.012924,105.543471,79.35,17.707885,-4.425451,0,0,0,0,0.006461,0,0.317073,0.189036,0.194444,0.805556,0.193878,0.434783,0.084016,0.063012,0.418367,0.370138,0.337376,0.353476
2024,Keystone,16,71.766491,132.765412,83.85,19.341349,-39.958642,0,0,0,0,0.000023,0,0.296296,0.178891,0.304348,0.695652,0.082192,0.395349,0.095408,0.011926,0.369863,0.344377,0.33536,0.338306
2024,King (TN),10,81.094692,95.996847,79.3375,19.225285,-0.074712,0,0,0,0,0.011351,0,0.215686,0.239483,0.393939,0.606061,0.229167,0.409091,0.088231,0.025209,0.354167,0.387147,0.338281,0.312137
2024,KY Wesleyn,10,91.046636,111.252214,76.125,19.926819,-2.873185,0,0,0,0,0.004534,0,0.241379,0.288998,0.37931,0.62069,0.258621,0.695652,0.131363,0,0.5,0.319961,0.339879,0.334944
2024,LA Christian,14,80.36076,134.324784,75.925,18.867895,-28.932105,0,0,0,0,0.000071,0,0,0.276589,0.217391,0.782609,0.469388,0.5,0.065854,0.039513,0.204082,0.366914,0.33782,0.280988
2024,La Salle,5,112.082367,100.568808,68.528788,17.26916,16.48735,4,9,0,0,0.4831,0,0.346486,0.139733,0.29324,0.70676,0.245958,0.551881,0.092419,0.048641,0.397354,0.389169,0.337534,0.324321
2024,La Sierra,12,75.977552,110.27522,67.65,14.354614,-12.445405,0,0,0,0,0.002342,0,0.318182,0.192166,0.214286,0.785714,0.259259,0.625,0.059128,0.014782,0.407407,0.365172,0.330144,0.398952
2024,La Verne,13,81.164045,121.245593,77.8125,13.423377,-21.876644,0,0,0,0,0.008309,0,0.236364,0.237751,0.39726,0.60274,0.267176,0.468085,0.064257,0.012851,0.419847,0.381006,0.342648,0.321439
2024,Lady of Lake,10,92.998377,100.768979,81.025,4.767257,-1.032748,0,0,1,0,0.063849,0,0.2,0.209812,0.2,0.8,0.311475,0.586207,0.086393,0.037026,0.245902,0.396657,0.331461,0.358774
2024,Lafayette,8,99.226066,96.814517,66.376563,13.130073,8.630084,1,4,1,0,0.333534,0,0.311813,0.175137,0.262218,0.737782,0.240263,0.56586,0.098868,0.065441,0.399342,0.39409,0.341464,0.290362
2024,LaGrange,13,103.909748,139.427448,86.3,25.406763,-17.393234,0,0,0,0,0.000164,0,0.344828,0.289687,0.425,0.575,0.430769,0.64,0.115875,0.04635,0.446154,0.409812,0.393192,0.356902
2024,Lake Erie,10,92.295252,104.776238,72.5625,15.638704,0.238697,0,0,0,0,0.025222,0,0.333333,0.22739,0.37037,0.62963,0.12,0.568627,0.144703,0.027562,0.408,0.384094,0.330321,0.34541
2024,Lake Superior,10,78.995172,95.923512,69.175,6.793993,-5.006006,0,0,0,0,0.02655,0,0.333333,0.187929,0.15625,0.84375,0.236364,0.555556,0.086737,0.043368,0.436364,0.320548,0.304274,0.248767
2024,Lamar,6,112.1925,98.523337,71.531061,9.723261,14.826288,0,12,3,0,0.592827,0,0.345886,0.180045,0.328025,0.671975,0.335309,0.596491,0.098707,0.052107,0.354074,0.35127,0.327999,0.359824
2024,Le Moyne,8,106.1892,98.083836,69.805469,6.910506,9.791764,0,7,3,0,0.59307,0,0.346154,0.162058,0.242453,0.757547,0.246065,0.611179,0.114604,0.04611,0.47744,0.388748,0.323353,0.292893
2024,Lehigh,16,105.180767,95.246416,71.690625,10.829266,13.116778,0,8,3,0,0.678704,0,0.322129,0.168258,0.231244,0.768756,0.315845,0.509047,0.100693,0.031821,0.378378,0.394469,0.330262,0.2879
2024,LeMoyne-Owen,13,97.41683,131.224842,81.35,4.385252,-22.414749,0,0,1,0,0.002342,0,0.294118,0.135218,0.457143,0.542857,0.351351,0.285714,0.086048,0.024585,0.22973,0.294818,0.343434,0.276355
2024,LeTourneau,12,92.75945,131.607696,68.6375,21.511637,-12.288365,0,0,0,0,0.001,0,0.292308,0.196685,0.33871,0.66129,0.070866,0.422222,0.065562,0.021854,0.511811,0.291046,0.357055,0.376155
2024,Lewis & Clark,12,91.739775,124.135349,75.275,11.603608,-15.696409,0,0,0,0,0.009835,0,0.288462,0.1727,0.392857,0.607143,0.130435,0.509434,0.092992,0.026569,0.376812,0.409909,0.335725,0.320888
2024,Liberty,4,115.19294,94.378327,66.475,11.871304,19.683801,8,5,0,0,0.490449,0,0.368182,0.157014,0.25667,0.74333,0.255411,0.588644,0.078507,0.034788,0.47619,0.358447,0.32165,0.333258
2024,Life Pacific,11,87.968617,112.351895,83.2,15.533046,-10.600305,0,0,0,0,0.00391,0,0.311828,0.228365,0.219512,0.780488,0.078818,0.493976,0.124199,0.032051,0.458128,0.298298,0.305263,0.371053
2024,Life Univ,10,101.043358,114.597241,75.125,14.865977,0.065977,0,0,0,0,0.016599,0,0.259259,0.212978,0.209302,0.790698,0.245902,0.428571,0,0.013311,0.442623,0.36261,0.366712,0.309127
2024,Limestone,13,73.187398,116.656611,75.325,15.65941,-22.140585,0,0,0,0,0.000377,0,0.2,0.238964,0.3125,0.6875,0.109375,0.35,0.119482,0.039827,0.46875,0.36245,0.344875,0.35241
2024,Lincoln (MO),12,87.362839,120.493641,80.825,16.299817,-16.500178,0,0,0,0,0.000865,0,0.32,0.247448,0.404762,0.595238,0.415385,0.428571,0.061862,0.024745,0.384615,0.376401,0.367376,0.373198
2024,Lindenwood,9,97.783712,102.902414,68.876613,9.21348,1.348961,0,3,1,0,0.207155,0,0.282732,0.171415,0.274409,0.725591,0.378331,0.357759,0.089454,0.036063,0.30533,0.362907,0.32918,0.317455
2024,Lindsey Wilson,13,86.901206,126.082018,68.55,2.378979,-22.421022,0,0,1,0,0.003261,0,0.315789,0.233406,0.15,0.85,0.382979,0.619048,0.087527,0.014588,0.404255,0.34145,0.304279,0.277056
2024,Linfield,11,79.782881,107.565505,66.9875,16.82428,-6.475735,0,0,0,0,0.010154,0,0.315789,0.276171,0.287671,0.712329,0.194444,0.722222,0.074641,0.052249,0.351852,0.358336,0.326483,0.347781
2024,Lipscomb,4,119.762663,103.155171,71.130469,12.553365,18.115866,3,13,1,0,0.67505,0,0.380282,0.141026,0.229323,0.770677,0.273895,0.484375,0.086109,0.048327,0.401336,0.385365,0.339223,0.318906
2024,Little Rock,5,114.363532,102.252942,70.184091,11.81126,16.070084,3,12,1,0,0.772098,0,0.341021,0.17357,0.299174,0.700826,0.334521,0.523193,0.085489,0.068219,0.309063,0.362629,0.33121,0.33239
2024,LMU,4,114.995676,101.042414,66.565323,17.856343,18.101494,1,6,0,0,0.241361,0,0.367606,0.161374,0.283734,0.716266,0.289782,0.4601,0.055245,0.039253,0.396427,0.3632,0.338764,0.324679
2024,Long Beach St,4,111.516823,100.640623,73.476429,16.315132,17.99845,7,12,0,0,0.411546,0,0.308065,0.171872,0.320979,0.679021,0.384402,0.556244,0.10849,0.05755,0.28611,0.366869,0.333626,0.334084
2024,Long Island,16,96.5738,102.211296,72.093103,12.308718,3.025968,0,4,1,0,0.334622,0,0.310277,0.200411,0.268775,0.731225,0.314607,0.514164,0.089444,0.042091,0.299231,0.382468,0.331737,0.306616
2024,Longwood,4,113.338627,97.552084,69.244118,12.054696,18.220415,6,9,0,0,0.664501,0,0.343154,0.179246,0.347893,0.652107,0.39165,0.476554,0.101941,0.036954,0.286779,0.374703,0.341743,0.355465
2024,Loras,12,76.986583,116.718018,72.275,22.303909,-14.496091,0,0,0,0,0.000445,0,0.242424,0.207541,0.264706,0.735294,0.145161,0.388889,0.083016,0,0.532258,0.373175,0.344928,0.376961
2024,Louisiana,4,113.421139,97.150701,70.068939,14.655775,18.867895,4,12,0,0,0.414048,0,0.33782,0.1678,0.327449,0.672551,0.280988,0.445049,0.122823,0.053627,0.366914,0.349141,0.325883,0.345025
2024,Louisiana Tech,3,114.695294,90.36095,67.923438,13.271188,23.389932,5,14,0,0,0.599225,0,0.361769,0.182651,0.302251,0.697749,0.409545,0.490887,0.110418,0.074072,0.351276,0.364434,0.332715,0.340612
2024,Louisville,6,110.636801,102.954574,70.725,25.240127,17.47763,3,4,0,0,0.143886,0,0.30648,0.181159,0.289091,0.710909,0.388434,0.445557,0.076882,0.036674,0.311511,0.374119,0.349805,0.308184
2024,Lourdes,9,86.901671,102.473103,69.175,16.993055,1.193054,0,0,0,0,0.014154,0,0.375,0.202385,0.181818,0.818182,0.236364,0.65,0.07228,0.014456,0.290909,0.379566,0.291729,0.359589
2024,Loyola (LA),10,97.153379,123.85404,64.025,14.291074,-6.008928,0,0,0,0,0.006854,0,0.315789,0.226474,0.4,0.6,0.361905,0.564103,0.062476,0.031238,0.361905,0.374808,0.34247,0.313756
2024,Loyola Chicago,3,111.6255,92.86818,69.959375,19.011041,24.101955,11,10,0,0,0.676658,0,0.357333,0.183589,0.25617,0.74383,0.332971,0.647837,0.100951,0.073257,0.408052,0.391301,0.342681,0.331336
2024,Loyola MD,9,100.191397,103.976443,66.58125,11.48944,4.114452,0,4,2,0,0.316837,0,0.335766,0.20276,0.296059,0.703941,0.303339,0.556309,0.088707,0.032385,0.387663,0.387265,0.336158,0.296611
2024,LSU,3,116.00396,100.123158,71.095313,24.633442,25.251625,9,7,0,0,0.471409,0,0.353026,0.18549,0.292576,0.707424,0.388738,0.44352,0.112085,0.053186,0.375744,0.388459,0.337805,0.352469
2024,LSU Shreveport,8,89.824331,103.952189,70.7,26.291381,6.491381,0,0,0,0,0.007413,0,0.25,0.183876,0.243243,0.756757,0.196721,0.190476,0.113154,0.09901,0.262295,0.393277,0.377493,0.30028
2024,Luther,11,77.174534,104.643648,77.55,14.180164,-11.619837,0,0,0,0,0.002764,0,0.411765,0.322373,0.15,0.85,0.36,0.578947,0.038685,0.02579,0.34,0.39172,0.321719,0.341219
2024,Lynchburg,11,96.62678,130.935057,70.75,21.659553,-10.14044,0,0,0,0,0.001022,0,0.428571,0.254417,0.15,0.85,0.192308,0.636364,0.070671,0,0.538462,0.412445,0.313752,0.331498
2024,Lynn,9,94.219693,102.241123,69.225,13.304782,4.504782,0,0,0,0,0.041721,0,0.272727,0.202239,0.365854,0.634146,0.169231,0.32,0.086674,0,0.338462,0.366914,0.345376,0.323966
2024,Lyon,14,65.904597,126.041712,74.5,23.389932,-30.410075,0,0,0,0,0.000026,0,0.230769,0.322148,0.212121,0.787879,0.416667,0.333333,0.040268,0.040268,0.270833,0.351276,0.361769,0.409545
2024,Maine,6,103.158275,93.522761,68.686719,13.440045,14.196306,3,10,0,0,0.497793,0,0.294719,0.165607,0.244231,0.755769,0.295467,0.49563,0.122385,0.047771,0.32059,0.380654,0.327067,0.316311
2024,Malone,10,93.1521,111.784325,66.85,18.259126,0.459127,0,0,0,0,0.010259,0,0.333333,0.254301,0.384615,0.615385,0.105263,0.636364,0.059835,0.014959,0.526316,0.390873,0.357868,0.320437
2024,Manhattan,9,99.239087,102.647079,70.336667,14.764904,5.41825,1,4,1,0,0.246422,0,0.315108,0.190512,0.276704,0.723296,0.220982,0.583784,0.107104,0.041704,0.387835,0.355944,0.341777,0.302649
2024,Marist,5,103.355216,91.12495,65.219355,12.10177,14.863074,0,12,0,0,0.582575,0,0.355705,0.184984,0.22334,0.77666,0.297924,0.524793,0.104857,0.043031,0.363858,0.364431,0.334994,0.301011
2024,Marquette,1,122.580407,99.312771,69.522059,28.464984,36.362283,22,5,0,0,0.582008,0,0.358333,0.142993,0.267265,0.732735,0.255792,0.542886,0.123109,0.046536,0.405405,0.380501,0.34547,0.316296
2024,Marshall,6,107.586611,99.66468,72.609848,17.040571,13.840573,3,9,0,0,0.23414,0,0.310345,0.164015,0.311589,0.688411,0.290505,0.569444,0.095988,0.060097,0.410959,0.362226,0.341574,0.315008
2024,Mary Baldwin,15,68.060625,123.788905,79.75,4.579842,-39.220151,0,0,1,0,0.000139,0,0.15,0.188088,0.357143,0.642857,0.142857,0.47619,0.112853,0,0.571429,0.377424,0.317523,0.293884
2024,Maryland,2,111.44001,89.048603,67.290152,25.297051,27.963721,9,6,0,0,0.346526,0,0.288793,0.174279,0.322307,0.677693,0.408306,0.469974,0.097722,0.0671,0.375405,0.347504,0.342147,0.335487
2024,Marywood,16,73.333099,140.285058,74.9,11.163423,-41.636562,0,0,0,0,0.000031,0,0.195122,0.173565,0.4,0.6,0.057143,0.47619,0.080107,0.013351,0.585714,0.3084,0.30597,0.342348
2024,Mayville St,11,89.244334,117.858222,75.325,19.812411,-8.987601,0,0,0,0,0.001682,0,0.25,0.146034,0.257143,0.742857,0.1,0.64,0.092931,0,0.4,0.404352,0.362954,0.294534
2024,McMurry,14,80.197391,120.012253,95.4,16.496887,-29.30312,0,0,0,0,0.000099,0,0.3,0.283019,0.410256,0.589744,0.328767,0.521739,0.104822,0.010482,0.410959,0.316857,0.318555,0.420916
2024,McNeese,10,122.551811,91.844665,67.419697,9.322487,26.681308,4,16,0,0,0.876746,0,0.38829,0.14338,0.308403,0.691597,0.376556,0.522105,0.154168,0.05079,0.336618,0.365609,0.327573,0.327511
2024,MD Eastern,9,97.27212,99.184082,69.086207,8.392017,3.233402,0,3,2,0,0.419619,0,0.294737,0.198153,0.310891,0.689109,0.324519,0.467066,0.101323,0.040429,0.342548,0.35711,0.332942,0.348798
2024,ME-Presque Isle,15,73.593307,124.138592,85.975,14.196306,-34.603682,0,0,0,0,0.00006,0,0.117647,0.186101,0.28125,0.71875,0.304348,0.428571,0.069788,0.011631,0.246377,0.32059,0.294719,0.295467
2024,Medgar Evers,16,68.869534,164.649653,76.225,5.606718,-67.193268,0,0,0,0,0.000001,0,0.285714,0.314857,0.15,0.85,0.22449,0.619048,0.052476,0.026238,0.285714,0.396193,0.301802,0.314694
2024,Memphis,2,118.545439,96.529138,72.649219,22.111477,26.661478,14,8,0,0,0.595628,0,0.350461,0.180232,0.323207,0.676793,0.363217,0.488294,0.117861,0.062372,0.388832,0.374688,0.336313,0.337457
2024,Menlo,11,98.975756,131.363171,75.975,23.304022,-10.495988,0,0,0,0,0.000733,0,0.2,0.184271,0.28,0.72,0.355932,0.5,0.157947,0.026324,0.338983,0.386089,0.353786,0.3125
2024,Mercer,6,110.854576,100.914089,67.526515,15.675185,14.68731,5,7,0,0,0.570373,0,0.345395,0.164694,0.325088,0.674912,0.288118,0.493182,0.102765,0.05071,0.310046,0.394913,0.343456,0.330857
2024,Merch Marn,10,80.342698,89.202043,63.7,5.285036,0.485051,0,0,1,0,0.073013,0,0.294118,0.172684,0.3,0.7,0.214286,0.631579,0.188383,0.031397,0.303571,0.451059,0.319797,0.257012
2024,Mercy,12,90.29418,122.910772,72.7,10.390524,-15.409462,0,0,0,0,0.002764,0,0.5,0.233838,0.380952,0.619048,0.181818,0.521739,0.055021,0.055021,0.212121,0.342466,0.364615,0.308746
2024,Merrimack,6,103.723973,90.631748,69.257576,10.952451,14.807007,1,10,0,0,0.767615,0,0.309371,0.189455,0.249756,0.750244,0.341786,0.514465,0.142201,0.052942,0.429438,0.380721,0.331778,0.293024
2024,Miami,6,116.48055,95.829432,70.357031,25.186869,26.711873,9,4,0,0,0.062491,0,0.361111,0.171447,0.275745,0.724255,0.246429,0.510686,0.101713,0.044416,0.404082,0.384783,0.343631,0.315354
2024,Miami Hamilton,13,80.421046,134.441636,61.9,22.066132,-17.733868,0,0,0,0,0.00027,0,0.285714,0.290792,0.25,0.75,0.083333,0.473684,0.080775,0,0.4375,0.427766,0.328144,0.32582
2024,Miami OH,12,107.474011,97.752422,68.521875,12.715262,13.377764,3,8,0,0,0.412417,0,0.361227,0.171022,0.241509,0.758491,0.317425,0.578947,0.092124,0.04515,0.397891,0.357046,0.324435,0.315785
2024,Michigan,1,114.882341,103.386814,69.610156,28.86392,22.401421,7,1,0,0,0.11558,0,0.359155,0.185856,0.299824,0.700176,0.320492,0.482509,0.059708,0.051178,0.379882,0.357474,0.346235,0.344301
2024,Michigan St,3,119.259466,94.737522,66.908333,28.496596,34.593742,16,4,0,0,0.435206,0,0.359455,0.146288,0.293963,0.706037,0.298715,0.600446,0.107791,0.057972,0.301799,0.371624,0.352477,0.349534
2024,Mid Am Chr,9,97.575669,104.532656,68.775,12.910281,5.110268,0,0,0,0,0.062736,0,0.415094,0.189022,0.20339,0.79661,0.156522,0.369565,0.123591,0.01454,0.46087,0.382423,0.343613,0.329474
2024,Mid Atl Chrstn,16,68.534989,145.660087,73.88125,12.121795,-47.928201,0,0,1,0,0.00001,0,0.195402,0.247018,0.363636,0.636364,0.1625,0.438356,0.081211,0.013535,0.3625,0.389966,0.34126,0.328952
2024,Middle GA St.,12,82.864339,114.967639,73.8,16.081619,-12.718379,0,0,0,0,0.001682,0,0.214286,0.284553,0.241379,0.758621,0.142857,0.541667,0.081301,0.054201,0.25,0.365023,0.325905,0.284698
2024,Midway,12,87.195005,119.754257,70.870833,13.287057,-13.17961,0,0,1,0,0.012211,0,0.271523,0.206949,0.28125,0.71875,0.138965,0.489051,0.072903,0.032924,0.411444,0.376841,0.341141,0.300473
2024,Milligan,12,89.135668,117.475902,72.6,10.674911,-12.125095,0,0,0,0,0.004534,0,0.192308,0.179063,0.37037,0.62963,0.258065,0.416667,0.123967,0.027548,0.419355,0.419967,0.31137,0.342377
2024,Millsaps,13,85.673979,118.837299,83.125,4.181293,-22.618712,0,0,1,0,0.002342,0,0.259259,0.252632,0.295455,0.704545,0.220588,0.5,0.01203,0.03609,0.397059,0.291152,0.303905,0.381611
2024,Milwaukee,6,115.090932,104.530137,72.007143,13.443022,14.180164,5,7,0,0,0.746986,0,0.321719,0.174189,0.346774,0.653226,0.341219,0.508163,0.082531,0.061502,0.39172,0.374604,0.335669,0.318805
2024,Minnesota,2,119.386061,103.7832,68.011719,24.324639,26.689347,10,6,0,0,0.385638,0,0.358042,0.175981,0.288651,0.711349,0.356354,0.649123,0.090517,0.067084,0.395028,0.361146,0.342935,0.334366
2024,Miss College,12,76.446768,115.82345,76.975,25.406763,-15.393234,0,0,0,0,0.000229,0,0.3125,0.337772,0.257143,0.742857,0.42,0.388889,0.090939,0.038974,0.32,0.409812,0.393192,0.356902
2024,Miss for Women,13,62.825944,111.921357,72.9625,16.992602,-24.3074,0,0,0,0,0.00603,0,0.230769,0.31523,0.338028,0.661972,0.20354,0.62069,0.068528,0.034264,0.460177,0.358295,0.33475,0.330108
2024,Miss Valley St,10,88.925359,111.686975,66.377419,15.387099,-5.529033,0,1,4,0,0.144409,0,0.292434,0.239102,0.327113,0.672887,0.33023,0.442088,0.099626,0.034505,0.303538,0.352813,0.333523,0.350899
2024,Mississippi St,1,117.78402,93.660145,68.979412,26.848665,31.420095,16,5,0,0,0.43564,0,0.324934,0.187609,0.324387,0.675613,0.379118,0.532887,0.117256,0.04477,0.382159,0.376802,0.344954,0.349177
2024,Missouri,9,114.117249,102.45038,68.497656,25.074439,20.543191,3,2,0,0,0.067176,0,0.319178,0.168801,0.295363,0.704637,0.317193,0.483271,0.111774,0.070258,0.397171,0.376416,0.338456,0.354915
2024,Missouri Bapt,12,84.133445,115.450755,72.15,6.741038,-16.058963,0,0,1,0,0.004778,0,0.3125,0.22869,0.295082,0.704918,0.241379,0.413043,0.08316,0.01386,0.275862,0.353931,0.318112,0.299088
2024,Missouri St,4,109.850863,96.258349,69.145455,19.480484,19.45018,7,9,0,0,0.336689,0,0.313643,0.173985,0.259489,0.740511,0.314863,0.470519,0.062232,0.065299,0.368203,0.388386,0.344184,0.320624
2024,Mobile,5,109.331332,99.818995,70.7625,13.589053,16.789051,0,1,0,0,0.5,0,0.392857,0.169581,0.24,0.76,0.333333,0.338983,0.091857,0.056527,0.239316,0.387229,0.355207,0.353445
2024,Molloy,13,72.866606,116.234801,69.275,10.221545,-21.578442,0,0,0,0,0.001022,0,0.3,0.288704,0.181818,0.818182,0.176471,0.5,0.057741,0.014435,0.392157,0.384444,0.322254,0.262222
2024,Monmouth,5,111.93821,100.690212,68.208333,16.449374,16.364533,5,10,1,0,0.579188,0,0.347107,0.153274,0.317052,0.682948,0.292793,0.502326,0.104848,0.050647,0.363363,0.389729,0.337625,0.30786
2024,Monmouthil,15,67.873404,128.021446,69.425,8.729301,-34.070699,0,0,0,0,0.000164,0,0.333333,0.331293,0.166667,0.833333,0.061224,0.666667,0.07202,0.07202,0.367347,0.285714,0.318681,0.267399
2024,Monstnor,10,105.620492,128.107319,67.6,18.594475,-2.205545,0,0,0,0,0.006295,0,0.333333,0.147929,0.241379,0.758621,0.280702,0.541667,0.10355,0.029586,0.368421,0.373789,0.357435,0.296277
2024,Montana,4,119.15007,107.911227,67.499265,13.627825,18.594475,3,18,0,0,0.667561,0,0.357435,0.14815,0.244156,0.755844,0.296277,0.532072,0.071025,0.043138,0.373789,0.381209,0.341071,0.32125
2024,Montana St,6,111.428857,103.932322,70.469853,13.809774,14.364042,5,10,0,0,0.594691,0,0.367347,0.16486,0.22233,0.77767,0.297339,0.488474,0.116863,0.033807,0.426305,0.375261,0.342366,0.316219
2024,Montana Tech,9,95.367483,110.202809,75.4,18.594475,0.794455,0,0,0,0,0.010259,0,0.181818,0.185676,0.333333,0.666667,0.375,0.454545,0.066313,0.039788,0.34375,0.373789,0.357435,0.296277
2024,Montevallo,11,83.890733,116.515496,73.85,23.032426,-9.767573,0,0,0,0,0.000865,0,0.208333,0.270819,0.3125,0.6875,0.098361,0.458333,0.040623,0.081246,0.393443,0.313976,0.326019,0.398622
2024,Montreat,14,80.418099,135.617907,74.9875,22.11234,-27.687652,0,0,0,0,0.000368,0,0.283019,0.260043,0.258065,0.741935,0.179487,0.475,0.06001,0,0.452991,0.434159,0.34637,0.303507
2024,Morehead St,3,117.795122,95.351756,66.041176,10.048692,21.997264,1,16,0,0,0.617323,0,0.360544,0.181259,0.294776,0.705224,0.298569,0.557734,0.088626,0.071257,0.45092,0.361028,0.326686,0.31038
2024,Morehouse,8,99.236968,99.307043,75.55,11.245265,8.445272,0,0,0,0,0.094129,0,0.318182,0.185308,0.461538,0.538462,0.276923,0.423077,0.132363,0,0.338462,0.390933,0.373806,0.4192
2024,Morgan St,9,103.670437,103.912702,72.337903,9.145971,4.545976,0,5,1,0,0.490352,0,0.293069,0.201117,0.307201,0.692799,0.301289,0.461905,0.08562,0.049499,0.271214,0.348302,0.331198,0.342096
2024,Mount Marty,11,93.486735,122.13276,70.958333,13.434963,-10.365051,0,0,0,0,0.00475,0,0.38806,0.187904,0.176471,0.823529,0.142045,0.506849,0.061069,0.023488,0.380682,0.372401,0.371984,0.298296
2024,Mount Olive,13,94.395781,134.318482,80.0125,21.526724,-19.27327,0,0,0,0,0.000312,0,0.326923,0.212467,0.388889,0.611111,0.131034,0.54386,0.068739,0.018747,0.358621,0.404307,0.347922,0.387794
2024,Mount St Marys,6,108.203259,98.210059,70.020313,12.427046,13.833308,0,6,1,0,0.426777,0,0.352846,0.207529,0.276937,0.723063,0.266739,0.482877,0.098632,0.055787,0.332073,0.357,0.336383,0.319757
2024,MSOE,12,79.687791,124.06119,61.35,13.451904,-16.348099,0,0,0,0,0.001425,0,0.117647,0.195599,0.333333,0.666667,0.565217,0.416667,0.0815,0,0.369565,0.482204,0.339286,0.289323
2024,Mt Saint Mary,14,71.425345,127.702562,68.8,17.195339,-26.604647,0,0,0,0,0.000139,0,0.3,0.174419,0.25,0.75,0.135593,0.647059,0.072674,0.014535,0.338983,0.419308,0.365116,0.280351
2024,MTSU,7,101.406184,97.025735,68.506818,15.862794,10.674911,5,7,0,0,0.545079,0,0.31137,0.204359,0.299913,0.700087,0.342377,0.443995,0.077409,0.061042,0.419967,0.367447,0.335004,0.330258
2024,Mtvincent,16,71.435631,148.302472,78.275,14.294803,-50.505184,0,0,0,0,0.000004,0,0.257143,0.153306,0.304348,0.695652,0.130435,0.6,0.051102,0.025551,0.507246,0.385723,0.375,0.298685
2024,Murray St,4,112.701818,99.519046,65.807031,19.171726,18.715476,4,6,0,0,0.405524,0,0.321045,0.144361,0.285305,0.714695,0.297121,0.449452,0.091176,0.041789,0.353612,0.38868,0.341058,0.314143
2024,Muskingum,14,81.723665,134.003544,71.85,18.763112,-25.036888,0,0,0,0,0.000139,0,0.21875,0.19485,0.305556,0.694444,0.090909,0.545455,0.013918,0.013918,0.484848,0.292094,0.383128,0.327515
2024,N American,12,84.845091,109.138207,82.825,10.140531,-12.659478,0,0,0,0,0.006466,0,0.426667,0.281718,0.214286,0.785714,0.231638,0.619718,0.104638,0.024147,0.423729,0.297317,0.310547,0.398012
2024,N Arizona,8,103.785735,104.345899,69.798485,15.573433,8.155236,2,9,0,0,0.390086,0,0.312217,0.180607,0.26499,0.73501,0.311206,0.538182,0.081186,0.044283,0.352098,0.382082,0.341886,0.332539
2024,N Central,13,81.094753,130.88047,72.65,19.330797,-23.469218,0,0,0,0,0.000164,0,0.190476,0.192705,0.266667,0.733333,0.233333,0.727273,0.082588,0.027529,0.35,0.454496,0.360676,0.289474
2024,N Colorado,5,115.844264,105.537967,72.132031,13.114128,15.483809,2,15,0,0,0.508858,0,0.356436,0.154231,0.233696,0.766304,0.294482,0.5,0.086647,0.033792,0.364621,0.378711,0.337338,0.317514
2024,N Dakota St,13,113.891753,104.48968,68.028906,11.987819,12.875306,3,9,0,0,0.488955,0,0.377811,0.163074,0.246575,0.753425,0.296074,0.423826,0.063852,0.019753,0.363686,0.400993,0.340724,0.301168
2024,N Greenville,9,86.331287,98.05822,77.191667,15.942602,1.475939,0,0,0,0,0.017831,0,0.380282,0.181367,0.17757,0.82243,0.193717,0.391304,0.095002,0.034546,0.371728,0.393388,0.332365,0.337348
2024,N Illinois,7,108.678556,104.61335,70.598387,14.293159,10.306064,2,5,0,0,0.389646,0,0.326149,0.180028,0.288029,0.711971,0.36515,0.39625,0.074935,0.069909,0.386238,0.371797,0.337832,0.318294
2024,N Kentucky,5,110.857318,98.732061,70.643182,14.012684,15.842986,3,8,0,0,0.670937,0,0.318598,0.176302,0.303809,0.696191,0.357106,0.517007,0.121824,0.03689,0.339018,0.371465,0.328154,0.312979
2024,N'Western St,8,104.197794,104.168425,70.278906,10.96781,5.892807,0,1,0,0,0.352901,0,0.317263,0.188535,0.328494,0.671506,0.354167,0.455446,0.099158,0.046689,0.343483,0.363282,0.331368,0.353446
2024,Navajo Tech,15,63.194784,127.043014,79.9,19.641095,-39.158924,0,0,0,0,0.000011,0,0.190476,0.250313,0.258065,0.741935,0.060606,0.368421,0.112641,0.012516,0.318182,0.401224,0.348128,0.35448
2024,Navy,8,103.956114,98.375082,65.797581,8.463166,8.340595,0,5,2,0,0.49549,0,0.300166,0.155413,0.349638,0.650362,0.348811,0.52514,0.101484,0.030887,0.333333,0.40851,0.329907,0.288969
2024,NC A&T,9,101.905539,109.165097,67.986719,15.632181,3.757187,0,5,0,0,0.043186,0,0.286996,0.137895,0.294118,0.705882,0.340096,0.449036,0.082737,0.047803,0.357181,0.389008,0.339658,0.316749
2024,NC Central,7,110.681363,96.749191,70.198387,4.410472,12.229833,1,7,2,0,0.515921,0,0.342144,0.170944,0.317475,0.682525,0.39404,0.483597,0.108908,0.038141,0.375828,0.330525,0.309425,0.336902
2024,NC State,11,119.147197,108.249488,69.51875,26.58494,29.994699,18,6,0,0,0.84678,0,0.346521,0.137453,0.296267,0.703733,0.325125,0.46856,0.106686,0.050346,0.334245,0.372677,0.347103,0.322256
2024,Nebraska,2,119.712475,95.561544,69.974242,25.283343,31.353934,16,5,0,0,0.699064,0,0.358209,0.1585,0.253408,0.746592,0.3238,0.571751,0.090509,0.037676,0.444842,0.353407,0.33883,0.344217
2024,Nelson,11,101.54216,121.275832,83.925,14.364042,-7.435979,0,0,0,0,0.005344,0,0.352941,0.202562,0.178571,0.821429,0.377049,0.344828,0.131069,0.023831,0.278689,0.426305,0.367347,0.297339
2024,Nevada,1,121.111061,94.379272,67.471212,22.404722,30.840005,16,8,0,0,0.690034,0,0.364842,0.148211,0.258575,0.741425,0.45394,0.581776,0.09252,0.053446,0.334628,0.386459,0.347438,0.328396
2024,New College FL,12,88.057989,129.19933,64.9,13.865881,-15.934116,0,0,0,0,0.001425,0,0.269231,0.138675,0.357143,0.642857,0.0625,0.545455,0.077042,0.015408,0.40625,0.387452,0.355114,0.27628
2024,New Hampshire,6,105.19698,95.512821,73.850806,13.772113,14.114061,1,13,0,0,0.302346,0,0.324292,0.162053,0.245675,0.754325,0.292141,0.45568,0.098717,0.027955,0.438469,0.37432,0.327484,0.311623
2024,New Mexico,1,120.628397,95.21574,72.424265,23.250462,33.111562,15,10,0,0,0.603683,0,0.333828,0.136857,0.324425,0.675575,0.325822,0.49211,0.121425,0.070256,0.30374,0.372501,0.340077,0.346809
2024,New Mexico St,7,102.938138,99.492931,69.221094,14.724683,9.874676,2,7,0,0,0.283559,0,0.329073,0.172455,0.263305,0.736695,0.338639,0.465629,0.088033,0.044242,0.343578,0.367984,0.337662,0.328935
2024,New Orleans,9,103.697569,104.964662,73.324242,9.70251,4.181293,0,3,2,0,0.21968,0,0.303905,0.168203,0.330992,0.669008,0.381611,0.462175,0.104972,0.048766,0.291152,0.368629,0.328335,0.328608
2024,Niagara,7,109.518211,101.072796,68.646094,11.284479,11.859491,0,10,2,0,0.410583,0,0.361818,0.172078,0.23839,0.76161,0.361921,0.497567,0.081942,0.031866,0.314465,0.360959,0.335243,0.306172
2024,Nicholls,6,110.214847,100.941661,70.006618,13.367445,13.873324,1,11,0,0,0.673103,0,0.365039,0.188218,0.270903,0.729097,0.382923,0.45583,0.096209,0.058818,0.407543,0.353528,0.326417,0.359365
2024,NJIT,8,103.315107,104.92773,68.652679,12.485277,5.606718,3,2,0,0,0.290041,0,0.301802,0.161787,0.330247,0.669753,0.314694,0.443439,0.104564,0.04786,0.396193,0.360018,0.329827,0.31152
2024,Norfolk St,6,110.918871,101.931248,68.564394,7.283337,14.163341,3,10,1,0,0.761853,0,0.33657,0.178554,0.322609,0.677391,0.405696,0.479388,0.127728,0.046406,0.33208,0.365074,0.321511,0.331903
2024,North Alabama,6,113.722447,104.306716,69.973438,12.685449,13.46045,2,9,2,0,0.482239,0,0.362297,0.144698,0.280035,0.719965,0.328327,0.418903,0.076368,0.045106,0.351631,0.376441,0.344707,0.311318
2024,North Carolina,4,123.347508,97.431046,71.644853,27.522872,38.549903,24,5,0,0,0.781462,0,0.353866,0.144093,0.294496,0.705504,0.368471,0.51623,0.080873,0.057063,0.359059,0.377446,0.346182,0.318867
2024,North Dakota,6,114.318088,101.744326,68.09375,10.881944,14.356931,1,12,0,0,0.60817,0,0.326329,0.148692,0.311911,0.688089,0.310238,0.432401,0.092703,0.044057,0.418304,0.38118,0.335306,0.306069
2024,North Florida,6,114.603173,103.958837,70.389062,10.830007,12.98626,1,12,1,0,0.428949,0,0.360301,0.160714,0.263941,0.736059,0.282733,0.468787,0.079469,0.051499,0.554512,0.376155,0.334733,0.309232
2024,North Park,11,100.150452,128.297824,69.6,11.103096,-10.696904,0,0,0,0,0.005344,0,0.4,0.287356,0.483871,0.516129,0.280702,0.541667,0.100575,0.057471,0.438596,0.366412,0.331944,0.32112
2024,North Texas,2,116.076698,99.199032,63.58125,21.161969,26.291381,10,7,0,0,0.514701,0,0.377493,0.176447,0.327633,0.672367,0.30028,0.452903,0.109604,0.047675,0.393277,0.3693,0.332562,0.349158
2024,Northeastern,6,111.241707,104.324594,65.757031,16.263308,13.825816,2,9,1,0,0.412772,0,0.317757,0.189143,0.306968,0.693032,0.298315,0.537037,0.095047,0.05085,0.360674,0.39093,0.340671,0.304518
2024,Northern Iowa,13,114.233809,96.978679,68.335606,20.152395,22.303909,11,7,0,0,0.682073,0,0.344928,0.150771,0.237243,0.762757,0.376961,0.491103,0.09135,0.037693,0.373175,0.391192,0.346993,0.309861
2024,Northern NM,11,87.741513,113.936311,73.75625,14.39045,-9.159563,0,0,0,0,0.029458,0,0.384615,0.210152,0.352518,0.647482,0.232283,0.418605,0.091518,0.027116,0.307087,0.369809,0.351338,0.348607
2024,Northland,16,70.510533,138.676746,70.75,7.617172,-41.182843,0,0,0,0,0.00006,0,0.277778,0.240283,0.291667,0.708333,0.178571,0.555556,0.042403,0.028269,0.321429,0.349165,0.375187,0.30428
2024,Northwest U,13,72.282053,120.366007,73.45,17.859254,-23.440762,0,0,0,0,0.000622,0,0.290909,0.23145,0.15,0.85,0.034483,0.375,0.047651,0.068074,0.474138,0.365152,0.336771,0.332186
2024,Northwestern,2,121.281111,102.46253,65.728125,26.204482,29.904484,15,6,0,0,0.513647,0,0.394074,0.133124,0.269809,0.730191,0.299127,0.596908,0.105548,0.049922,0.36845,0.365739,0.341037,0.352937
2024,Northwood,8,96.912609,96.588129,67.7,6.793993,6.993994,0,0,0,0,0.132139,0,0.176471,0.177253,0.46875,0.53125,0.184615,0.346154,0.162482,0.044313,0.261538,0.320548,0.304274,0.248767
2024,Notre Dame,3,107.113189,93.833754,65.281818,25.800814,22.194758,9,3,0,0,0.574192,0,0.317722,0.19171,0.273418,0.726582,0.278509,0.451482,0.087732,0.037135,0.433114,0.377057,0.348128,0.311856
2024,Notre Dame MD,14,78.953614,134.286804,71.75,14.531481,-29.268514,0,0,0,0,0.000139,0,0.24,0.139373,0.315789,0.684211,0.15873,0.35,0.097561,0.027875,0.396825,0.343471,0.363359,0.281594
2024,NW Indian,14,82.376846,126.100392,79.625,16.479258,-24.320762,0,0,0,0,0.000281,0,0.384615,0.244898,0.237288,0.762712,0.25,0.418605,0.075353,0.006279,0.325,0.400047,0.362391,0.296808
2024,NW Nzarene,9,84.639337,106.835156,71.55,30.186467,2.386455,0,0,0,0,0.001985,0,0.333333,0.307477,0.230769,0.769231,0.382979,0.588235,0.139762,0.027952,0.255319,0.330544,0.330696,0.393305
2024,Oak Hills Cris,16,24.385661,148.848276,70.425,12.875306,-77.924709,0,0,0,0,0,0,0.05,0.326589,0.214286,0.785714,0.061224,0.333333,0.070998,0,0.408163,0.363686,0.377811,0.296074
2024,Oakland,3,116.143356,105.384944,69.463971,17.546698,21.063365,8,12,0,0,0.752358,0,0.351025,0.161743,0.291838,0.708162,0.309091,0.538798,0.096538,0.040647,0.407371,0.366982,0.336083,0.318864
2024,Oakland City,12,73.983678,113.610876,74.3625,19.272819,-17.027179,0,0,0,0,0.000499,0,0.227273,0.268953,0.220588,0.779412,0.284404,0.333333,0.047067,0.026895,0.40367,0.344814,0.348664,0.352258
2024,Oakwood,15,59.914994,107.959402,82.8,12.455539,-31.344457,0,0,0,0,0.000139,0,0.083333,0.169082,0.317073,0.682927,0.102564,0.578947,0.096618,0.096618,0.307692,0.436364,0.328829,0.335135
2024,Occidental,13,88.492063,133.541548,73.6375,23.913836,-18.386183,0,0,0,0,0.001,0,0.311111,0.196911,0.2,0.8,0.072581,0.354167,0.07469,0.00679,0.362903,0.352238,0.351685,0.329878
2024,Oglethorpe,16,65.949776,140.389565,80.45,7.303897,-53.496103,0,0,0,0,0.000008,0,0.241379,0.248602,0.222222,0.777778,0.392857,0.466667,0.04972,0.02486,0.517857,0.379971,0.281211,0.283661
2024,Ohio,4,116.909428,97.100282,68.815909,13.075279,20.117705,5,11,0,0,0.696206,0,0.355502,0.141352,0.288812,0.711188,0.313538,0.514983,0.103482,0.051961,0.416205,0.389688,0.330738,0.31844
2024,Ohio Christian,10,109.415662,135.983111,69.275,19.787391,-5.01261,0,0,0,0,0.003261,0,0.363636,0.173223,0.333333,0.666667,0.145161,0.538462,0.115482,0.014435,0.532258,0.422481,0.323394,0.285368
2024,Ohio Dom,15,67.218477,118.060711,78.8,14.387816,-30.412182,0,0,0,0,0.000117,0,0.208333,0.228426,0.235294,0.764706,0.123077,0.368421,0.063452,0.01269,0.369231,0.357323,0.297183,0.358329
2024,Ohio State,6,120.113908,104.385738,67.490152,26.060809,30.449701,17,4,0,0,0.69092,0,0.344725,0.156701,0.293289,0.706711,0.33975,0.517241,0.082616,0.067799,0.350156,0.37125,0.340643,0.342993
2024,Oklahoma,1,118.312273,90.65005,68.986719,25.863178,31.556927,12,5,0,0,0.395146,0,0.345376,0.180741,0.275311,0.724689,0.376739,0.511377,0.085614,0.047111,0.385086,0.363947,0.33953,0.33701
2024,Oklahoma St,3,111.909817,96.357004,69.007031,25.776431,23.25768,5,5,0,0,0.230704,0,0.33419,0.187028,0.272727,0.727273,0.339633,0.539723,0.09057,0.041662,0.432462,0.376931,0.340729,0.33898
2024,Old Dominion,7,104.997133,101.484884,71.616406,17.23537,10.910372,1,5,0,0,0.159063,0,0.318444,0.152287,0.282187,0.717813,0.275362,0.39239,0.109524,0.053671,0.346827,0.37128,0.333469,0.324002
2024,Ole Miss,2,117.815794,98.728499,68.735938,25.124268,25.45552,14,5,0,0,0.225236,0,0.365152,0.156396,0.310345,0.689655,0.350746,0.576877,0.114114,0.083653,0.351812,0.383793,0.330901,0.350415
2024,Omaha,6,111.849669,101.807642,68.716667,12.014831,13.233001,1,10,1,0,0.394864,0,0.326466,0.143761,0.252936,0.747064,0.391885,0.397633,0.088197,0.032192,0.336893,0.402421,0.348106,0.307891
2024,Oral Roberts,7,111.03819,103.715966,69.231452,14.387573,12.587562,1,9,0,0,0.237132,0,0.360759,0.139784,0.229637,0.770363,0.267064,0.419951,0.08154,0.04939,0.427952,0.396439,0.344619,0.307877
2024,Oregon,2,118.707614,101.961703,68.814706,26.426104,29.287208,20,3,0,0,0.569607,0,0.336032,0.14831,0.290628,0.709372,0.322613,0.507042,0.105142,0.051716,0.36665,0.360931,0.349525,0.33224
2024,Oregon St,4,110.560597,98.749787,67.632813,24.925524,20.313015,9,3,0,0,0.240819,0,0.328308,0.182511,0.264169,0.735831,0.361032,0.459845,0.088714,0.054984,0.34212,0.363427,0.345068,0.326913
2024,Ozark Chrstn,16,76.388709,150.85194,70.85,12.587562,-43.212451,0,0,0,0,0.000019,0,0.235294,0.254058,0.310345,0.689655,0.101695,0.285714,0.028229,0.014114,0.288136,0.427952,0.360759,0.267064
2024,Pacif. Lutheran,15,86.020224,150.401501,62.6,8.437519,-32.362502,0,0,0,0,0.000229,0,0.368421,0.223642,0.333333,0.666667,0.333333,0.5625,0.047923,0.031949,0.395833,0.408324,0.334711,0.273903
2024,Pacific,9,98.160059,108.476071,69.929688,16.033545,0.671033,1,2,0,0,0.037894,0,0.315708,0.168473,0.239726,0.760274,0.368899,0.582069,0.087141,0.0286,0.364926,0.37205,0.339341,0.310174
2024,Pacific Union,16,84.668296,154.321541,81.175,9.607071,-49.192949,0,0,0,0,0.000011,0,0.354839,0.123191,0.181818,0.818182,0.188406,0.36,0.061595,0.012319,0.449275,0.420485,0.330769,0.322372
2024,Park U Gilbert,14,60.098539,115.950591,73.275,19.641095,-28.158924,0,0,0,0,0.000071,0,0.2,0.204708,0.16129,0.83871,0.152542,0.4,0.054589,0,0.338983,0.401224,0.348128,0.35448
2024,Paul Quinn,12,85.23296,116.931542,77,17.17766,-13.289015,0,0,0,0,0.007771,0,0.324324,0.25974,0.280488,0.719512,0.228571,0.573529,0.125541,0.051948,0.422857,0.344347,0.343941,0.365607
2024,Penn,14,115.624748,104.209205,67.7,16.16239,15.90033,1,8,1,0,0.242764,0,0.366667,0.164519,0.290787,0.709213,0.271935,0.548015,0.088117,0.034126,0.435793,0.407572,0.344014,0.299494
2024,Penn Alleghany,16,70.891913,144.343095,77.125,21.024822,-43.775168,0,0,0,0,0.000004,0,0.388889,0.272285,0.285714,0.714286,0.272727,0.5,0.051864,0.012966,0.327273,0.33298,0.343949,0.299576
2024,Penn State,2,115.313829,95.14241,70.553788,25.380292,26.495448,11,4,0,0,0.419829,0,0.33377,0.157198,0.296714,0.703286,0.353152,0.48829,0.118113,0.048104,0.391594,0.359282,0.342572,0.336809
2024,Pepperdine,5,113.098171,105.730238,68.189844,17.79262,15.998671,2,6,0,0,0.424167,0,0.355,0.162689,0.301016,0.698984,0.33172,0.500593,0.073783,0.041245,0.322581,0.365879,0.343289,0.321208
2024,Pfeiffer,12,82.577831,112.786408,75.5,10.771097,-14.528897,0,0,0,0,0.003012,0,0.282051,0.258278,0.347826,0.652174,0.34188,0.581395,0.046358,0.05298,0.333333,0.361741,0.336529,0.338452
2024,Philybible,11,96.719926,120.927133,68,3.233402,-11.56659,0,0,1,0,0.016599,0,0.335,0.17,0.31,0.69,0.29,0.55,0.095,0.08,0.377114,0.342548,0.294737,0.324519
2024,Piedmont,7,114.85471,111.339635,76.925,8.735728,9.935731,0,0,0,0,0.1461,0,0.44,0.129997,0.297297,0.702703,0.343284,0.551724,0.168996,0.051999,0.373134,0.332979,0.321086,0.32766
2024,Pit Greensburg,11,95.462714,115.222011,66.45,1.870251,-8.929738,0,0,1,0,0.03094,0,0.296296,0.240783,0.342857,0.657143,0.423077,0.526316,0.030098,0.060196,0.519231,0.342449,0.335069,0.327586
2024,Pitt,1,121.572342,92.343259,66.962121,24.753264,32.044177,16,5,0,0,0.694238,0,0.357384,0.134404,0.307441,0.692559,0.305153,0.517755,0.094128,0.066523,0.443722,0.364335,0.342297,0.326755
2024,Plattsburgh,14,71.686882,135.397587,64.225,22.425179,-25.374809,0,0,0,0,0.000071,0,0.238095,0.171273,0.388889,0.611111,0.2,0.4375,0.093422,0.01557,0.381818,0.445021,0.343823,0.290975
2024,Point Loma Nz,5,89.606325,97.295245,65.275,32.786688,15.986675,0,0,0,0,0.012056,0,0.272727,0.183838,0.290323,0.709677,0.155172,0.647059,0.091919,0.045959,0.568966,0.377689,0.312583,0.368684
2024,Point Park,9,85.741629,93.472473,68.075,9.941194,3.141197,0,0,0,0,0.055604,0,0.352941,0.117517,0.25,0.75,0.278689,0.421053,0.102828,0.01469,0.278689,0.42138,0.336207,0.280228
2024,Portland,7,109.585161,108.447859,69.241667,18.005016,9.871672,5,3,0,0,0.379045,0,0.346793,0.172431,0.248201,0.751799,0.307245,0.539952,0.059519,0.03151,0.445267,0.373464,0.345456,0.31477
2024,Portland Bible,16,54.006715,136.403292,71.95,19.290506,-46.509513,0,0,0,0,0.000004,0,0.2,0.236275,0.433333,0.566667,0.029851,0.6,0.041696,0.027797,0.223881,0.420079,0.364486,0.381941
2024,Portland St,6,107.082314,97.889397,70.146875,12.941813,13.335545,2,13,0,0,0.340686,0,0.324658,0.160823,0.317528,0.682472,0.334531,0.46848,0.100682,0.047668,0.374551,0.387949,0.342577,0.30515
2024,Prairie View,16,100.857535,101.671854,72.375,11.061802,5.694057,0,5,2,0,0.229521,0,0.304703,0.1765,0.318993,0.681007,0.368651,0.484416,0.126135,0.038777,0.267067,0.350054,0.332803,0.355168
2024,Presbyterian,7,111.05594,104.81408,69.529687,10.393701,11.993705,1,9,2,0,0.434464,0,0.33719,0.164498,0.279245,0.720755,0.372474,0.48037,0.098429,0.046743,0.330421,0.368999,0.333853,0.338659
2024,Princeton,2,122.901164,99.568852,65.658929,15.770497,26.329127,8,14,0,0,0.76883,0,0.357405,0.124561,0.251326,0.748674,0.283958,0.545576,0.08703,0.028829,0.502151,0.400048,0.33551,0.292248
2024,Providence,2,114.416174,92.86234,69.301471,26.547159,29.444306,12,9,0,0,0.49166,0,0.327566,0.174854,0.256117,0.743883,0.321593,0.53908,0.092944,0.066207,0.442573,0.38918,0.345913,0.307008
2024,PSU Brandywine,15,80.3459,130.572214,80.6,6.234653,-34.565335,0,0,0,0,0.000229,0,0.411765,0.260546,0.15625,0.84375,0.280702,0.666667,0.086849,0,0.298246,0.403579,0.330049,0.337972
2024,PSU New Kens,12,88.885026,112.899463,72.85,-0.969736,-14.769733,0,0,1,0,0.019442,0,0.28,0.137268,0.346154,0.653846,0.086957,0.37037,0.192176,0.013727,0.362319,0.347804,0.312036,0.267183
2024,PSU Schuylkill,16,77.6107,139.532157,87.5,6.234653,-48.565335,0,0,0,0,0.000022,0,0.222222,0.217143,0.357143,0.642857,0.289855,0.708333,0.148571,0.022857,0.26087,0.403579,0.330049,0.337972
2024,PSU York,10,88.000101,104.382081,77.45,11.642824,-4.157162,0,0,0,0,0.014154,0,0.384615,0.232408,0.15625,0.84375,0.407407,0.428571,0.077469,0.025823,0.240741,0.348463,0.357143,0.245974
2024,Purdue,4,130.072628,106.901522,69.602273,29.307605,42.148633,30,4,0,0,0.773822,0,0.408012,0.165007,0.301051,0.698949,0.428127,0.645058,0.081415,0.054422,0.349766,0.356933,0.347021,0.336746
2024,Purdue FW,4,114.739826,103.797978,72.742424,10.156161,18.917271,4,13,1,0,0.667036,0,0.363006,0.141221,0.258004,0.741996,0.303773,0.467222,0.128307,0.043324,0.423812,0.374931,0.320908,0.310773
2024,Queens,15,113.189026,106.340729,73.656061,12.721943,11.594674,1,10,0,0,0.50643,0,0.340278,0.155103,0.304348,0.695652,0.331265,0.46875,0.094625,0.037439,0.412411,0.402749,0.349845,0.315351
2024,Queens NY,10,81.979935,92.970364,75.45,3.233402,-3.56659,0,0,1,0,0.055604,0,0.380952,0.185553,0.193548,0.806452,0.385965,0.619048,0.10603,0.026508,0.368421,0.342548,0.294737,0.324519
2024,Quinnipiac,5,112.070546,98.282678,71.870455,10.963106,16.986648,0,16,0,0,0.53676,0,0.352857,0.169075,0.291118,0.708882,0.311605,0.508753,0.105409,0.051439,0.345679,0.362728,0.330772,0.296971
2024,Radford,6,113.647761,103.286182,66.184091,13.755719,14.531481,3,9,0,0,0.327933,0,0.363359,0.163456,0.294376,0.705624,0.281594,0.420207,0.083788,0.053112,0.343471,0.38024,0.333747,0.346723
2024,Regent,15,54.802979,109.616619,76.025,10.011613,-33.78838,0,0,0,0,0.000281,0,0.115385,0.302532,0.283019,0.716981,0.368932,0.444444,0.078921,0.01973,0.252427,0.435257,0.348475,0.371904
2024,Reinhardt,15,69.476968,128.59731,72.7,15.758522,-32.041481,0,0,0,0,0.00037,0,0.26087,0.337001,0.385714,0.614286,0.214286,0.5625,0.082531,0.013755,0.410714,0.411779,0.331034,0.364265
2024,Rhode Island,5,112.080246,103.562326,69.052344,19.991199,15.609956,5,6,0,0,0.249284,0,0.348915,0.18238,0.281834,0.718166,0.396111,0.493947,0.068336,0.044803,0.332778,0.394188,0.34456,0.315577
2024,RI College,13,73.146219,115.882201,75.65,16.372826,-21.427164,0,0,0,0,0.000377,0,0.25,0.290813,0.176471,0.823529,0.264151,0.5,0.039656,0.026438,0.377358,0.409791,0.34094,0.331683
2024,Rice,5,111.995208,104.096167,68.330469,18.928393,14.872142,2,6,0,0,0.237836,0,0.337366,0.170129,0.291005,0.708995,0.296277,0.553421,0.081406,0.053508,0.395745,0.37783,0.336326,0.336438
2024,Richmond,2,113.739953,93.756561,67.802344,20.251529,25.536383,12,8,0,0,0.573509,0,0.365325,0.127669,0.170152,0.829848,0.280635,0.498237,0.100015,0.043324,0.353392,0.393806,0.340442,0.329335
2024,Rider,6,107.695329,97.796927,70.2125,14.076991,14.608253,1,9,1,0,0.660493,0,0.337037,0.177141,0.301336,0.698664,0.316502,0.510766,0.093466,0.05519,0.281104,0.373224,0.335906,0.304605
2024,Rivier,13,74.805481,121.587305,74.85,19.054881,-22.745104,0,0,0,0,0.000193,0,0.16129,0.227121,0.391304,0.608696,0.09375,0.47619,0.12024,0,0.484375,0.294179,0.328622,0.387734
2024,Rob. Wesleyan,9,100.826572,105.161452,83.5,4.072499,1.272503,0,0,1,0,0.094129,0,0.352941,0.143713,0.352941,0.647059,0.294118,0.483871,0.143713,0.047904,0.5,0.40765,0.27748,0.27541
2024,Robert Morris,7,108.610541,103.914621,69.859375,13.034942,9.941194,1,2,0,0,0.229963,0,0.336207,0.198166,0.338235,0.661765,0.280228,0.517407,0.07023,0.041154,0.42138,0.366115,0.327026,0.314823
2024,Rockford,13,81.31046,120.785349,66.8,1.348961,-22.451042,0,0,1,0,0.003845,0,0.272727,0.209581,0.258065,0.741935,0.140351,0.52381,0.07485,0.04491,0.578947,0.30533,0.282732,0.378331
2024,Rocky Mnt,2,105.928316,84.341955,69.375,14.364042,25.564021,0,1,0,0,0.926987,0,0.421053,0.245045,0.232558,0.767442,0.083333,0.466667,0.086486,0,0.316667,0.426305,0.367347,0.297339
2024,Rosemont,16,64.467781,147.414825,69.85,16.48735,-46.312641,0,0,0,0,0.000006,0,0.076923,0.286328,0.217391,0.782609,0.115385,0.388889,0.042949,0,0.25,0.397354,0.346486,0.245958
2024,Rust,14,90.153155,138.568501,76.075,13.46045,-27.339549,0,0,0,0,0.000229,0,0.333333,0.210319,0.321429,0.678571,0.278689,0.5,0.118304,0.02629,0.295082,0.351631,0.362297,0.328327
2024,Rutgers,3,104.280285,87.483111,68.785938,26.397305,24.74106,10,3,0,0,0.305737,0,0.286885,0.165822,0.329966,0.670034,0.329009,0.502667,0.112214,0.075869,0.316554,0.372742,0.344856,0.346553
2024,S Dakota St,4,116.222914,100.756814,69.130882,14.800992,19.812411,5,14,0,0,0.771618,0,0.362954,0.161671,0.232673,0.767327,0.294534,0.455975,0.088919,0.0468,0.404352,0.392973,0.341456,0.311692
2024,S Illinois,3,115.50916,95.95781,66.617969,18.414619,22.152118,5,13,0,0,0.482089,0,0.346912,0.166528,0.254511,0.745489,0.360252,0.576485,0.082091,0.045971,0.435853,0.389937,0.345819,0.310449
2024,S Virginia,14,79.768166,132.751561,71.2875,11.481601,-28.818393,0,0,0,0,0.001008,0,0.215686,0.252499,0.349206,0.650794,0.333333,0.714286,0.070139,0.007014,0.459459,0.359431,0.340647,0.372388
2024,S Wesleyan,10,86.565203,105.033913,67.85,15.725825,-1.07417,0,0,0,0,0.012056,0,0.291667,0.103169,0.15,0.85,0.096774,0.454545,0.117907,0.044215,0.387097,0.447244,0.359155,0.279265
2024,Sacramento St,8,106.583105,102.629217,65.736765,12.807089,9.607071,3,5,0,0,0.42331,0,0.330769,0.221472,0.329752,0.670248,0.322372,0.556391,0.07964,0.04161,0.420485,0.384427,0.342877,0.323174
2024,Sacred Heart,7,108.058802,99.393542,70.573437,8.646762,10.390524,0,8,2,0,0.594437,0,0.364615,0.164279,0.272128,0.727872,0.308746,0.509259,0.123542,0.071291,0.342466,0.388747,0.332134,0.289531
2024,Saginaw,8,105.6222,120.767162,73.325,29.019447,6.21945,0,0,0,0,0.004534,0,0.294118,0.218207,0.342857,0.657143,0.106061,0.666667,0.136379,0.122741,0.257576,0.383409,0.353562,0.265554
2024,Saint Francis,9,100.980027,105.848412,66.6575,9.190241,1.870251,0,4,2,0,0.160183,0,0.335069,0.205028,0.343356,0.656644,0.327586,0.514727,0.089012,0.053507,0.342449,0.395498,0.329354,0.30723
2024,Saint Joseph's,3,116.720179,98.429557,68.871324,20.028691,24.577269,9,10,0,0,0.512327,0,0.35595,0.163562,0.280165,0.719835,0.295285,0.551225,0.101212,0.054663,0.475434,0.403293,0.347616,0.315515
2024,Saint Louis,10,114.733688,106.314261,69.818939,21.142236,16.299817,5,7,0,0,0.389707,0,0.367376,0.167533,0.259729,0.740271,0.373198,0.504142,0.086805,0.043836,0.376401,0.396615,0.347173,0.339095
2024,Saint Mary's,9,123.39658,88.569557,63.803788,20.103007,34.050057,14,9,0,0,0.787128,0,0.35452,0.15863,0.332567,0.667433,0.288144,0.586813,0.102587,0.061267,0.364948,0.369401,0.336455,0.318613
2024,Saint Peter's,5,104.239223,95.035538,65.926563,14.637875,15.746979,0,15,0,0,0.646987,0,0.332155,0.193397,0.353509,0.646491,0.390986,0.492898,0.109497,0.064466,0.318873,0.356093,0.345108,0.307453
2024,Saint Vincent,15,63.906347,121.315327,76.125,9.941194,-35.858803,0,0,0,0,0.000099,0,0.190476,0.118227,0.157895,0.842105,0.238095,0.588235,0.078818,0.026273,0.333333,0.42138,0.336207,0.280228
2024,Saint Xavier,15,76.620178,131.660876,79.7,10.992227,-35.807775,0,0,0,0,0.000084,0,0.352941,0.276035,0.333333,0.666667,0.193548,0.5,0.163112,0.025094,0.274194,0.350619,0.315966,0.377136
2024,Saintmary,15,64.58712,128.915705,70.8,15.043103,-34.756908,0,0,0,0,0.000051,0,0.24,0.367232,0.448276,0.551724,0.148148,0.75,0.084746,0.014124,0.462963,0.426169,0.331689,0.298476
2024,Sam Houston,4,108.497545,93.808387,69.846212,14.848582,18.042516,6,12,0,0,0.784856,0,0.351506,0.188726,0.313147,0.686853,0.340349,0.513285,0.098051,0.032539,0.357803,0.360695,0.32828,0.34702
2024,Samford,2,120.881769,98.349534,74.189706,14.292474,25.406763,10,14,0,0,0.68289,0,0.393192,0.177605,0.293344,0.706656,0.356902,0.582031,0.13479,0.051537,0.409812,0.389393,0.33622,0.321476
2024,San Diego,7,106.511225,100.728755,72.262879,17.725873,12.259196,4,11,0,0,0.54929,0,0.344165,0.183253,0.29344,0.70656,0.32002,0.508834,0.100223,0.052837,0.342265,0.378379,0.343057,0.316692
2024,San Diego St,1,117.929123,97.154225,68.413971,25.440754,32.786688,18,7,0,0,0.599872,0,0.312583,0.161646,0.308108,0.691892,0.368684,0.506818,0.106617,0.058897,0.377689,0.371864,0.340838,0.332241
2024,San Fran St,9,87.06308,99.746189,70.125,16.513307,2.713292,0,0,0,0,0.019442,0,0.304348,0.213904,0.15,0.85,0.3,0.526316,0.02852,0.01426,0.46,0.362951,0.326409,0.376952
2024,San Francisco,2,119.368078,93.78825,68.707576,17.07369,27.903093,6,11,0,0,0.514207,0,0.353674,0.167155,0.277679,0.722321,0.235592,0.552223,0.119964,0.050279,0.405966,0.365887,0.336514,0.324282
2024,San José St,6,111.233719,105.074652,66.903906,20.475863,14.807102,2,4,0,0,0.124801,0,0.343188,0.156942,0.255578,0.744422,0.227909,0.520433,0.077069,0.049511,0.419181,0.363594,0.34187,0.342465
2024,Santa Barbara,5,113.340418,100.550691,69.631452,14.498709,16.027724,5,10,0,0,0.307002,0,0.360308,0.187624,0.233117,0.766883,0.402019,0.504843,0.070417,0.045864,0.308195,0.352115,0.329995,0.332986
2024,Santa Clara,8,116.838996,96.835847,69.80303,19.025243,23.304022,8,7,0,0,0.519707,0,0.353786,0.183199,0.306327,0.693673,0.3125,0.544956,0.068591,0.038637,0.386089,0.363385,0.339876,0.314655
2024,Sarah Lawrence,14,72.930162,125.439404,73.6,10.390524,-30.409462,0,0,0,0,0.000229,0,0.26087,0.298913,0.378378,0.621622,0.275862,0.277778,0.054348,0.040761,0.396552,0.342466,0.364615,0.308746
2024,SC State,8,103.761226,101.809359,70.459375,11.97554,7.944294,0,7,1,0,0.67342,0,0.321543,0.215993,0.396179,0.603821,0.361169,0.554847,0.118419,0.04923,0.324635,0.360453,0.334155,0.357724
2024,SC Upstate,7,106.410975,100.019047,69.725,13.092466,11.479137,3,4,0,0,0.404919,0,0.332851,0.165412,0.274655,0.725345,0.302339,0.480769,0.103741,0.045895,0.394181,0.375051,0.329223,0.36217
2024,Schreiner,13,81.281172,114.115728,79.8375,10.352655,-18.44735,0,0,1,0,0.003895,0,0.211538,0.200407,0.414286,0.585714,0.234043,0.488889,0.087678,0.031314,0.368794,0.347824,0.318602,0.358175
2024,Sci & Arts OK,15,91.108605,148.32347,77.475,11.382074,-35.917932,0,0,0,0,0.000078,0,0.3,0.271055,0.285714,0.714286,0.385321,0.446809,0.032268,0.038722,0.366972,0.389391,0.31546,0.358754
2024,SD Mines,11,85.640714,121.590802,69.4875,24.709856,-9.090155,0,0,0,0,0.005155,0,0.211538,0.215866,0.361702,0.638298,0.181034,0.307692,0.143911,0.028782,0.448276,0.349887,0.351305,0.392094
2024,SE Louisiana,8,106.280709,101.205947,67.474219,11.351757,9.714253,2,4,1,0,0.574339,0,0.34712,0.204708,0.30625,0.69375,0.346523,0.606021,0.102817,0.033809,0.382702,0.359208,0.32536,0.348627
2024,SE Missouri,9,98.272093,101.251542,70.425806,8.830593,2.378979,0,3,3,0,0.233663,0,0.304279,0.169476,0.283384,0.716616,0.277056,0.501309,0.081532,0.035727,0.34145,0.359032,0.332109,0.323449
2024,Seattle U,3,110.748255,101.107265,70.073485,16.429299,22.996856,6,16,0,0,0.617172,0,0.344733,0.18206,0.271452,0.728548,0.33577,0.513482,0.080003,0.042812,0.381723,0.352175,0.33067,0.357871
2024,Seton Hall,2,116.586654,109.923201,67.822656,26.501534,29.501538,17,8,0,0,0.662882,0,0.326889,0.18799,0.331376,0.668624,0.324773,0.480287,0.109661,0.067732,0.304441,0.390012,0.344354,0.307959
2024,SF Austin,4,107.671027,92.237652,73.00303,15.524792,18.664174,5,10,0,0,0.400202,0,0.334432,0.218754,0.329071,0.670929,0.421164,0.497055,0.122452,0.038604,0.321164,0.349845,0.333633,0.362334
2024,Shawnee State,14,75.589151,128.007728,73.675,20.128195,-25.671804,0,0,0,0,0.000175,0,0.243902,0.298609,0.297872,0.702128,0.247619,0.394737,0.095012,0.02036,0.390476,0.420897,0.359206,0.309503
2024,Siena,16,95.38999,105.918327,66.999219,14.810612,0.910625,0,2,1,0,0.143277,0,0.280265,0.235077,0.331272,0.668728,0.307736,0.487179,0.076493,0.060635,0.343003,0.363632,0.344234,0.303518
2024,Siena Heights,10,80.556569,97.828848,76.8,14.387816,-3.412182,0,0,0,0,0.010259,0,0.411765,0.364583,0.171429,0.828571,0.156863,0.434783,0.117188,0.013021,0.333333,0.357323,0.297183,0.358329
2024,SIUE,7,108.499639,99.721858,68.02197,9.612188,11.103096,1,7,1,0,0.402385,0,0.331944,0.156812,0.317677,0.682323,0.32112,0.449519,0.10068,0.061032,0.366412,0.368939,0.333834,0.320165
2024,SLCP,16,65.701371,141.957658,78.0125,11.9222,-50.8778,0,0,0,0,0.000007,0,0.280702,0.243551,0.346939,0.653061,0.150794,0.575758,0.057683,0.019228,0.452381,0.314611,0.328015,0.278294
2024,SMU,9,118.530322,96.423908,68.532031,20.376238,27.98836,9,10,0,0,0.409058,0,0.338008,0.165069,0.36477,0.63523,0.286067,0.560354,0.123574,0.071591,0.352273,0.372616,0.329468,0.34765
2024,So Indiana,8,101.926696,100.529143,69.922656,10.934952,6.659952,1,3,4,0,0.250207,0,0.323795,0.188601,0.279683,0.720317,0.374931,0.49118,0.091172,0.042011,0.366648,0.358882,0.328493,0.318415
2024,Sonoma St,7,101.851694,99.367818,65.6,12.259196,11.459184,0,0,0,0,0.118735,0,0.368421,0.27439,0.233333,0.766667,0.340426,0.478261,0.137195,0.030488,0.404255,0.342265,0.344165,0.32002
2024,South Alabama,6,108.976066,100.635509,71.382031,15.292282,13.304782,1,12,0,0,0.595586,0,0.345376,0.158478,0.240303,0.759697,0.323966,0.408383,0.094562,0.038525,0.366914,0.35898,0.328951,0.337927
2024,South Carolina,2,118.694164,98.015777,65.357576,24.241697,28.176993,17,7,0,0,0.485105,0,0.335032,0.154395,0.320101,0.679899,0.317659,0.603571,0.07372,0.048683,0.410136,0.38187,0.337611,0.354243
2024,South Dakota,8,110.76324,107.661543,71.091406,10.773435,7.617172,1,7,0,0,0.325974,0,0.375187,0.179786,0.276182,0.723818,0.30428,0.446857,0.050551,0.024616,0.349165,0.380286,0.341543,0.303884
2024,South Florida,9,116.959565,100.517347,68.809677,19.269672,25.081795,12,12,0,0,0.681738,0,0.365789,0.154704,0.276634,0.723366,0.377443,0.59264,0.102667,0.051568,0.424344,0.382823,0.331834,0.339476
2024,Southern,7,102.934195,92.9772,71.349219,9.406427,12.312676,2,9,0,0,0.49827,0,0.323099,0.199722,0.306183,0.693817,0.357026,0.545229,0.127454,0.045989,0.373975,0.340943,0.329124,0.346668
2024,Southern Miss,6,105.88568,96.932361,69.474219,15.168008,14.011756,5,9,0,0,0.408696,0,0.327362,0.184871,0.291419,0.708581,0.379518,0.485161,0.103006,0.06927,0.336254,0.361706,0.326232,0.334508
2024,Southern NO,14,86.551921,128.225936,78.91875,10.157621,-25.142382,0,0,1,0,0.001833,0,0.271186,0.272432,0.355556,0.644444,0.300412,0.46,0.079195,0.047517,0.242798,0.355232,0.329747,0.367114
2024,Southern Utah,6,109.980694,102.012228,72.004839,16.503507,14.1293,1,7,0,0,0.254046,0,0.300462,0.167103,0.306667,0.693333,0.362171,0.457317,0.090496,0.041216,0.348737,0.34003,0.326746,0.352958
2024,Southwest,13,73.281573,116.244612,70.175,9.874676,-21.925333,0,0,0,0,0.001022,0,0.318182,0.213751,0.26087,0.73913,0.236364,0.6875,0.099751,0.099751,0.4,0.343578,0.329073,0.338639
2024,Spalding,12,76.864167,105.661479,70.675,5.351458,-14.44854,0,0,1,0,0.041818,0,0.230769,0.233463,0.274194,0.725806,0.230088,0.35,0.070746,0.056597,0.230088,0.324511,0.304488,0.330941
2024,Spring Hill,10,97.243474,109.200067,79.925,13.304782,-0.495218,0,0,0,0,0.019442,0,0.26087,0.212699,0.243902,0.756098,0.370968,0.173913,0.062559,0.037535,0.370968,0.366914,0.345376,0.323966
2024,Sprngfield,12,97.830616,127.696026,80.7,17.522772,-13.277214,0,0,0,0,0.001207,0,0.333333,0.173482,0.333333,0.666667,0.162162,0.571429,0.111524,0.024783,0.364865,0.3862,0.33871,0.298515
2024,St Bonaventure,3,117.420973,95.965149,66.588636,20.314403,24.744713,12,6,0,0,0.562967,0,0.365357,0.162463,0.293358,0.706642,0.322115,0.483001,0.099207,0.05825,0.366987,0.390693,0.340249,0.333534
2024,St Elizabeth,16,55.076899,127.955833,74.85,12.31056,-45.489426,0,0,0,0,0.000013,0,0.285714,0.400802,0.444444,0.555556,0.103448,0.333333,0.09352,0.04008,0.241379,0.358732,0.322481,0.320912
2024,St John's,7,122.521651,93.694565,69.739394,27.028675,33.743831,15,4,0,0,0.614515,0,0.340517,0.156861,0.372166,0.627834,0.273025,0.534021,0.100808,0.078213,0.325386,0.395497,0.350675,0.302525
2024,St Joseph's LI,14,73.426132,123.752179,73.5375,19.40989,-24.390101,0,0,0,0,0.000214,0,0.294118,0.224375,0.230769,0.769231,0.140496,0.473684,0.054394,0.040796,0.280992,0.416448,0.364103,0.253785
2024,St Kath,11,79.28042,109.889763,71.1,23.581992,-6.718025,0,0,0,0,0.001316,0,0.315789,0.274262,0.293103,0.706897,0.304762,0.4375,0.042194,0.049226,0.361905,0.316733,0.313854,0.346083
2024,St Mary's,13,72.782314,121.889818,73.2,26.450638,-19.849362,0,0,0,0,0.001173,0,0.2,0.204918,0.40678,0.59322,0.186047,0.314286,0.102459,0.040984,0.387597,0.472531,0.37254,0.313319
2024,St Mary's (MD),14,81.729613,140.83848,64.25,11.167433,-28.632557,0,0,1,0,0.000633,0,0.35,0.210117,0.230769,0.769231,0.204082,0.583333,0.070039,0.031128,0.408163,0.337221,0.33946,0.347495
2024,St Thomas (MN),4,117.158825,96.904706,64.29697,11.294446,19.330797,0,17,0,0,0.597981,0,0.360676,0.142332,0.24878,0.75122,0.289474,0.525029,0.096145,0.033462,0.454496,0.388285,0.336003,0.311414
2024,St Thomas (TX),14,91.210531,147.190073,66.275,14.872142,-25.927858,0,0,0,0,0.000229,0,0.285714,0.211241,0.333333,0.666667,0.157895,0.47619,0.060355,0.015089,0.491228,0.395745,0.337366,0.296277
2024,St. Ambrose,13,77.56839,113.026441,80.275,11.631533,-20.168467,0,0,0,0,0.001022,0,0.269231,0.1744,0.272727,0.727273,0.126761,0.545455,0.112115,0.037372,0.366197,0.315599,0.319149,0.356921
2024,St. Andrews,16,61.476191,129.293039,77.1875,15.553722,-41.996275,0,0,0,0,0.000028,0,0.181818,0.25587,0.172414,0.827586,0.221239,0.253968,0.068016,0.032389,0.292035,0.399392,0.344769,0.354262
2024,St. Francis IL,11,86.035096,117.449782,62.4125,10.055928,-10.744073,0,0,0,0,0.01221,0,0.275862,0.216303,0.295082,0.704918,0.262136,0.538462,0.040056,0.016022,0.281553,0.424426,0.33154,0.332127
2024,Stanford,3,114.76715,97.426384,72.015625,25.020484,24.395475,10,4,0,0,0.315054,0,0.369509,0.177913,0.226071,0.773929,0.28632,0.5839,0.076372,0.042959,0.410392,0.361021,0.341613,0.33396
2024,Stanislaus St,14,60.080934,121.63773,68.5125,17.360545,-29.939467,0,0,1,0,0.004362,0,0.142857,0.21164,0.288136,0.711864,0.163793,0.333333,0.094873,0.014596,0.362069,0.364937,0.335114,0.328522
2024,Stanton,15,78.032188,138.184028,71.225,14.354614,-32.445405,0,0,0,0,0.000084,0,0.235294,0.36504,0.407407,0.592593,0.215686,0.35,0.1404,0,0.333333,0.365172,0.330144,0.398952
2024,Sterling (KS),12,71.958686,109.609402,72.7,20.884122,-13.915891,0,0,0,0,0.000621,0,0.210526,0.316369,0.307692,0.692308,0.214286,0.611111,0.068776,0.055021,0.339286,0.2909,0.325497,0.310363
2024,Stetson,5,118.491165,106.901843,67.868382,12.284436,15.741579,3,15,0,0,0.644222,0,0.37037,0.151678,0.276831,0.723169,0.2998,0.491961,0.078439,0.04507,0.418919,0.385495,0.334436,0.311329
2024,Stonehill,10,95.875386,105.368727,69.358871,12.549523,0.594695,0,1,3,0,0.243468,0,0.303357,0.195803,0.251721,0.748279,0.232103,0.512605,0.092088,0.035812,0.466443,0.383968,0.332031,0.306118
2024,Stony Brook,5,112.037307,99.25158,69.018571,15.781522,16.890101,5,10,0,0,0.687363,0,0.357419,0.148614,0.2625,0.7375,0.292242,0.460369,0.087347,0.046778,0.368872,0.387571,0.336227,0.292293
2024,Sul Ross State,13,69.338489,109.48504,74.375,9.874676,-21.925333,0,0,0,0,0.001022,0,0.242424,0.268908,0.153846,0.846154,0.089286,0.526316,0.067227,0.013445,0.589286,0.343578,0.329073,0.338639
2024,SUNY Canton,16,63.283981,133.202681,76.85,9.791764,-46.008227,0,0,0,0,0.000019,0,0.225806,0.260247,0.277778,0.722222,0.09375,0.352941,0.052049,0.013012,0.484375,0.47744,0.346154,0.246065
2024,SUNY Delhi,14,83.717514,132.746901,76.225,14.294803,-27.505184,0,0,0,0,0.000193,0,0.37931,0.2755,0.384615,0.615385,0.183333,0.681818,0.078714,0.039357,0.483333,0.385723,0.375,0.298685
2024,SUNY Morris,8,107.725177,115.39621,86.5,23.723463,5.923472,0,0,0,0,0.010259,0,0.4,0.150289,0.25,0.75,0.285714,0.5625,0.138728,0,0.428571,0.485585,0.346915,0.280384
2024,SUNY-Maritime,14,61.551255,111.429993,65.325,5.285036,-26.514949,0,0,1,0,0.001022,0,0.206897,0.244929,0.259259,0.740741,0.132075,0.642857,0.091848,0.015308,0.54717,0.451059,0.319797,0.257012
2024,SUNY-Oneonta,11,90.201673,113.947159,75.925,13.116778,-8.683207,0,0,0,0,0.005344,0,0.263158,0.171222,0.351351,0.648649,0.353846,0.521739,0.105367,0.052684,0.292308,0.378378,0.322129,0.315845
2024,Suny-Potsd,13,74.950266,111.56592,84.175,13.880561,-21.919425,0,0,0,0,0.000525,0,0.210526,0.24948,0.242424,0.757576,0.2,0.318182,0.0594,0.0594,0.292308,0.367654,0.330251,0.28849
2024,SW Adventist,16,68.415613,124.885436,82.6,7.533598,-40.266409,0,0,1,0,0.00027,0,0.387755,0.286521,0.15,0.85,0.296296,0.584906,0.08071,0.028249,0.302469,0.293803,0.299826,0.374815
2024,SW Asm of God,7,92.500225,97.85094,76.175,27.98836,12.18836,0,0,0,0,0.014154,0,0.133333,0.236298,0.294118,0.705882,0.209677,0.730769,0.118149,0.065638,0.241935,0.352273,0.338008,0.286067
2024,SW Christian U,15,83.01128,131.914093,83.75,5.192143,-35.607858,0,0,1,0,0.000229,0,0.291667,0.214925,0.192308,0.807692,0.151515,0.571429,0.095522,0.023881,0.363636,0.493136,0.375278,0.374519
2024,SW Minn State,7,112.216686,122.182096,65.7,29.251414,12.451412,0,0,0,0,0.012056,0,0.285714,0.197869,0.411765,0.588235,0.196721,0.346154,0.091324,0.060883,0.344262,0.39802,0.366915,0.330198
2024,Sw Ok St,13,81.451581,127.231893,71.4,16.632367,-21.167633,0,0,0,0,0.000377,0,0.190476,0.12605,0.358974,0.641026,0.369231,0.176471,0.084034,0,0.323077,0.411831,0.326949,0.403944
2024,Syracuse,2,115.143081,95.959105,71.973438,26.041088,26.228593,16,3,0,0,0.560284,0,0.336406,0.158044,0.260338,0.739662,0.33107,0.500566,0.125915,0.05601,0.339948,0.382522,0.34294,0.312452
2024,Tabor,10,91.270367,115.44408,66.275,15.043103,-4.756908,0,0,0,0,0.007413,0,0.346154,0.165975,0.290323,0.709677,0.15,0.65,0.060355,0.015089,0.433333,0.426169,0.331689,0.298476
2024,Talladega,10,81.710237,108.182566,65.3,14.68731,-6.112687,0,0,0,0,0.006295,0,0.333333,0.275651,0.291667,0.708333,0.682927,0.333333,0.107198,0.015314,0.146341,0.310046,0.345395,0.288118
2024,Tarleton St,3,112.308718,103.606823,68.820313,15.609847,20.884122,9,13,0,0,0.693464,0,0.325497,0.166194,0.320632,0.679368,0.310363,0.494786,0.128959,0.052219,0.2909,0.352289,0.33182,0.353216
2024,TCU,9,119.109393,94.027139,71.856061,25.228584,32.05211,13,6,0,0,0.4197,0,0.355738,0.178809,0.337152,0.662848,0.351137,0.597872,0.126094,0.052293,0.301682,0.367554,0.337885,0.348287
2024,Temple,5,108.691519,98.244331,69.465972,19.09469,16.889137,6,8,0,0,0.64452,0,0.317938,0.142756,0.311877,0.688123,0.320235,0.458904,0.105967,0.041987,0.420506,0.382435,0.334879,0.333102
2024,Tennessee,8,122.627665,97.819973,70.439063,28.024336,38.968783,20,6,0,0,0.6789,0,0.341912,0.146403,0.301127,0.698873,0.343117,0.611617,0.112686,0.066103,0.412955,0.376726,0.343829,0.351533
2024,Tennessee St,15,106.705549,97.793605,70.282576,9.220475,11.044716,0,10,1,0,0.487972,0,0.325337,0.187986,0.28471,0.71529,0.365231,0.475962,0.094855,0.050015,0.354599,0.357694,0.32749,0.313578
2024,Tennessee Tech,9,102.496334,104.212984,68.320968,11.037777,4.68939,0,5,1,0,0.337291,0,0.332237,0.174225,0.199582,0.800418,0.308511,0.5,0.073656,0.042494,0.359338,0.360483,0.338285,0.30345
2024,Texas,13,121.380861,97.463707,68.413281,27.185113,32.93217,15,4,0,0,0.510365,0,0.362385,0.166269,0.292948,0.707052,0.304047,0.565169,0.10506,0.065777,0.348243,0.371765,0.344151,0.348575
2024,Texas A&M,9,120.454499,103.749879,67.349265,26.858293,30.619405,16,4,0,0,0.608357,0,0.284326,0.142803,0.40427,0.59573,0.382298,0.445476,0.105683,0.042797,0.381372,0.37316,0.343461,0.346017
2024,Texas A&M-CC,5,108.232886,93.532617,71.509375,7.45321,15.938053,0,12,2,0,0.702718,0,0.305743,0.170432,0.325545,0.674455,0.357576,0.548387,0.122799,0.041079,0.29899,0.356662,0.326435,0.351085
2024,Texas Lutheran,15,69.701435,125.232839,77.975,15.938053,-32.861952,0,0,0,0,0.00006,0,0.222222,0.269317,0.314286,0.685714,0.362069,0.428571,0.076948,0,0.465517,0.29899,0.305743,0.357576
2024,Texas Southern,7,104.262662,100.338753,70.121094,12.035788,11.708513,0,11,2,0,0.689563,0,0.316285,0.180046,0.313552,0.686448,0.305324,0.472292,0.09849,0.05437,0.387787,0.342115,0.330668,0.347305
2024,Texas St,5,106.525707,95.427011,69.280714,16.267682,16.341966,5,10,0,0,0.592391,0,0.32582,0.193828,0.312148,0.687852,0.375755,0.467724,0.106399,0.048663,0.245473,0.372599,0.335648,0.334689
2024,Texas Tech,3,121.213406,96.642537,67.628788,27.035822,32.053467,16,7,0,0,0.487438,0,0.364812,0.164893,0.282251,0.717749,0.345561,0.569754,0.090064,0.037639,0.410952,0.381441,0.34327,0.330073
2024,The Citadel,6,109.76303,101.62664,67.248437,13.54858,12.742333,2,4,1,0,0.241773,0,0.328333,0.178443,0.274223,0.725777,0.337823,0.438339,0.08318,0.039034,0.3367,0.39564,0.342044,0.30181
2024,THMAS,12,89.13902,117.913264,71.9625,10.508121,-12.291871,0,0,0,0,0.005088,0,0.26,0.201494,0.313433,0.686567,0.184,0.422222,0.083377,0.027792,0.4,0.371333,0.325253,0.289878
2024,Tiffin,8,101.986024,101.92352,65.225,6.659952,6.859953,0,0,0,0,0.132139,0,0.4,0.168647,0.3,0.7,0.189655,0.36,0.091989,0.015332,0.344828,0.366648,0.323795,0.374931
2024,TN Wesleyan,15,75.033252,143.026949,74.75,19.445219,-38.354777,0,0,0,0,0.000013,0,0.2,0.214047,0.318182,0.681818,0.163934,0.4,0.06689,0.013378,0.409836,0.50705,0.359423,0.313838
2024,Toccoa Falls,15,83.44514,136.502878,76.95,13.779024,-31.270972,0,0,0,0,0.000859,0,0.264957,0.175439,0.313043,0.686957,0.179775,0.386364,0.071475,0.012995,0.438202,0.365322,0.331596,0.353737
2024,Toledo,4,118.593593,101.204031,71.03125,17.048881,20.723882,9,8,0,0,0.592446,0,0.376364,0.150902,0.29428,0.70572,0.353063,0.467391,0.102508,0.028157,0.285566,0.381122,0.334976,0.322752
2024,Towson,4,111.113122,93.925495,63.976471,15.884598,19.578722,6,10,1,0,0.607941,0,0.327769,0.189868,0.36724,0.63276,0.347466,0.46577,0.096543,0.065281,0.340745,0.387344,0.335458,0.30464
2024,Trevecca,13,93.283742,134.315996,76.45,16.127892,-20.672113,0,0,0,0,0.000445,0,0.230769,0.261609,0.272727,0.727273,0.423077,0.409091,0.091563,0.065402,0.5,0.285152,0.335306,0.371766
2024,Trinity (FL),16,59.884969,141.457313,89.4,9.706495,-66.093508,0,0,0,0,0.000003,0,0.183673,0.268456,0.37037,0.62963,0.375,0.37931,0.0783,0,0.382813,0.366192,0.328587,0.330297
2024,Trinity (IL),14,74.0044,111.90784,86.6,10.187431,-25.612569,0,0,0,0,0.000525,0,0.25,0.323326,0.27027,0.72973,0.262295,0.52381,0.115473,0.057737,0.393443,0.36767,0.324549,0.240184
2024,Trinity Co Jax,14,78.762053,123.816216,81.45,11.932621,-28.367377,0,0,0,0,0.000381,0,0.254717,0.217925,0.226563,0.773438,0.183908,0.467391,0.092081,0.027624,0.40613,0.407122,0.344745,0.329956
2024,Troy,11,113.944764,93.104026,72.552344,12.235883,20.842132,4,13,0,0,0.602212,0,0.350699,0.189949,0.347154,0.652846,0.386154,0.509895,0.142569,0.045226,0.40359,0.34521,0.325699,0.333352
2024,Truett McCnnll,14,90.780287,134.119311,80.925,12.229833,-26.570161,0,0,0,0,0.000319,0,0.2,0.247142,0.291667,0.708333,0.403509,0.391304,0.098857,0.012357,0.350877,0.375828,0.342144,0.39404
2024,Truman St,8,80.282875,94.022158,66.55,27.597954,8.797954,0,0,0,0,0.008724,0,0.210526,0.210368,0.15,0.85,0.375,0.5,0.045079,0.060105,0.395833,0.422364,0.372647,0.27451
2024,Tulane,3,116.77144,100.195729,74.650806,20.037438,21.218083,5,8,0,0,0.240104,0,0.356815,0.149945,0.21068,0.78932,0.452169,0.514019,0.105005,0.058768,0.363181,0.385353,0.339151,0.332714
2024,Tulsa,5,109.07789,96.163208,72.534677,16.225915,16.632367,5,7,0,0,0.389024,0,0.326949,0.179225,0.247479,0.752521,0.403944,0.503209,0.108068,0.046696,0.411831,0.375802,0.331271,0.335919
2024,Tusculum,16,60.218567,127.063938,79.025,16.586876,-42.213121,0,0,0,0,0.000011,0,0.173913,0.278393,0.322581,0.677419,0.327586,0.5,0.075925,0,0.396552,0.411075,0.310502,0.342562
2024,UAB,3,118.944541,103.380747,69.757353,21.089569,23.032426,14,8,0,0,0.592301,0,0.326019,0.165279,0.337191,0.662809,0.398622,0.504907,0.096553,0.066196,0.313976,0.382993,0.337521,0.341933
2024,UAlbany,6,109.595388,100.30816,75.004688,13.505548,13.880561,0,9,0,0,0.265564,0,0.330251,0.174989,0.316112,0.683888,0.28849,0.447712,0.110826,0.042081,0.367654,0.370297,0.324636,0.307713
2024,UC Davis,4,109.385188,94.199803,68.425,15.050433,18.038294,5,12,0,0,0.489217,0,0.336257,0.196189,0.295455,0.704545,0.386615,0.514393,0.113816,0.051372,0.378319,0.346173,0.333388,0.349601
2024,UC Irvine,2,116.379789,94.092103,70.332576,16.882782,26.612178,8,15,0,0,0.611893,0,0.349177,0.166309,0.274557,0.725443,0.336901,0.552828,0.091341,0.048256,0.278797,0.348938,0.334356,0.337689
2024,UC Merced,9,103.312851,115.037904,64.575,16.433929,4.633909,0,0,0,0,0.045261,0,0.351351,0.18583,0.292308,0.707692,0.314815,0.386364,0.038715,0.046458,0.342593,0.402166,0.326868,0.335626
2024,UC Riverside,5,109.459332,100.139355,68.085294,16.029582,14.829565,2,12,0,0,0.669006,0,0.317478,0.140827,0.334395,0.665605,0.284637,0.529691,0.082509,0.020735,0.426013,0.347249,0.332896,0.342256
2024,UC San Diego,3,118.141481,100.638057,67.776562,14.136723,21.215494,4,15,0,0,0.590645,0,0.354193,0.142472,0.274034,0.725966,0.322856,0.484813,0.092676,0.041036,0.425679,0.349742,0.327845,0.338665
2024,UCF,9,112.259073,91.886005,69.359375,26.079248,28.964095,11,5,0,0,0.417508,0,0.320951,0.180221,0.326971,0.673029,0.372142,0.467681,0.125704,0.073891,0.357788,0.384674,0.345677,0.324508
2024,UCLA,7,110.03776,92.162809,64.99697,24.403389,24.433686,11,2,0,0,0.409275,0,0.331522,0.166908,0.304036,0.695964,0.353846,0.48294,0.089515,0.050818,0.303297,0.371249,0.336716,0.315401
2024,UConn,1,132.388977,103.496148,66.158824,26.414364,43.934366,28,5,0,0,0.97513,0,0.366871,0.148929,0.301988,0.698012,0.332999,0.637007,0.094247,0.081355,0.408726,0.38173,0.343563,0.307687
2024,UIC,5,107.152747,96.192897,69.742424,18.263925,16.797258,3,8,1,0,0.389026,0,0.363291,0.177276,0.244144,0.755856,0.259471,0.543839,0.088203,0.076472,0.409964,0.393538,0.339147,0.316279
2024,UL Monroe,8,105.37238,102.565177,69.395833,13.411156,8.951156,2,7,0,0,0.39477,0,0.296296,0.179646,0.349515,0.650485,0.371924,0.507324,0.105194,0.031702,0.286913,0.363371,0.331892,0.327106
2024,UMass,3,118.065534,94.967309,69.56371,19.218365,25.308695,9,10,0,0,0.581418,0,0.312874,0.159983,0.350168,0.649832,0.357668,0.562937,0.109438,0.043126,0.35084,0.387257,0.345136,0.332316
2024,UMass Boston,11,78.709023,109.526271,68,14.79889,-10.001098,0,0,0,0,0.003261,0,0.3125,0.205882,0.388889,0.611111,0,0.35,0.088235,0.014706,0.470588,0.39314,0.33557,0.347625
2024,UMass Lowell,4,112.93338,93.45693,73.010937,9.479869,19.054881,4,13,0,0,0.591632,0,0.328622,0.181908,0.281226,0.718774,0.387734,0.444688,0.09502,0.067199,0.294179,0.380258,0.320909,0.281968
2024,UMBC,15,109.453496,102.745888,75.10625,13.505312,11.642824,0,8,2,0,0.531594,0,0.357143,0.17392,0.257216,0.742784,0.245974,0.436649,0.067821,0.052426,0.348463,0.35907,0.325025,0.325664
2024,UNC Asheville,4,115.414807,98.6704,70.986029,12.260103,17.865989,6,13,0,0,0.67628,0,0.364954,0.166147,0.270247,0.729753,0.409744,0.589404,0.084109,0.060492,0.389231,0.373004,0.332441,0.333965
2024,UNC Greensboro,4,117.567582,99.062437,67.150781,13.870916,19.777169,7,9,0,0,0.49914,0,0.396552,0.162414,0.281553,0.718447,0.269968,0.546821,0.103778,0.037695,0.432375,0.395719,0.332466,0.316678
2024,UNC Wilmington,3,121.347515,100.141109,67.912903,12.720174,21.487922,8,8,0,0,0.613656,0,0.348178,0.126348,0.309568,0.690432,0.335649,0.439166,0.095948,0.035624,0.396045,0.38283,0.335081,0.303027
2024,UNLV,2,116.819354,104.512187,67.203226,22.450316,26.685602,12,7,0,0,0.672184,0,0.333333,0.165123,0.306528,0.693472,0.329596,0.498164,0.092641,0.068641,0.353139,0.380202,0.341057,0.318076
2024,UNT Dallas,11,81.680942,114.492466,68.816667,17.479575,-10.320434,0,0,0,0,0.00922,0,0.298246,0.227658,0.306818,0.693182,0.394904,0.571429,0.077501,0.053282,0.363057,0.337263,0.339595,0.359465
2024,USC,2,114.580334,95.880398,70.523485,27.082496,26.609761,12,3,0,0,0.577743,0,0.35543,0.179609,0.294746,0.705254,0.335921,0.590596,0.106133,0.073906,0.366977,0.35205,0.342794,0.335691
2024,UT Arlington,3,112.677779,95.066874,72.288971,18.067381,21.655605,7,11,0,0,0.779113,0,0.354239,0.21401,0.316863,0.683137,0.377082,0.609091,0.098054,0.052892,0.434629,0.335159,0.333574,0.363105
2024,UT Martin,6,111.708698,99.04323,75.088281,8.937636,13.950136,1,11,0,0,0.759383,0,0.358151,0.152321,0.246399,0.753601,0.326161,0.457048,0.082819,0.03704,0.380929,0.352777,0.322955,0.319876
2024,UT Rio Grande,8,100.62587,102.534598,73.896774,15.482728,6.063363,2,1,0,0,0.039725,0,0.292505,0.189453,0.279653,0.720347,0.40422,0.530504,0.109569,0.040161,0.30372,0.347128,0.336347,0.363119
2024,UT Tyler,10,93.920103,120.582427,74.125,21.655605,-6.144408,0,0,0,0,0.001985,0,0.380952,0.202361,0.363636,0.636364,0.234375,0.652174,0.080944,0,0.328125,0.434629,0.354239,0.377082
2024,Utah,1,118.143717,104.819278,71.815152,26.991849,31.894544,19,3,0,0,0.617744,0,0.357664,0.162032,0.26418,0.73582,0.274052,0.592902,0.083548,0.057386,0.399417,0.363186,0.345581,0.327245
2024,Utah State,7,121.379784,100.008098,70.218182,22.146477,30.186467,14,12,0,0,0.654622,0,0.330696,0.158812,0.267112,0.732888,0.393305,0.573701,0.096237,0.05826,0.330544,0.376191,0.338743,0.332068
2024,Utah Tech,7,103.849354,100.381882,72.387903,17.367449,11.490017,2,7,0,0,0.309276,0,0.337248,0.220586,0.286916,0.713084,0.405452,0.520104,0.091354,0.059269,0.345708,0.343454,0.327944,0.351696
2024,Utah Valley,4,104.941272,92.53078,69.535156,17.472466,17.697454,5,9,0,0,0.66628,0,0.285185,0.177518,0.283035,0.716965,0.353863,0.595506,0.09977,0.064266,0.291734,0.356724,0.32919,0.35472
2024,UTEP,5,105.759752,91.273301,71.919853,13.567481,16.496887,6,9,0,0,0.497631,0,0.318555,0.204476,0.320889,0.679111,0.420916,0.511059,0.159082,0.039668,0.316857,0.369392,0.341168,0.335643
2024,UTSA,6,113.183806,106.092547,72.311719,16.797932,13.322932,3,5,1,0,0.331497,0,0.33731,0.155576,0.325058,0.674942,0.343627,0.530466,0.069577,0.057477,0.451961,0.36684,0.333116,0.345028
2024,UW Stout,11,99.120387,120.244951,76.8125,13.527735,-6.772273,0,0,0,0,0.009682,0,0.388889,0.136697,0.308824,0.691176,0.255474,0.571429,0.071603,0.039056,0.262774,0.377703,0.349765,0.318647
2024,Uw-Riv Fls,15,81.109802,144.83772,68.6,19.330797,-30.469218,0,0,0,0,0.000051,0,0.1,0.262391,0.25,0.75,0.326531,0.4,0.072886,0.058309,0.408163,0.454496,0.360676,0.289474
2024,VA Lynchburg,16,79.034734,139.26882,80.278125,11.380444,-40.16955,0,0,2,0,0.000231,0,0.252381,0.155709,0.361702,0.638298,0.231858,0.360947,0.077854,0.017128,0.371681,0.364024,0.336951,0.349156
2024,Va Wesleyn,10,81.264282,92.648761,73.6,10.910372,0.110375,0,0,0,0,0.03094,0,0.28,0.190217,0.272727,0.727273,0.262295,0.619048,0.108696,0.095109,0.409836,0.346827,0.318444,0.275362
2024,Valley City,12,97.366443,131.288742,68.225,14.356931,-12.443083,0,0,0,0,0.002342,0,0.227273,0.131916,0.227273,0.772727,0.186441,0.44,0.117259,0,0.372881,0.418304,0.326329,0.310238
2024,Valparaiso,7,103.970169,102.50268,69.303906,18.393681,10.187431,0,6,1,0,0.122468,0,0.324549,0.159172,0.300752,0.699248,0.240184,0.482412,0.08883,0.050953,0.36767,0.393442,0.339054,0.324057
2024,Vanderbilt,5,108.824857,102.278607,68.109375,26.065973,17.297225,5,3,0,0,0.281194,0,0.283198,0.152787,0.31216,0.68784,0.351625,0.40107,0.089929,0.042212,0.393181,0.37883,0.344077,0.348017
2024,Vanguard,9,81.153709,92.537224,78.3,23.876497,5.076483,0,0,0,0,0.028405,0,0.261905,0.127714,0.258621,0.741379,0.111111,0.510638,0.140485,0.038314,0.291667,0.38218,0.335944,0.372658
2024,Vassar,13,78.496201,125.854491,75.85,24.632709,-21.167283,0,0,0,0,0.000099,0,0.25,0.184575,0.387097,0.612903,0.084507,0.7,0.079103,0.052736,0.507042,0.347826,0.347222,0.268921
2024,VCU,12,115.802565,101.300146,66.288571,22.626526,26.32653,15,8,0,0,0.50219,0,0.357057,0.184044,0.259319,0.740681,0.357294,0.569048,0.098272,0.065945,0.438161,0.387124,0.349441,0.338865
2024,Vermont,3,114.395185,93.218966,66.072794,14.099453,22.425179,8,18,0,0,0.841634,0,0.343823,0.137994,0.218644,0.781356,0.290975,0.529545,0.088138,0.059204,0.445021,0.370269,0.330973,0.301731
2024,Villanova,9,117.129166,93.599113,65.544697,27.273888,31.515069,13,5,0,0,0.507568,0,0.33956,0.14517,0.24566,0.75434,0.26452,0.529193,0.08738,0.037448,0.480465,0.390954,0.345176,0.311653
2024,Virginia,3,112.207578,91.440438,61.469697,25.089716,27.672073,18,3,0,0,0.380324,0,0.362876,0.133103,0.268698,0.731302,0.251229,0.633501,0.115849,0.08282,0.326597,0.370051,0.337014,0.325619
2024,Virginia Tech,2,119.410847,102.059795,67.9125,25.641782,29.112375,14,4,0,0,0.502863,0,0.350598,0.162433,0.241715,0.758285,0.331281,0.579137,0.077766,0.037272,0.421377,0.374665,0.342961,0.315522
2024,VMI,10,96.710681,106.255523,74.642969,12.680261,-0.969736,0,1,0,0,0.025196,0,0.312036,0.21226,0.255556,0.744444,0.267183,0.409535,0.07494,0.03433,0.347804,0.400285,0.34417,0.300518
2024,Voorhees,11,73.696647,96.827105,71.8375,9.711716,-8.588279,0,0,0,0,0.037017,0,0.233333,0.208805,0.193548,0.806452,0.3,0.378378,0.104402,0.034801,0.272727,0.359408,0.327197,0.331754
2024,VT-Lyndon,16,54.323345,140.798606,77.9,19.504441,-55.295547,0,0,0,0,0.000001,0,0.28,0.359435,0.233333,0.766667,0.072727,0.785714,0.025674,0.012837,0.454545,0.384495,0.361299,0.273673
2024,VTSU Johnson,14,79.830032,131.248074,71.5375,16.408614,-25.391372,0,0,0,0,0.000238,0,0.3,0.202691,0.259259,0.740741,0.141667,0.333333,0.034947,0.006989,0.166667,0.42806,0.33836,0.296888
2024,W Carolina,3,115.345311,94.082776,69.489844,13.607441,21.863694,5,11,0,0,0.609775,0,0.366059,0.147953,0.261867,0.738133,0.281712,0.406874,0.063409,0.04632,0.36322,0.392739,0.329753,0.313501
2024,W Colorado,12,77.15965,112.5367,73.275,17.697454,-14.102559,0,0,0,0,0.001022,0,0.24,0.218356,0.235294,0.764706,0.147541,0.7,0.040942,0.013647,0.409836,0.291734,0.285185,0.353863
2024,W Illinois,7,105.301544,94.72324,67.249242,8.352746,11.631533,0,11,0,0,0.570645,0,0.319149,0.195564,0.345848,0.654152,0.356921,0.509685,0.077955,0.083362,0.315599,0.362328,0.324066,0.303542
2024,W Michigan,7,107.525758,103.090623,69.394531,13.734082,10.240333,2,7,0,0,0.409209,0,0.338688,0.192739,0.331683,0.668317,0.311192,0.504831,0.076105,0.039178,0.39069,0.373125,0.336085,0.308055
2024,Wagner,7,102.612741,102.063555,63.877419,8.936686,10.221545,0,9,2,0,0.495285,0,0.322254,0.155035,0.313953,0.686047,0.262222,0.562323,0.093425,0.034845,0.384444,0.386209,0.327887,0.304298
2024,Wake Forest,1,121.48305,99.135844,69.405303,25.250688,31.947835,16,5,0,0,0.514017,0,0.371547,0.156306,0.245098,0.754902,0.315104,0.450273,0.085139,0.059379,0.377083,0.374701,0.341165,0.323708
2024,Waldorf,13,81.101786,126.118431,69.25,10.987052,-22.312963,0,0,0,0,0.004397,0,0.285714,0.166065,0.359375,0.640625,0.155039,0.282051,0.086643,0.00722,0.434109,0.383734,0.350758,0.307259
2024,Walla Walla,14,67.517859,121.385707,75.7,19.290506,-28.509513,0,0,0,0,0.000071,0,0.15,0.250991,0.323529,0.676471,0.193548,0.411765,0.06605,0.01321,0.322581,0.420079,0.364486,0.381941
2024,Warner Pac,16,57.845237,131.995327,67.425,12.721652,-40.078366,0,0,0,0,0.000031,0,0.222222,0.252132,0.181818,0.818182,0.056604,0.333333,0.059325,0.014831,0.339623,0.34858,0.328808,0.328601
2024,Warren Wilson,16,72.406758,154.07839,80.8,8.85665,-58.943343,0,0,0,0,0.000003,0,0.257143,0.247525,0.423077,0.576923,0.117647,0.545455,0.037129,0,0.514706,0.422619,0.352113,0.318182
2024,Wash and Lee,9,102.175438,121.548285,66.6,21.659553,1.85956,0,0,0,0,0.007413,0,0.388889,0.165165,0.225806,0.774194,0.290909,0.428571,0.03003,0.03003,0.327273,0.412445,0.313752,0.331498
2024,Wash Coll (MD),16,53.845134,137.512891,64.8,8.340595,-46.459393,0,0,0,0,0.000022,0,0.185185,0.246914,0.185185,0.814815,0.16,0.538462,0.046296,0.015432,0.54,0.333333,0.300166,0.348811
2024,Washington,2,118.621337,95.679542,73.596875,26.040884,29.009624,14,3,0,0,0.513866,0,0.354396,0.158804,0.261512,0.738488,0.321212,0.517723,0.078128,0.050104,0.367677,0.364046,0.346091,0.328688
2024,Washington St,1,119.223616,96.492038,67.246212,24.941757,31.130319,18,7,0,0,0.581078,0,0.339775,0.160874,0.297428,0.702572,0.31701,0.457459,0.077959,0.0721,0.320103,0.364279,0.349012,0.335356
2024,Weber St,4,115.424541,95.543491,67.767969,11.734861,19.641095,6,11,0,0,0.65831,0,0.348128,0.146179,0.241951,0.758049,0.35448,0.462633,0.10191,0.02444,0.401224,0.375917,0.339763,0.304185
2024,Wells College,14,77.561163,140.106682,70.75,23.723463,-29.076528,0,0,0,0,0.000031,0,0.133333,0.29682,0.2,0.8,0.2,0.526316,0.014134,0.070671,0.3,0.485585,0.346915,0.280384
2024,West Virginia,4,111.013097,101.296614,69.076562,28.422008,20.490758,7,2,0,0,0.140268,0,0.349325,0.183221,0.271296,0.728704,0.371076,0.543677,0.062883,0.051573,0.373879,0.36029,0.342835,0.322302
2024,Westcliff,11,84.364618,113.025447,75.991667,15.45312,-11.346891,0,0,0,0,0.012405,0,0.238095,0.201777,0.266667,0.733333,0.344633,0.435484,0.100888,0.039478,0.355932,0.353757,0.35559,0.313841
2024,Western KY,4,111.204482,96.1322,75.853788,14.226823,19.926819,4,14,0,0,0.535137,0,0.339879,0.180571,0.264079,0.735921,0.334944,0.451446,0.101871,0.042346,0.319961,0.368233,0.330902,0.328249
2024,Western NM,12,80.304337,116.487878,69.3625,13.185781,-15.114226,0,0,0,0,0.002141,0,0.3125,0.201838,0.295082,0.704918,0.27193,0.555556,0.079294,0.007209,0.421053,0.330218,0.323814,0.379777
2024,Western Oregon,10,111.292313,145.338511,69.75,31.239686,-4.560325,0,0,0,0,0.000525,0,0.461538,0.200717,0.15,0.85,0.188679,0.72,0.071685,0,0.490566,0.401408,0.345479,0.368364
2024,Westfield St,11,83.657049,103.258839,74.9,6.328932,-8.471055,0,0,0,0,0.016599,0,0.3125,0.186916,0.25,0.75,0.059701,0.708333,0.106809,0.013351,0.477612,0.432619,0.305112,0.291638
2024,Westminster PA,16,60.995878,133.657171,83.225,19.787391,-49.01261,0,0,0,0,0.000002,0,0.095238,0.228297,0.30303,0.69697,0.15942,0.529412,0.048062,0.036047,0.304348,0.422481,0.323394,0.285368
2024,Westmont,8,115.560991,121.043045,71.85,16.027724,7.227705,0,0,0,0,0.041721,0,0.37931,0.125261,0.333333,0.666667,0.088235,0.3125,0.055672,0.041754,0.426471,0.308195,0.360308,0.402019
2024,Whittier,15,76.154065,124.949553,81.55,14.377296,-30.422725,0,0,0,0,0.000117,0,0.333333,0.367872,0.285714,0.714286,0.352941,0.6,0.024525,0.061312,0.470588,0.255776,0.315126,0.323482
2024,Wichita St,4,111.297248,97.397307,69.888235,20.398139,19.756963,7,7,0,0,0.499242,0,0.333333,0.176332,0.295743,0.704257,0.263989,0.441711,0.089639,0.059759,0.315638,0.386146,0.340235,0.337415
2024,Wilberforce,15,83.141128,131.696794,92.1625,14.33785,-36.462148,0,0,0,0,0.000053,0,0.204545,0.222433,0.355932,0.644068,0.330986,0.471698,0.103079,0.032551,0.309859,0.369041,0.359817,0.316264
2024,Wiley,13,77.772705,118.629094,66.7,12.312676,-17.487326,0,0,0,0,0.001425,0,0.5,0.29985,0.15,0.85,0.272727,0.352941,0.11994,0.014993,0.318182,0.373975,0.323099,0.357026
2024,Wilkes,10,82.361847,100.272884,66.8,8.630084,-4.169904,0,0,0,0,0.022739,0,0.315789,0.284431,0.277778,0.722222,0.148148,0.35,0.08982,0.04491,0.351852,0.399342,0.311813,0.240263
2024,Wilkes-Barre,13,76.89769,111.962745,78.1,9.354659,-19.945336,0,0,1,0,0.008369,0,0.307692,0.268886,0.296875,0.703125,0.271186,0.444444,0.089629,0.051216,0.220339,0.301647,0.314819,0.353492
2024,Willamette,11,104.507717,125.266719,83.125,9.871672,-9.928342,0,0,0,0,0.007413,0,0.4,0.108271,0.210526,0.789474,0.2,0.516129,0.06015,0.01203,0.4,0.445267,0.346793,0.307245
2024,William & Mary,8,107.592521,103.301019,67.318182,10.953713,8.777961,0,5,2,0,0.245567,0,0.323144,0.161152,0.293712,0.706288,0.324607,0.517154,0.070223,0.025208,0.479581,0.373923,0.327184,0.311827
2024,William Carey,10,64.352098,85.683288,70.65,14.011756,-4.788245,0,0,0,0,0.008724,0,0.107143,0.169851,0.225,0.775,0.229508,0.428571,0.113234,0.014154,0.459016,0.336254,0.327362,0.379518
2024,William Peace,11,88.614205,121.451441,68.55,19.777169,-9.022827,0,0,0,0,0.001682,0,0.230769,0.160467,0.36,0.64,0.310345,0.842105,0.072939,0,0.448276,0.432375,0.396552,0.269968
2024,William Woods,6,109.558053,103.979979,71.65,13.950136,14.150135,0,0,0,0,0.132139,0,0.366667,0.153524,0.235294,0.764706,0.225806,0.555556,0.153524,0.055827,0.483871,0.380929,0.358151,0.326161
2024,Winthrop,4,114.698515,97.549658,70.1125,12.52781,18.502815,1,11,0,0,0.354617,0,0.341463,0.184079,0.300266,0.699734,0.485536,0.464548,0.089588,0.039668,0.395349,0.36732,0.334395,0.330745
2024,Wisconsin,4,123.258358,98.394456,66.345714,28.937148,33.159373,18,4,0,0,0.502039,0,0.347826,0.145989,0.29798,0.70202,0.335317,0.476956,0.093881,0.024116,0.353671,0.358263,0.347201,0.343143
2024,Wittenberg,11,92.961686,121.540844,74.125,18.917271,-8.882731,0,0,0,0,0.001985,0,0.307692,0.229342,0.387097,0.612903,0.241935,0.304348,0.053963,0.026981,0.419355,0.423812,0.363006,0.303773
2024,Wofford,5,114.017076,102.626006,68.459375,14.838322,15.725825,4,8,0,0,0.492875,0,0.359155,0.168896,0.283193,0.716807,0.279265,0.565217,0.064819,0.039257,0.447244,0.40576,0.342462,0.307681
2024,Worcester St,10,94.986007,110.813806,80.175,14.807007,-2.992981,0,0,0,0,0.010259,0,0.37037,0.286872,0.452381,0.547619,0.185714,0.666667,0.124727,0.037418,0.385714,0.429438,0.309371,0.341786
2024,Wright St,14,122.928527,106.089207,73.220313,13.813112,18.763112,3,9,0,0,0.607188,0,0.383128,0.161755,0.259259,0.740741,0.327515,0.512101,0.085359,0.038411,0.292094,0.376632,0.319664,0.308251
2024,WVU Tech,13,94.518364,128.391853,80.75,15.297935,-17.502064,0,0,0,0,0.000865,0,0.366667,0.309598,0.371429,0.628571,0.15625,0.407407,0.086687,0.06192,0.46875,0.340191,0.358407,0.315103
2024,Wyoming,4,114.122388,101.833816,68.214062,20.958256,19.233246,6,7,0,0,0.324935,0,0.371914,0.186912,0.277677,0.722323,0.390883,0.472819,0.075589,0.036649,0.369231,0.384338,0.339131,0.325673
2024,Xavier,2,116.252955,97.704581,71.396212,28.619851,29.26103,12,4,0,0,0.325365,0,0.340426,0.16171,0.312898,0.687102,0.319553,0.598883,0.098044,0.046688,0.320039,0.391389,0.346635,0.310146
2024,Xavier (LA),10,78.501778,97.651399,71.8125,11.434894,-4.865108,0,0,0,0,0.037499,0,0.295455,0.24369,0.266667,0.733333,0.324074,0.428571,0.090513,0.020888,0.407407,0.301028,0.33238,0.378576
2024,Yale,3,117.649206,100.761848,67.289516,17.0024,24.632709,7,14,0,0,0.587615,0,0.347222,0.140462,0.268761,0.731239,0.268921,0.539429,0.089167,0.049377,0.347826,0.409336,0.342679,0.30115
2024,York (NE),13,94.57864,132.934587,75.6,13.233001,-19.567013,0,0,0,0,0.000865,0,0.307692,0.171958,0.235294,0.764706,0.253968,0.44,0.066138,0.026455,0.412698,0.336893,0.326466,0.391885
2024,Youngstown St,4,116.957268,95.782184,71.492969,9.706141,19.787391,4,10,0,0,0.605695,0,0.323394,0.154298,0.319781,0.680219,0.285368,0.526316,0.086547,0.068189,0.422481,0.378513,0.325462,0.299589
2025,Abilene Chrstn,6,103.984238,93.619109,71.323437,14.181405,14.49388,4,9,0,0,0.676759,0,0.302277,0.208557,0.3284,0.6716,0.360976,0.514042,0.145026,0.041186,0.261789,0.374217,0.325358,0.357894
2025,Air Force,7,102.883533,105.251931,65.146875,22.314002,10.395232,1,1,0,0,0.107897,0,0.330779,0.207704,0.246862,0.753138,0.35396,0.629412,0.086823,0.043651,0.48453,0.388051,0.344073,0.332961
2025,Akron,12,121.785937,101.482143,72.492647,14.573355,23.17907,7,15,0,0,0.747012,0,0.364265,0.165128,0.309434,0.690566,0.259445,0.591915,0.106299,0.051527,0.461083,0.386755,0.331705,0.324632
2025,Alabama,3,130.968385,107.004846,76.581061,34.233626,43.379568,26,2,0,0,0.600933,0,0.349949,0.166985,0.299578,0.700422,0.401223,0.540936,0.07914,0.058168,0.462371,0.404376,0.345848,0.346477
2025,Alabama A&M,9,100.784198,103.114985,74.454688,7.702902,1.652893,0,2,0,0,0.315549,0,0.318463,0.215316,0.381399,0.618601,0.375381,0.543396,0.111645,0.054983,0.410478,0.373715,0.332556,0.340513
2025,Alabama St,7,108.914689,105.81427,69.910294,11.040283,12.123607,2,10,0,0,0.727825,0,0.330087,0.13084,0.32224,0.67776,0.297498,0.457666,0.111908,0.040809,0.428174,0.36291,0.329754,0.334944
2025,Alcorn St,8,101.84712,103.154106,66.889844,13.216311,7.453798,0,4,0,0,0.584857,0,0.317844,0.195284,0.346826,0.653174,0.306056,0.43634,0.098576,0.040178,0.293508,0.370236,0.325626,0.355139
2025,Alice Lloyd,12,87.293975,116.768378,79.3875,11.87846,-14.921543,0,0,0,0,0.002374,0,0.342105,0.264525,0.254545,0.745455,0.247863,0.48,0.125964,0.025193,0.324786,0.384967,0.3278,0.319246
2025,American,6,109.554542,102.810868,65.148529,11.955599,12.892784,1,19,0,0,0.664583,0,0.347087,0.169748,0.254122,0.745878,0.303922,0.523985,0.101578,0.028442,0.448802,0.39475,0.335555,0.307952
2025,Anderson (IN),9,100.566517,108.096145,79.075,12.72923,2.929232,0,0,0,0,0.035974,0,0.285714,0.164401,0.333333,0.666667,0.242857,0.692308,0.113816,0.025292,0.6,0.373108,0.344774,0.456927
2025,App State,5,109.298114,93.827081,64.666935,12.694891,16.849732,0,14,0,0,0.500692,0,0.344333,0.167109,0.265502,0.734498,0.350473,0.5271,0.085301,0.056867,0.411939,0.397499,0.332358,0.324569
2025,Apprentice,9,96.446949,109.711017,74.7,15.474739,0.674767,0,0,0,0,0.016599,0,0.37037,0.133869,0.233333,0.766667,0.181818,0.68,0.160643,0.040161,0.409091,0.368657,0.333333,0.300498
2025,Aquinas,11,93.172862,117.068815,73.9625,13.184203,-11.315796,0,0,0,0,0.005819,0,0.296875,0.162244,0.305085,0.694915,0.175573,0.531915,0.108163,0.040561,0.48855,0.368956,0.333146,0.353769
2025,AR-Pine Bluff,10,101.932862,112.329946,72.928226,7.895227,-2.995108,0,1,5,0,0.313007,0,0.323276,0.198604,0.290598,0.709402,0.320457,0.541966,0.097312,0.029194,0.378672,0.376923,0.321962,0.325666
2025,Arizona,1,126.906625,101.833844,70.591176,31.770808,40.554586,20,3,0,0,0.593889,0,0.324022,0.162493,0.309064,0.690936,0.365747,0.567042,0.109162,0.060831,0.346396,0.406157,0.349712,0.314985
2025,Arizona St,2,115.563466,101.01239,70.688281,31.33406,28.346167,10,3,0,0,0.148801,0,0.357506,0.174622,0.258005,0.741995,0.358932,0.512438,0.076038,0.062776,0.428105,0.394021,0.339208,0.323231
2025,Ark Baptist,12,82.568999,118.105917,74.083333,8.368439,-19.098237,0,0,1,0,0.005584,0,0.297297,0.23847,0.320988,0.679012,0.432099,0.473684,0.098988,0.040495,0.228395,0.355373,0.341736,0.332504
2025,Arkansas,2,119.087623,99.995698,70.52803,29.913514,34.680179,15,5,0,0,0.664113,0,0.332861,0.165419,0.260944,0.739056,0.355359,0.532366,0.107845,0.079917,0.367326,0.405179,0.335763,0.347112
2025,Arkansas St,3,116.583792,98.518711,71.375,16.152958,25.141843,6,16,0,0,0.61683,0,0.320774,0.149583,0.328777,0.671223,0.335787,0.518438,0.102606,0.064284,0.451702,0.385764,0.32914,0.336134
2025,Arlington Bapt,13,76.413424,125.267248,75.8625,26.247238,-21.552769,0,0,0,0,0.00008,0,0.272727,0.289998,0.345455,0.654545,0.276786,0.432432,0.118636,0.026363,0.294643,0.338326,0.359056,0.335316
2025,Army,8,109.253587,111.522459,69.271774,10.39635,8.572151,0,14,0,0,0.384946,0,0.314286,0.14855,0.288355,0.711645,0.252747,0.52019,0.096395,0.031666,0.421245,0.409881,0.341408,0.29099
2025,Asbury,14,77.692093,135.26493,77.95,24.048334,-30.751671,0,0,0,0,0.000022,0,0.275,0.153945,0.358974,0.641026,0.025316,0.238095,0.025657,0.012829,0.506329,0.471774,0.358974,0.306452
2025,AU Montgomery,12,83.466137,120.003431,85.025,23.411881,-18.388125,0,0,0,0,0.000193,0,0.181818,0.258747,0.451613,0.548387,0.279412,0.545455,0.141135,0.023522,0.323529,0.296679,0.33888,0.31149
2025,Auburn,1,133.300304,104.336953,68.923485,33.273874,46.405453,27,5,0,0,0.608185,0,0.367718,0.134097,0.3148,0.6852,0.335303,0.555102,0.101122,0.089691,0.405711,0.399953,0.344657,0.354463
2025,Augusta,9,102.283014,107.795055,70.45,12.403461,5.603462,0,0,0,0,0.055604,0,0.222222,0.141945,0.333333,0.666667,0.349206,0.44,0.070972,0.099361,0.285714,0.442075,0.343202,0.266602
2025,Austin Peay,7,109.785305,104.892168,68.234848,13.968894,11.023436,2,6,3,0,0.509569,0,0.345679,0.14522,0.300461,0.699539,0.287879,0.497608,0.101699,0.038637,0.409091,0.412934,0.342817,0.306433
2025,Averett,13,83.145996,129.110081,73.025,18.456941,-21.34305,0,0,0,0,0.00027,0,0.3,0.314961,0.315789,0.684211,0.358491,0.5,0.054776,0.054776,0.377358,0.389535,0.34204,0.469961
2025,Avila,12,75.392609,116.369714,74.05,16.700017,-19.099983,0,0,0,0,0.001958,0,0.153846,0.243079,0.205882,0.794118,0.330275,0.45,0.067522,0.033761,0.238532,0.470706,0.340022,0.308097
2025,B'tine Mesa,12,98.453978,133.795943,79.225,14.426053,-18.373998,0,0,0,0,0.000865,0,0.391304,0.176712,0.192308,0.807692,0.169231,0.571429,0.075734,0.012622,0.353846,0.378151,0.350327,0.295601
2025,Bakersfield,6,113.296336,102.655892,68.25303,14.946931,15.068105,2,8,0,0,0.407979,0,0.380454,0.184696,0.361466,0.638534,0.342593,0.392479,0.099896,0.040846,0.294753,0.396988,0.336085,0.325891
2025,Baldwin Wall,12,81.363613,121.667758,70.925,18.962254,-15.837744,0,0,0,0,0.000621,0,0.421053,0.296087,0.333333,0.666667,0.479167,0.5,0.084596,0.028199,0.395833,0.328045,0.333853,0.30348
2025,Ball State,7,112.175387,102.268093,69.737903,11.77439,12.72923,1,6,1,0,0.41538,0,0.344774,0.16791,0.265213,0.734787,0.456927,0.521127,0.071234,0.030992,0.373108,0.40218,0.333328,0.310009
2025,Baylor,1,123.855642,99.012336,67.52197,30.361434,36.309997,14,4,0,0,0.429674,0,0.351317,0.16291,0.353833,0.646167,0.306266,0.53915,0.113095,0.042635,0.399499,0.375946,0.336217,0.326285
2025,Bellarmine,9,110.493903,112.912861,68.383871,12.178506,4.797859,0,3,6,0,0.256757,0,0.362113,0.175008,0.225523,0.774477,0.254733,0.539312,0.092929,0.025001,0.445209,0.412017,0.333921,0.29839
2025,Belmont,3,118.400306,101.67452,70.871212,18.457621,20.863671,9,12,0,0,0.663363,0,0.383425,0.158632,0.277583,0.722417,0.260698,0.601058,0.097916,0.044468,0.445155,0.411453,0.345797,0.341686
2025,Benedictne,11,92.281325,114.011247,77.075,4.173416,-11.626582,0,0,1,0,0.014154,0,0.34375,0.246513,0.363636,0.636364,0.257576,0.541667,0.090821,0.012974,0.484848,0.478568,0.334467,0.301682
2025,Bethany (WV),15,89.470682,147.102208,78.2,18.144221,-33.655774,0,0,0,0,0.000162,0,0.363636,0.287724,0.238095,0.761905,0.218182,0.543478,0.076726,0.019182,0.6,0.453639,0.358642,0.316335
2025,Bethel (TN),16,52.882719,133.106122,80.65,20.015632,-52.784378,0,0,0,0,0.000001,0,0.083333,0.384377,0.464286,0.535714,0.25,0.214286,0.074396,0.049597,0.214286,0.400439,0.343836,0.411958
2025,Bethesda,15,71.832935,127.718778,78.075,12.748051,-34.651989,0,0,0,0,0.0005,0,0.22,0.20237,0.251701,0.748299,0.137615,0.448598,0.066603,0.035863,0.30581,0.35573,0.338985,0.350833
2025,Bethune,7,103.211188,98.549769,69.779545,13.855613,11.21318,0,12,0,0,0.630013,0,0.318612,0.194552,0.284255,0.715745,0.358824,0.52875,0.095539,0.052546,0.339037,0.37725,0.331781,0.332156
2025,Biblical Stud,13,87.610709,130.705429,78.51,13.039895,-24.76012,0,0,1,0,0.00232,0,0.278846,0.201248,0.288591,0.711409,0.176292,0.460317,0.081518,0.015285,0.316109,0.382819,0.335765,0.305403
2025,Binghamton,8,106.743198,102.620258,67.466406,9.463122,8.175666,0,8,2,0,0.503121,0,0.35861,0.199636,0.247171,0.752829,0.336023,0.51875,0.070869,0.044467,0.364841,0.37152,0.327663,0.304044
2025,Blackburn,15,76.432035,129.588031,74.75,8.152686,-32.647317,0,0,0,0,0.000229,0,0.434783,0.38796,0.346154,0.653846,0.2,0.7,0.080268,0,0.46,0.288728,0.319231,0.33759
2025,Bluefield,13,81.00972,125.82875,74.2125,15.859241,-22.440742,0,0,0,0,0.000448,0,0.238095,0.222335,0.358209,0.641791,0.361345,0.486486,0.087586,0.020212,0.352941,0.396066,0.337366,0.36345
2025,Bluffton,14,68.006607,122.221406,76.75,19.339491,-29.460506,0,0,0,0,0.00006,0,0.241379,0.286645,0.3,0.7,0.169492,0.529412,0.091205,0.013029,0.491525,0.455243,0.370787,0.284399
2025,Bob Jones,14,80.436254,129.397655,76.0125,11.808613,-28.49138,0,0,1,0,0.000321,0,0.277778,0.177602,0.425,0.575,0.142857,0.52381,0.164447,0.032889,0.541353,0.43875,0.323486,0.373657
2025,Boise St,2,121.522918,102.158949,66.047059,23.273277,31.678661,15,10,0,0,0.67411,0,0.310388,0.168774,0.292308,0.707692,0.391906,0.564965,0.081047,0.040078,0.425453,0.391507,0.340181,0.32965
2025,Boston College,5,110.558508,101.989868,68.766129,23.432257,17.322588,6,5,0,0,0.236361,0,0.345059,0.172628,0.298592,0.701408,0.314743,0.453384,0.075994,0.056761,0.329652,0.392428,0.337114,0.335075
2025,Boston U,8,106.910442,101.160146,65.167187,11.160429,9.716723,0,15,1,0,0.487737,0,0.337838,0.202844,0.310498,0.689502,0.311644,0.496094,0.09303,0.039801,0.422374,0.402382,0.348014,0.295585
2025,Bowdoin,7,108.040452,108.692616,62.75,12.727985,9.928032,0,0,0,0,0.094129,0,0.34375,0.095618,0.258065,0.741935,0.166667,0.6,0.095618,0.095618,0.533333,0.398825,0.322422,0.249347
2025,Bowie State,5,114.634356,103.44102,68.325,9.717938,15.917961,0,1,0,0,0.867861,0,0.458333,0.131723,0.153846,0.846154,0.116667,0.533333,0.087816,0.029272,0.4,0.39902,0.372442,0.367447
2025,Bowling Green,7,108.969799,104.769255,70.179032,11.385294,10.647793,1,7,1,0,0.583638,0,0.341702,0.174209,0.270677,0.729323,0.345059,0.441624,0.102962,0.045506,0.400335,0.398469,0.327854,0.322055
2025,Boyce,14,62.361318,108.195794,80.325,7.440233,-30.35977,0,0,0,0,0.000377,0,0.259259,0.261438,0.15,0.85,0.116667,0.555556,0.037348,0,0.45,0.345138,0.309446,0.369871
2025,Bradley,3,120.360317,104.487877,67.326471,17.869532,25.13439,12,13,0,0,0.66912,0,0.400984,0.171246,0.241674,0.758326,0.31418,0.537037,0.098729,0.055917,0.428571,0.398564,0.347978,0.331898
2025,Brescia,15,75.568557,134.938787,69.35625,11.994047,-31.805957,0,0,1,0,0.000886,0,0.246753,0.223484,0.288,0.712,0.186147,0.432432,0.082905,0.014418,0.333333,0.397775,0.336211,0.287561
2025,Brevard,13,76.863161,112.478531,79.75,4.651576,-23.148415,0,0,1,0,0.001985,0,0.333333,0.250784,0.222222,0.777778,0.163934,0.545455,0.137931,0.025078,0.442623,0.374034,0.305785,0.31221
2025,Brewton Parker,13,87.031237,126.805241,83.475,12.490738,-24.809274,0,0,1,0,0.000593,0,0.276596,0.239593,0.353846,0.646154,0.323077,0.471698,0.089847,0.029949,0.361538,0.379912,0.305999,0.326725
2025,Brown,6,110.794947,99.802731,68.288889,14.38601,14.897163,3,7,0,0,0.511395,0,0.335357,0.1703,0.302349,0.697651,0.277743,0.550484,0.086777,0.077015,0.408555,0.414162,0.348821,0.284737
2025,Bryan (TN),11,91.973224,114.326759,76.5875,14.698382,-7.101629,0,0,0,0,0.013786,0,0.3125,0.124041,0.2375,0.7625,0.088435,0.568627,0.091399,0.026114,0.435374,0.463467,0.331159,0.328745
2025,Bryant,4,115.268788,103.278633,73.390909,11.407193,19.132945,0,16,0,0,0.763831,0,0.337679,0.163095,0.324742,0.675258,0.297872,0.488866,0.090425,0.081754,0.354764,0.373267,0.339403,0.307377
2025,BRYN ATHYN,13,92.560734,129.108893,70.375,0.566826,-22.233154,0,0,1,0,0.004534,0,0.375,0.099467,0.15,0.85,0.078125,0.538462,0.142096,0.028419,0.375,0.367241,0.328638,0.349425
2025,Bucknell,6,110.028157,98.917757,70.440152,14.089762,14.968589,0,16,0,0,0.775439,0,0.353096,0.186275,0.251567,0.748433,0.367027,0.519722,0.094213,0.045601,0.41027,0.393695,0.343218,0.30153
2025,Buffalo,9,102.657787,105.101364,73.503226,14.189205,5.195664,0,6,0,0,0.232488,0,0.30375,0.197929,0.26754,0.73246,0.338276,0.539948,0.091723,0.047836,0.439319,0.38077,0.3372,0.32173
2025,Butler,2,119.352918,107.772311,67.470455,28.285275,27.622426,9,6,0,0,0.306908,0,0.366443,0.163933,0.245022,0.754978,0.372667,0.555422,0.060183,0.041769,0.408891,0.40259,0.34234,0.307832
2025,BYU,8,126.668101,107.66187,69.4,28.438297,36.766065,19,5,0,0,0.728202,0,0.37352,0.174712,0.294314,0.705686,0.296606,0.596966,0.103566,0.043678,0.485117,0.405465,0.338286,0.325269
2025,C Arkansas,9,105.255608,107.609329,69.698485,12.786258,5.198375,0,2,3,0,0.280203,0,0.294179,0.177387,0.311864,0.688136,0.279699,0.554468,0.105215,0.033912,0.482206,0.409197,0.345497,0.292706
2025,C Connecticut,5,110.741437,91.659855,66.760937,7.198485,16.473521,1,13,1,0,0.866502,0,0.345566,0.16898,0.240106,0.759894,0.255063,0.524138,0.113277,0.062724,0.357964,0.392912,0.335438,0.295507
2025,C Michigan,5,112.279065,98.968556,69.907258,12.159319,15.720612,2,6,3,0,0.434558,0,0.32459,0.175348,0.295536,0.704464,0.362479,0.502994,0.105209,0.04153,0.337576,0.396958,0.322939,0.321579
2025,CA Baptist,12,110.284131,96.411414,68.352344,17.270966,18.089689,3,14,0,0,0.578968,0,0.317437,0.176475,0.333333,0.666667,0.297128,0.45599,0.096924,0.039318,0.350392,0.350766,0.329758,0.368063
2025,Cairn,13,79.648525,116.492954,77.75,5.242916,-23.05705,0,0,1,0,0.009803,0,0.243243,0.199357,0.3125,0.6875,0.148148,0.311111,0.057878,0.019293,0.548148,0.376891,0.357976,0.330686
2025,Cal Maritime,16,62.434558,136.651604,76.6,10.536633,-48.763417,0,0,0,0,0.000011,0,0.18,0.267624,0.381818,0.618182,0.271186,0.533333,0.071802,0,0.423729,0.404347,0.32656,0.343151
2025,Cal Poly,4,114.264969,102.568341,76.082143,18.211606,17.777281,4,9,0,0,0.601113,0,0.361759,0.206544,0.288288,0.711712,0.26749,0.529179,0.103272,0.028165,0.509374,0.380985,0.338785,0.341158
2025,California,3,116.597101,100.919284,70.04697,24.86894,23.268939,8,5,0,0,0.259621,0,0.314815,0.16569,0.357835,0.642165,0.388611,0.411695,0.089983,0.052778,0.377622,0.393799,0.346672,0.325691
2025,Calumet,13,81.128347,126.488774,74.175,12.237283,-24.562723,0,0,0,0,0.001213,0,0.326923,0.256151,0.298246,0.701754,0.226087,0.575,0.074149,0.047186,0.452174,0.3359,0.327559,0.332934
2025,CALV MO,16,30.18233,151.516156,75.95,14.759634,-82.040397,0,0,0,0,0,0,0.172414,0.447663,0.333333,0.666667,0.04,0.857143,0.052666,0.052666,0.58,0.445205,0.343195,0.320864
2025,Camp-Harrod,12,89.664801,126.990581,73.85,16.316687,-16.483316,0,0,0,0,0.000865,0,0.444444,0.243737,0.285714,0.714286,0.095238,0.384615,0.081246,0.108328,0.285714,0.424796,0.346154,0.268621
2025,Campbell,5,109.895151,96.913369,66.713281,13.392756,16.099026,0,11,0,0,0.405338,0,0.322148,0.156922,0.259843,0.740157,0.303215,0.542929,0.103053,0.045905,0.412971,0.387696,0.336476,0.324294
2025,Campbellsville,10,104.064867,127.149006,77.85,18.403518,-6.396499,0,0,0,0,0.003261,0,0.419355,0.218369,0.292683,0.707317,0.085714,0.6,0.038536,0.051381,0.442857,0.399099,0.328733,0.308963
2025,Canisius,9,102.807652,113.152509,66.395161,14.997274,1.571506,0,2,1,0,0.131618,0,0.367052,0.184623,0.224439,0.775561,0.233114,0.477366,0.092797,0.036439,0.413628,0.38262,0.333966,0.302507
2025,Capital,8,93.963534,108.041092,64.85,26.149804,8.349819,0,0,0,0,0.010259,0,0.3125,0.185042,0.4,0.6,0.09375,0.47619,0.169622,0.01542,0.5,0.404457,0.355372,0.381058
2025,Car Christian,16,63.661279,151.743421,76.6,14.041551,-57.758441,0,0,0,0,0.000001,0,0.136364,0.248042,0.37037,0.62963,0.266667,0.411765,0.052219,0.013055,0.366667,0.342503,0.368504,0.317691
2025,Carolina U,14,66.735815,125.022577,68.70625,19.136024,-26.913974,0,0,0,0,0.000382,0,0.324324,0.345675,0.196262,0.803738,0.143617,0.55,0.05458,0.029109,0.393617,0.417336,0.361576,0.345802
2025,Cent St OH,12,83.521744,123.237699,69.1625,15.556432,-16.243565,0,0,0,0,0.001036,0,0.275862,0.267486,0.405405,0.594595,0.431193,0.411765,0.079523,0.014459,0.266055,0.357066,0.354444,0.316354
2025,Central Penn,15,75.005366,135.108826,76.625,16.678115,-35.121881,0,0,0,0,0.000039,0,0.146341,0.247961,0.37931,0.62069,0.243902,0.390244,0.091354,0.013051,0.333333,0.35203,0.365012,0.32455
2025,Chadron St,7,106.076714,111.062241,73.225,22.141829,10.34179,0,0,0,0,0.02655,0,0.266667,0.163878,0.333333,0.666667,0.157143,0.258065,0.095596,0,0.214286,0.408363,0.35019,0.306144
2025,Champ Chrstn,16,72.041865,130.621645,84.475,8.311386,-42.888626,0,0,2,0,0.0001,0,0.229885,0.19414,0.232258,0.767742,0.252976,0.484848,0.082865,0.037881,0.517857,0.408316,0.325641,0.312223
2025,Chapman,9,79.677081,100.855084,74.225,27.485208,0.685169,0,0,0,0,0.002342,0,0.291667,0.296396,0.315789,0.684211,0.186441,0.526316,0.026945,0.080835,0.40678,0.347423,0.351632,0.369072
2025,Charleston,4,113.751347,97.840365,71.406818,15.940028,19.043074,5,16,0,0,0.666956,0,0.352941,0.159988,0.2582,0.7418,0.348114,0.588565,0.090816,0.032252,0.398573,0.400061,0.336538,0.325594
2025,Charleston So,8,107.580454,106.22108,70.304688,14.387791,8.762796,2,5,1,0,0.380114,0,0.303781,0.192466,0.316765,0.683235,0.448009,0.477243,0.067119,0.039115,0.424226,0.385424,0.340737,0.34141
2025,Charlotte,6,111.443145,105.130041,66.993939,17.548277,13.257366,2,7,0,0,0.316951,0,0.310067,0.148815,0.280888,0.719112,0.424779,0.532194,0.075991,0.032567,0.412058,0.369667,0.335386,0.357314
2025,Chatham,10,81.30588,107.785029,68.75,20.354463,-4.445529,0,0,0,0,0.003261,0,0.185185,0.16,0.5,0.46875,0.142857,0.285714,0.130909,0.043636,0.385714,0.367,0.350136,0.3835
2025,Chattanooga,3,120.790222,117.366215,68.378788,15.653998,22.443471,14,8,0,0,0.838282,0,0.364155,0.150676,0.248402,0.751598,0.303189,0.605005,0.099712,0.04343,0.457919,0.422228,0.3336,0.317544
2025,Chestnut Hill,11,74.098221,100.817033,73.75,14.130511,-9.669454,0,0,0,0,0.003845,0,0.2,0.081356,0.305556,0.694444,0.135135,0.315789,0.162712,0.027119,0.337838,0.407977,0.372203,0.299856
2025,Cheyney (PA),15,73.380943,128.153503,79.01875,6.272304,-37.277672,0,0,1,0,0.001229,0,0.318841,0.262596,0.234783,0.765217,0.453271,0.467532,0.098078,0.02531,0.32243,0.281959,0.326628,0.342456
2025,Chicago St,10,94.966515,107.35714,69.798438,15.366262,0.210028,0,1,3,0,0.22275,0,0.305665,0.18446,0.278287,0.721713,0.26803,0.48519,0.105214,0.05104,0.408504,0.403242,0.340698,0.315485
2025,Christendom,15,77.315493,131.403133,75.7,9.540775,-33.259217,0,0,0,0,0.000164,0,0.277778,0.250991,0.305556,0.694444,0.193548,0.619048,0.03963,0.02642,0.290323,0.47697,0.325107,0.351586
2025,Cincinnati,2,116.932394,97.12953,65.769697,27.631599,32.208736,13,5,0,0,0.422463,0,0.320106,0.155732,0.326011,0.673989,0.233989,0.509009,0.1115,0.066808,0.381241,0.398867,0.344277,0.32993
2025,Cleary,14,69.373321,122.478882,70.366667,14.13965,-26.993673,0,0,0,0,0.000269,0,0.225352,0.284225,0.289855,0.710145,0.233766,0.4375,0.094742,0.014211,0.461039,0.351013,0.331742,0.316128
2025,Clemson,10,123.910636,93.041764,66.415909,25.652383,35.475916,22,5,0,0,0.793093,0,0.371505,0.15741,0.317324,0.682676,0.281841,0.522552,0.112697,0.054295,0.384143,0.39078,0.341392,0.343563
2025,Cleveland St,4,112.531141,103.2378,67.384091,12.762252,18.962254,4,15,0,0,0.513057,0,0.333853,0.174936,0.354553,0.645447,0.30348,0.521591,0.129515,0.070154,0.328045,0.398267,0.334728,0.320698
2025,Cmbrlnd KY,10,108.3235,122.445731,76.7,15.213725,-0.586272,0,0,0,0,0.014154,0,0.24,0.156454,0.47619,0.52381,0.173913,0.40625,0.11734,0.026076,0.362319,0.396711,0.334197,0.313977
2025,CO Christian,13,92.495131,139.536974,68.525,16.187162,-20.612887,0,0,0,0,0.003719,0,0.34375,0.240788,0.259259,0.740741,0.38,0.487805,0.080263,0.02189,0.32,0.377191,0.361636,0.330367
2025,Coastal,8,107.27383,105.699638,64.723438,11.836342,7.692592,0,6,1,0,0.245907,0,0.34688,0.184439,0.274125,0.725875,0.34375,0.495946,0.050696,0.02559,0.398727,0.392055,0.318179,0.325138
2025,Coastal GA,13,70.174832,118.120333,78.6,22.382472,-24.417533,0,0,0,0,0.000084,0,0.3125,0.305344,0.15,0.85,0.333333,0.444444,0.089059,0.025445,0.333333,0.408184,0.350856,0.328343
2025,Colby Sawyer,15,80.998411,142.595554,72.9,15.864556,-33.935395,0,0,0,0,0.000051,0,0.333333,0.192044,0.24,0.76,0.063492,0.208333,0.109739,0.013717,0.238095,0.471345,0.352357,0.304094
2025,Colgate,6,111.781948,103.076019,67.232576,13.016537,13.034759,1,12,0,0,0.505923,0,0.356079,0.167668,0.239925,0.760075,0.228255,0.525901,0.095102,0.036058,0.424881,0.396475,0.345185,0.306404
2025,Colorado,2,112.034129,97.007833,68.829412,29.890325,27.044599,9,3,0,0,0.388738,0,0.322206,0.209811,0.268067,0.731933,0.36344,0.583738,0.102555,0.056833,0.372634,0.391712,0.341311,0.320282
2025,Colorado Coll,9,89.276536,103.031156,67.6,22.61597,5.815918,0,0,0,0,0.012056,0,0.259259,0.192308,0.37037,0.62963,0.280702,0.5,0.088757,0.014793,0.473684,0.387807,0.376486,0.331967
2025,Colorado St,2,120.676319,97.779012,67.061765,24.252163,31.696585,17,9,0,0,0.878517,0,0.365672,0.173677,0.233108,0.766892,0.317528,0.627778,0.076312,0.041226,0.428343,0.390409,0.337805,0.350906
2025,Columbia,7,114.215366,106.003498,71.074074,11.135691,11.076474,1,5,0,0,0.130758,0,0.336874,0.153726,0.275532,0.724468,0.29003,0.609598,0.109432,0.029703,0.398187,0.405058,0.339147,0.275964
2025,Columbia (SC),13,84.357052,130.277095,71.75,14.041551,-22.758441,0,0,0,0,0.000445,0,0.26087,0.195122,0.307692,0.692308,0.163934,0.409091,0.111498,0.041812,0.377049,0.342503,0.368504,0.317691
2025,Columbia Int'l,12,91.396684,126.860722,72.1625,16.645495,-14.154505,0,0,0,0,0.024203,0,0.313953,0.183613,0.25,0.75,0.224066,0.494505,0.05543,0.024251,0.356846,0.418086,0.341849,0.363199
2025,Conc.-St. Paul,10,107.601839,122.777152,83.775,17.541682,-2.258348,0,0,0,0,0.007413,0,0.322581,0.179051,0.363636,0.636364,0.432836,0.461538,0.023873,0.011937,0.462687,0.399325,0.342254,0.300337
2025,Concordia MI,16,65.608491,138.818592,76.8,16.32188,-45.478128,0,0,0,0,0.000007,0,0.2,0.117188,0.25,0.75,0.112676,0.470588,0.065104,0.052083,0.422535,0.383072,0.335888,0.328278
2025,Coppin St,10,94.206868,105.351694,69.47,13.210957,-0.209021,0,4,2,0,0.309757,0,0.293561,0.214481,0.31556,0.68444,0.36253,0.514548,0.117077,0.02735,0.321168,0.344347,0.343201,0.353046
2025,Corban,10,96.782983,120.751625,75.85,31.678661,-0.121364,0,0,0,0,0.001022,0,0.296296,0.184575,0.375,0.625,0.088235,0.296296,0.052736,0.039552,0.397059,0.425453,0.310388,0.391906
2025,Cornell,3,122.758736,102.650611,72.12931,13.769175,21.210592,2,14,0,0,0.522547,0,0.375723,0.16589,0.254187,0.745813,0.276836,0.625282,0.087487,0.044938,0.488701,0.404884,0.338313,0.292191
2025,Creighton,1,120.452925,98.540284,68.213235,29.024712,34.024719,19,6,0,0,0.670324,0,0.338965,0.180662,0.228549,0.771451,0.284679,0.633588,0.054328,0.066832,0.490166,0.405319,0.342493,0.313138
2025,Crown,12,90.395757,128.205737,73.65,21.63311,-14.166927,0,0,0,0,0.000525,0,0.344828,0.230821,0.206897,0.793103,0.25,0.7,0.027155,0.040733,0.517857,0.462431,0.387132,0.336359
2025,Crwlys Rdg,15,56.059122,117.738557,75.375,16.127223,-35.672783,0,0,0,0,0.000037,0,0.130435,0.238806,0.15,0.85,0.084746,0.5625,0.092869,0.013267,0.389831,0.367781,0.333333,0.279129
2025,CSU Northridge,3,115.335849,97.85268,73.086719,14.347681,22.129462,6,10,0,0,0.571282,0,0.34846,0.18856,0.320652,0.679348,0.359169,0.573593,0.106038,0.040192,0.312563,0.40044,0.339054,0.326977
2025,Dall Christian,14,68.784716,119.751196,72.4,14.010002,-26.790016,0,0,0,0,0.00028,0,0.284211,0.300414,0.382114,0.617886,0.251121,0.516129,0.096685,0.031077,0.426009,0.354071,0.338379,0.329025
2025,Dallas,13,76.475086,115.318367,81.3375,14.76361,-22.036405,0,0,0,0,0.000685,0,0.282609,0.258183,0.333333,0.666667,0.257813,0.375,0.079914,0.024589,0.359375,0.375889,0.338737,0.338394
2025,Dalton St,10,102.808586,130.858888,72.325,21.159684,-6.640322,0,0,0,0,0.001985,0,0.222222,0.193571,0.5,0.5,0.09589,0.310345,0.110612,0.013826,0.369863,0.350729,0.352547,0.314528
2025,Dartmouth,5,110.352174,95.611354,72.464286,10.285942,15.864556,1,10,1,0,0.608372,0,0.352357,0.158699,0.235405,0.764595,0.304094,0.589572,0.070971,0.042385,0.471345,0.402911,0.34189,0.282632
2025,Davenport,14,67.997561,116.359981,71.6,10.719288,-26.080712,0,0,0,0,0.000445,0,0.181818,0.293296,0.352941,0.647059,0.290909,0.5,0.125698,0.013966,0.4,0.332163,0.287009,0.309082
2025,Davidson,4,114.974052,99.665189,66.736364,18.042635,19.248709,3,13,0,0,0.33528,0,0.338422,0.144394,0.243836,0.756164,0.289794,0.571595,0.085365,0.037688,0.415653,0.408354,0.332239,0.340017
2025,Davis & Elkins,11,79.662329,110.137541,77.45,17.332746,-12.467254,0,0,0,0,0.001425,0,0.142857,0.284054,0.371429,0.628571,0.37931,0.333333,0.077469,0.038735,0.241379,0.402695,0.322181,0.340818
2025,Dayton,2,120.140248,104.613476,66.934375,22.314496,26.149804,15,8,0,0,0.665454,0,0.355372,0.156403,0.284287,0.715713,0.381058,0.594628,0.105981,0.051823,0.404457,0.411081,0.336445,0.319135
2025,Dean,12,99.34359,147.715234,68,19.132945,-19.667011,0,0,0,0,0.000319,0,0.335,0.17,0.31,0.69,0.29,0.55,0.095,0.08,0.392097,0.354764,0.337679,0.297872
2025,Defiance,15,80.285407,145.002353,71.13125,17.504918,-34.04508,0,0,0,0,0.001874,0,0.290323,0.274141,0.305556,0.694444,0.176471,0.4625,0.031632,0.031632,0.420814,0.402766,0.352301,0.306302
2025,Delaware,6,114.804554,105.31057,70.455556,14.858259,14.130511,3,9,0,0,0.423492,0,0.372203,0.167955,0.231972,0.768028,0.299856,0.516194,0.09068,0.04258,0.407977,0.379894,0.335074,0.311658
2025,Delaware St,7,110.762212,100.420485,72.433333,6.161708,10.635062,0,7,0,0,0.586436,0,0.369048,0.174413,0.355615,0.644385,0.338804,0.481056,0.11919,0.035895,0.22234,0.356074,0.324983,0.338549
2025,Denver,8,108.923973,105.9887,69.78125,14.877144,9.758354,2,6,1,0,0.412457,0,0.346786,0.18137,0.286004,0.713996,0.328767,0.447561,0.098074,0.036274,0.366575,0.409208,0.35636,0.344455
2025,DePaul,3,114.454989,102.157532,69.024242,25.721026,23.032801,6,5,0,0,0.296112,0,0.346025,0.178681,0.268421,0.731579,0.274143,0.602326,0.088682,0.052682,0.463655,0.395281,0.340038,0.304965
2025,Detroit Mercy,8,103.383884,105.450724,68.445313,15.440575,7.02808,2,5,0,0,0.226277,0,0.32967,0.189933,0.318144,0.681856,0.289931,0.444302,0.084465,0.036069,0.287823,0.40324,0.336255,0.33447
2025,Dickinson St,12,78.054397,111.254421,73.425,12.885611,-14.914426,0,0,0,0,0.001985,0,0.142857,0.177051,0.25,0.75,0.044776,0.416667,0.068097,0.068097,0.41791,0.401643,0.326113,0.328178
2025,Dicknsn PA,14,53.395885,108.274712,74.225,13.984873,-30.815101,0,0,0,0,0.000117,0,0.129032,0.282924,0.275,0.725,0.186441,0.5,0.05389,0.040418,0.525424,0.516685,0.35,0.347686
2025,Dillard,11,84.900314,112.195763,80.925,14.848241,-12.451751,0,0,0,0,0.008435,0,0.2,0.160643,0.225806,0.774194,0.359375,0.309524,0.098857,0.04325,0.351563,0.397382,0.35692,0.361915
2025,Dist Columbia,12,82.58619,109.973985,79.975,7.317663,-15.482315,0,0,0,0,0.004534,0,0.368421,0.337606,0.424242,0.575758,0.368421,0.590909,0.137543,0.037512,0.333333,0.218813,0.34023,0.355634
2025,Dkta Wesleyan,9,106.06447,122.832869,65.75,18.413422,2.113384,0,0,0,0,0.015076,0,0.37037,0.212928,0.46875,0.53125,0.16129,0.531915,0.091255,0.015209,0.435484,0.39691,0.335391,0.372891
2025,Drake,2,120.574105,95.651462,61.313636,17.882105,28.247811,15,14,0,0,0.769205,0,0.354943,0.181877,0.331378,0.668622,0.425558,0.551378,0.147281,0.039538,0.371911,0.407204,0.343568,0.31762
2025,Drexel,5,112.251877,97.54303,65.417424,13.402502,16.887377,1,13,0,0,0.59521,0,0.359773,0.186217,0.299835,0.700165,0.247102,0.494253,0.074579,0.069484,0.37197,0.394929,0.335809,0.313953
2025,Dubuque,12,80.103743,119.165602,75.275,23.905083,-14.89493,0,0,0,0,0.000319,0,0.30303,0.252408,0.307692,0.692308,0.15,0.388889,0.079708,0.053138,0.55,0.354634,0.37013,0.352332
2025,Duke,1,134.275489,98.326357,66.511029,28.361044,48.330281,30,5,0,0,0.873854,0,0.377193,0.14416,0.290175,0.709825,0.320896,0.58104,0.104361,0.057045,0.453731,0.385721,0.341121,0.328584
2025,Duquesne,4,111.335089,95.690606,65.91875,18.48899,19.670258,8,4,0,0,0.444027,0,0.340967,0.183464,0.342805,0.657195,0.295974,0.555975,0.107614,0.064473,0.427639,0.402612,0.33195,0.32389
2025,E Illinois,8,100.981066,97.338738,68.348387,10.462367,8.152686,0,6,2,0,0.586903,0,0.319231,0.182651,0.327239,0.672761,0.33759,0.471698,0.131206,0.040117,0.288728,0.387301,0.337581,0.310376
2025,E Kentucky,5,116.375773,103.258618,69.703906,13.422939,16.316687,3,8,2,0,0.687231,0,0.346154,0.141222,0.364328,0.635672,0.268621,0.472254,0.123738,0.050212,0.424796,0.39958,0.346499,0.296264
2025,E Michigan,7,112.142651,106.638659,68.61875,13.978417,11.240918,1,11,0,0,0.590843,0,0.349275,0.189453,0.307766,0.692234,0.335541,0.480192,0.101558,0.04964,0.380795,0.393241,0.338596,0.312319
2025,E Texas A&M,8,100.67604,103.583307,68.16129,17.887191,7.680727,0,4,1,0,0.311505,0,0.31401,0.224799,0.320675,0.679325,0.280047,0.615708,0.123048,0.057738,0.483081,0.373597,0.338237,0.327917
2025,E Washington,7,110.05673,105.136912,68.223438,15.665896,11.740851,2,6,0,0,0.387114,0,0.325301,0.18368,0.283489,0.716511,0.309152,0.53423,0.110391,0.045805,0.370536,0.399951,0.339614,0.319107
2025,Earlham,13,79.897962,119.65998,79.175,8.152686,-24.647317,0,0,0,0,0.000865,0,0.285714,0.239975,0.392857,0.607143,0.2,0.409091,0.050521,0.075781,0.323077,0.288728,0.319231,0.33759
2025,East Carolina,5,114.72173,100.506918,69.496212,16.071071,17.355918,6,10,0,0,0.646334,0,0.315789,0.156538,0.346656,0.653344,0.359801,0.498294,0.108574,0.06497,0.348883,0.369342,0.334085,0.357095
2025,East-West,16,57.789582,128.038552,80.935,7.667521,-50.332483,0,0,3,0,0.000039,0,0.140351,0.227343,0.339744,0.660256,0.220544,0.470588,0.098845,0.049422,0.344411,0.376573,0.33378,0.32804
2025,Eastern Oregon,11,86.705168,112.573757,76.275,11.740851,-11.0592,0,0,0,0,0.004534,0,0.210526,0.183546,0.277778,0.722222,0.132353,0.444444,0.104884,0.039331,0.279412,0.370536,0.325301,0.309152
2025,Ecclesia,16,65.60323,150.362182,79.025,5.458016,-61.341997,0,0,2,0,0.00001,0,0.242424,0.257303,0.243243,0.756757,0.341317,0.538462,0.075925,0.004218,0.39521,0.352997,0.32559,0.333081
2025,Edward Waters,15,80.637471,135.753847,77.175,11.965268,-33.834734,0,0,0,0,0.000099,0,0.1,0.207321,0.342857,0.657143,0.19403,0.148148,0.103661,0.064788,0.149254,0.539765,0.356582,0.243294
2025,Elizabeth City,11,88.396971,125.272572,75.35,32.636714,-9.163267,0,0,0,0,0.000193,0,0.2,0.225614,0.441176,0.558824,0.42623,0.736842,0.0929,0,0.245902,0.476049,0.334025,0.327901
2025,Elms,16,54.312888,158.410101,74.275,12.851458,-67.948492,0,0,0,0,0,0,0.074074,0.30966,0.48,0.52,0.152542,0.375,0.080781,0.026927,0.457627,0.433203,0.330323,0.303522
2025,Elon,5,115.328946,104.772385,66.304688,12.387607,16.060357,5,9,1,0,0.256819,0,0.326371,0.188052,0.320251,0.679749,0.382696,0.490566,0.078709,0.061741,0.424847,0.393176,0.334117,0.313824
2025,Embry Rid (AZ),13,74.882542,127.988985,67.0375,15.7668,-24.033253,0,0,0,0,0.000547,0,0.333333,0.246131,0.413043,0.586957,0.151786,0.545455,0.096961,0.022376,0.428571,0.377301,0.337425,0.315849
2025,EMERSON,15,66.011479,132.565157,72.0125,19.982706,-34.817249,0,0,0,0,0.000027,0,0.136364,0.222184,0.234043,0.765957,0.166667,0.5,0.104149,0.02083,0.385965,0.334194,0.370698,0.328106
2025,Endicott,11,89.313477,107.566939,72.125,1.653261,-9.146686,0,0,1,0,0.03094,0,0.333333,0.166378,0.15,0.85,0.267857,0.565217,0.138648,0.041594,0.535714,0.408654,0.32549,0.268162
2025,Erskine,14,75.457388,120.645692,79.55,10.869541,-27.930456,0,0,1,0,0.001193,0,0.258065,0.282841,0.1875,0.8125,0.330275,0.394737,0.09428,0.025141,0.568807,0.46724,0.317809,0.325954
2025,ETSU,4,113.820029,96.047885,65.949219,13.677927,18.984179,5,8,1,0,0.657455,0,0.347882,0.164426,0.340641,0.659359,0.321809,0.509202,0.121779,0.057336,0.414362,0.436834,0.333898,0.308875
2025,Eureka,14,74.527161,127.149754,74.541667,17.454428,-27.678904,0,0,0,0,0.000124,0,0.22973,0.250419,0.314607,0.685393,0.195531,0.482143,0.080492,0.017887,0.413408,0.426664,0.347309,0.330302
2025,Evansville,6,104.79547,99.201966,67.035156,17.980147,13.192639,3,7,0,0,0.320863,0,0.303199,0.175747,0.232448,0.767552,0.30415,0.529566,0.089505,0.065264,0.408755,0.402688,0.350227,0.344062
2025,Evergreen,14,93.813225,139.608526,80.1125,14.822441,-26.977613,0,0,0,0,0.000204,0,0.421053,0.262131,0.240741,0.759259,0.476636,0.418605,0.074895,0.024965,0.35514,0.395666,0.337426,0.330142
2025,Fairfield,9,104.83326,104.501629,66.953125,11.342237,6.348534,0,10,1,0,0.403989,0,0.315501,0.154492,0.333017,0.666983,0.25974,0.515306,0.10175,0.044807,0.378701,0.38728,0.333429,0.287315
2025,FAU,3,118.43761,103.74639,70.471212,19.206005,22.382472,3,14,0,0,0.403342,0,0.350856,0.162112,0.300654,0.699346,0.328343,0.572354,0.089441,0.062351,0.408184,0.368237,0.33747,0.360282
2025,FDU,8,107.764719,101.303835,70.239394,8.24372,9.213447,0,4,3,0,0.436285,0,0.335775,0.166961,0.286607,0.713393,0.330935,0.528857,0.098796,0.038397,0.420863,0.399168,0.327698,0.287169
2025,Ferrum,12,86.24564,131.527455,71.175,25.632331,-16.167647,0,0,0,0,0.000193,0,0.25,0.182648,0.25,0.75,0.220339,0.421053,0.04215,0.0281,0.40678,0.364139,0.354103,0.413392
2025,FGCU,5,115.44237,107.704809,65.69375,14.383503,16.854091,2,9,0,0,0.579331,0,0.354972,0.160784,0.28,0.72,0.230523,0.511891,0.085149,0.035677,0.386339,0.400706,0.33677,0.305019
2025,Fisher,16,81.18258,135.566188,86.275,13.380043,-38.419907,0,0,0,0,0.000037,0,0.205882,0.127499,0.259259,0.740741,0.115385,0.384615,0.115908,0.034773,0.435897,0.346717,0.353678,0.340749
2025,Fisk,13,91.373175,128.147035,76.075,7.556989,-21.243018,0,0,1,0,0.001775,0,0.303571,0.197174,0.390625,0.609375,0.259542,0.632653,0.105159,0.019717,0.427481,0.376573,0.321936,0.389575
2025,FIU,7,103.712396,97.001828,70.430303,15.425708,12.449937,3,4,0,0,0.220218,0,0.287179,0.194045,0.326143,0.673857,0.347826,0.490865,0.127786,0.065829,0.302795,0.394293,0.344798,0.325482
2025,FL National,16,73.409581,133.746728,79.65,12.449937,-39.350079,0,0,0,0,0.000037,0,0.333333,0.288763,0.387097,0.612903,0.225806,0.7,0.087884,0.05022,0.387097,0.302795,0.287179,0.347826
2025,Florida,1,131.500217,104.93087,70.758088,30.830499,45.525497,28,7,0,0,0.93627,0,0.355111,0.150471,0.328901,0.671099,0.325678,0.52381,0.10932,0.066091,0.435921,0.394977,0.344134,0.357185
2025,Florida A&M,8,108.740695,108.703015,69.136667,10.936345,8.258915,0,7,1,0,0.513983,0,0.350582,0.198158,0.278912,0.721088,0.357528,0.518919,0.07666,0.048214,0.463707,0.360941,0.328565,0.331522
2025,Florida St,2,114.564262,94.515733,70.278125,24.575277,26.075282,11,5,0,0,0.399235,0,0.31664,0.174752,0.29449,0.70551,0.393906,0.5,0.108053,0.067589,0.336779,0.387458,0.337087,0.333812
2025,Florida Tech,10,93.555444,116.407381,67.25,14.938019,-6.181979,0,0,0,0,0.017977,0,0.287129,0.169517,0.277027,0.722973,0.243902,0.35514,0.071375,0.026766,0.351916,0.377643,0.345024,0.325096
2025,Fordham,6,110.29484,102.692063,71.493939,18.18774,14.13322,4,6,0,0,0.142205,0,0.325359,0.183953,0.33389,0.66611,0.332669,0.531765,0.105964,0.048743,0.416335,0.391747,0.331011,0.326815
2025,Fort Valley St,12,104.406117,146.199629,72.225,21.390764,-16.409252,0,0,0,0,0.000377,0,0.409091,0.152302,0.375,0.625,0.169231,0.464286,0.083074,0.055382,0.338462,0.369663,0.347826,0.316926
2025,Framingham St,11,87.692467,108.130881,73.025,7.971533,-7.828434,0,0,0,0,0.014154,0,0.428571,0.273879,0.2,0.8,0.38,0.285714,0.054776,0.06847,0.14,0.444508,0.355212,0.319222
2025,Franciscan,16,74.152822,154.030027,66.175,8.940061,-44.859906,0,0,0,0,0.000026,0,0.176471,0.136003,0.464286,0.535714,0.203125,0.588235,0.030223,0.045334,0.53125,0.420168,0.33875,0.231092
2025,Frank Pierce,11,97.386414,123.457259,80.6,19.473412,-9.326559,0,0,0,0,0.001682,0,0.428571,0.16129,0.5,0.5,0.213333,0.37037,0.16129,0.037221,0.373333,0.377666,0.350669,0.425926
2025,Franklin,11,79.784797,104.772641,79.65,12.72923,-11.070768,0,0,0,0,0.003845,0,0.3,0.225989,0.2,0.8,0.233333,0.409091,0.150659,0.012555,0.333333,0.373108,0.344774,0.456927
2025,Fredonia St,10,100.803254,108.587609,78.8,5.195664,-0.604328,0,0,1,0,0.063849,0,0.484848,0.266497,0.15,0.85,0.135593,0.655172,0.126904,0.01269,0.559322,0.439319,0.30375,0.338276
2025,Fresno St,6,104.594071,102.328259,73.155469,22.764757,12.864727,0,5,0,0,0.153064,0,0.313235,0.175995,0.300636,0.699364,0.363778,0.439898,0.103376,0.043999,0.35288,0.39882,0.342865,0.336169
2025,Friends,8,102.951127,108.414775,75.225,20.680759,8.880752,0,0,0,0,0.02655,0,0.323529,0.186108,0.46875,0.53125,0.15493,0.538462,0.119641,0.03988,0.478873,0.282741,0.305206,0.353807
2025,Frostburg St,10,99.130432,110.526493,78.7,7.317663,-2.482315,0,0,0,0,0.035974,0,0.294118,0.190597,0.432432,0.567568,0.162162,0.5,0.088945,0.025413,0.459459,0.218813,0.34023,0.355634
2025,Ft Lauderdale,12,101.30232,132.539837,76.975,3.628118,-19.171886,0,0,1,0,0.004534,0,0.357143,0.181877,0.4,0.6,0.295775,0.448276,0.077947,0.051965,0.197183,0.374572,0.334855,0.334664
2025,Fullerton,9,98.378983,106.719999,68.549219,17.455755,3.561964,0,4,0,0,0.018395,0,0.271304,0.216086,0.284774,0.715226,0.398001,0.421669,0.077499,0.028264,0.338036,0.389084,0.341857,0.331094
2025,Furman,16,118.734273,100.882554,68.046324,13.46172,20.770294,9,9,0,0,0.672233,0,0.367428,0.164248,0.288477,0.711523,0.343655,0.643729,0.097252,0.049274,0.511168,0.430258,0.33334,0.307794
2025,G Washington,4,113.400681,97.382166,68.388636,16.363688,20.563708,6,12,0,0,0.49316,0,0.316947,0.180342,0.313201,0.686799,0.402045,0.557831,0.130715,0.045196,0.416039,0.405189,0.328047,0.327052
2025,GA Southern,7,109.325047,101.910429,71.068182,14.003461,12.403461,1,12,0,0,0.574732,0,0.343202,0.189319,0.342788,0.657212,0.266602,0.507328,0.110862,0.052446,0.442075,0.388543,0.32763,0.339019
2025,Gallaudet,16,72.114074,139.913204,80.65,0.566826,-51.233154,0,0,1,0,0.000037,0,0.2,0.16119,0.275862,0.724138,0.202899,0.52381,0.086795,0.024799,0.362319,0.367241,0.328638,0.349425
2025,Gardner-Webb,7,110.768722,105.495903,70.239516,16.389719,12.551015,1,7,0,0,0.239736,0,0.329932,0.208044,0.315323,0.684677,0.362254,0.394417,0.073941,0.046385,0.331268,0.38529,0.339475,0.368286
2025,George Mason,2,113.320441,95.062235,66.436029,18.81009,25.632331,14,10,0,0,0.586218,0,0.354103,0.196562,0.277378,0.722622,0.413392,0.521898,0.112005,0.051354,0.364139,0.411763,0.333615,0.331587
2025,Georgetown,2,113.706053,100.002885,68.1125,24.295038,26.047997,8,7,0,0,0.312007,0,0.318056,0.171591,0.316444,0.683556,0.257529,0.534422,0.116535,0.055974,0.373832,0.403188,0.345075,0.30621
2025,Georgia,9,120.830866,95.171602,68.358594,29.407029,34.055512,12,6,0,0,0.412441,0,0.334835,0.188802,0.322526,0.677474,0.398343,0.475566,0.112916,0.075887,0.367956,0.402153,0.339797,0.353748
2025,Georgia St,7,112.744319,106.617789,69.927273,15.190537,11.942051,0,11,0,0,0.601859,0,0.345185,0.16944,0.313147,0.686853,0.328328,0.446548,0.07497,0.042035,0.337838,0.403176,0.329059,0.331026
2025,Georgia Tech,3,112.964824,98.120158,70.228788,24.28874,23.853449,10,4,0,0,0.568427,0,0.341226,0.173891,0.293831,0.706169,0.311649,0.553653,0.082846,0.052642,0.362078,0.390979,0.341911,0.322045
2025,Georgian Court,14,74.55456,124.847235,75.225,15.510299,-27.28967,0,0,0,0,0.000253,0,0.196078,0.206049,0.333333,0.666667,0.173228,0.289474,0.119641,0.046527,0.401575,0.394153,0.342566,0.289886
2025,Gonzaga,3,130.574033,95.232419,71.206061,25.440296,41.377421,17,9,0,0,0.794715,0,0.344239,0.132352,0.289639,0.710361,0.308571,0.618684,0.106818,0.041706,0.334762,0.391755,0.345097,0.324396
2025,Goshen,14,72.815607,119.285499,79.125,9.443824,-29.356174,0,0,0,0,0.000319,0,0.2,0.227488,0.233333,0.766667,0.245902,0.555556,0.088468,0.012638,0.57377,0.468767,0.373576,0.337427
2025,Grambling,8,102.84745,96.934066,67.308824,10.320409,9.720396,0,3,1,0,0.436014,0,0.337963,0.188333,0.262009,0.737991,0.332797,0.48375,0.099192,0.055058,0.347826,0.358807,0.328189,0.332072
2025,Grand Canyon,3,114.059926,92.703318,72.898485,15.663438,23.704592,10,13,0,0,0.760675,0,0.314985,0.180824,0.298132,0.701868,0.442029,0.522472,0.128863,0.069836,0.338509,0.359436,0.32643,0.351923
2025,Green Bay,8,106.846499,109.758209,69.351563,17.276228,7.269977,0,3,0,0,0.231581,0,0.32868,0.180692,0.205637,0.794363,0.367133,0.602426,0.070745,0.028839,0.459207,0.398677,0.343889,0.325437
2025,Gwynedd Mercy,10,83.485935,99.675069,67.7,10.635062,-2.164914,0,0,0,0,0.022739,0,0.178571,0.14771,0.314286,0.685714,0.190476,0.454545,0.118168,0.073855,0.444444,0.22234,0.369048,0.338804
2025,Hampton,5,112.385073,99.527096,67.209091,13.086837,15.474739,2,11,0,0,0.60994,0,0.333333,0.160512,0.363712,0.636288,0.300498,0.456776,0.111817,0.045088,0.368657,0.393766,0.337689,0.319358
2025,Han LaGrange,10,105.534875,129.151471,67.75,14.759634,-5.040397,0,0,0,0,0.007413,0,0.407407,0.295203,0.37931,0.62069,0.185185,0.730769,0.088561,0.073801,0.5,0.445205,0.343195,0.320864
2025,Hardin-Sim,12,94.089369,128.451909,69.65,14.49388,-13.30615,0,0,0,0,0.001985,0,0.44,0.301508,0.375,0.625,0.259259,0.714286,0.071788,0.086145,0.462963,0.261789,0.302277,0.360976
2025,Harris Stowe,15,68.935876,120.531247,80.225,8.204805,-34.595198,0,0,0,0,0.000164,0,0.28,0.286694,0.225806,0.774194,0.186441,0.631579,0.07479,0.04986,0.423729,0.341906,0.283186,0.357539
2025,Harvard,7,107.605464,101.784803,67.090741,15.964981,12.727985,2,9,0,0,0.562742,0,0.322422,0.177758,0.262295,0.737705,0.249347,0.543446,0.109857,0.042507,0.398825,0.415682,0.343672,0.283011
2025,Haskell,13,71.927488,112.178472,75.5,8.723759,-23.076278,0,0,0,0,0.001022,0,0.2,0.278146,0.222222,0.777778,0.392157,0.235294,0.119205,0.02649,0.490196,0.456586,0.362225,0.348494
2025,Hawai'i,15,110.589832,100.364784,66.991935,17.01482,14.956718,4,8,0,0,0.313668,0,0.320189,0.201276,0.279238,0.720762,0.392039,0.49396,0.052967,0.035151,0.382388,0.385656,0.339903,0.331945
2025,Hawai'i Hilo,11,89.897262,119.190541,73.175,18.672738,-9.127314,0,0,0,0,0.001985,0,0.277778,0.218654,0.342857,0.657143,0.206349,0.478261,0.027332,0.013666,0.285714,0.369856,0.359827,0.353821
2025,Hawaii Pac,6,100.29332,95.859076,66.275,14.956718,14.156674,0,0,0,0,0.118735,0,0.388889,0.165975,0.230769,0.769231,0.15,0.25,0.060355,0.030177,0.3,0.382388,0.320189,0.392039
2025,Heidelberg,3,127.492767,118.384295,66.7,21.579248,20.77925,0,0,0,0,0.118735,0,0.421053,0.11994,0.384615,0.615385,0.190476,0.387097,0.134933,0.029985,0.301587,0.379121,0.31357,0.298701
2025,High Point,11,126.183549,100.435978,67.591912,13.036177,25.110471,8,16,0,0,0.865835,0,0.363636,0.154039,0.30912,0.69088,0.371587,0.451382,0.091379,0.042643,0.389282,0.364895,0.337334,0.362213
2025,Hofstra,13,106.284524,93.985238,65.714394,13.551969,15.497446,2,11,2,0,0.362427,0,0.340399,0.17108,0.247229,0.752771,0.256314,0.562972,0.090382,0.059947,0.430951,0.375005,0.332848,0.32509
2025,Holy Cross,8,107.909884,104.15251,66.814063,10.713002,8.613049,0,10,0,0,0.257417,0,0.387268,0.178667,0.229367,0.770633,0.220377,0.48301,0.069222,0.04303,0.417497,0.408467,0.3319,0.29125
2025,Holy Cross Col,16,53.136673,145.187349,71.6,4.173416,-60.626582,0,0,1,0,0.000004,0,0.277778,0.265363,0.210526,0.789474,0.326531,0.454545,0.083799,0.013966,0.367347,0.478568,0.334467,0.301682
2025,Holy Family,11,112.919333,138.148692,76.075,18.415595,-7.384399,0,0,0,0,0.002764,0,0.5,0.236609,0.382353,0.617647,0.269841,0.633333,0.039435,0.05258,0.31746,0.3184,0.361809,0.452267
2025,Hou Christian,7,106.16473,100.978384,65.338281,14.85657,11.550307,1,6,0,0,0.250729,0,0.326398,0.178877,0.296,0.704,0.312037,0.469003,0.120527,0.055002,0.438677,0.368267,0.331778,0.319338
2025,Houghton,13,86.858645,122.408918,75.2625,7.10651,-20.193451,0,0,1,0,0.002778,0,0.282051,0.285667,0.338983,0.661017,0.357798,0.511111,0.099651,0.01993,0.357798,0.393381,0.351922,0.307847
2025,Houston,1,127.553675,97.298259,63.688971,31.545002,45.984995,30,5,0,0,0.84794,0,0.397678,0.14593,0.338749,0.661251,0.281641,0.444323,0.124687,0.072503,0.344672,0.395288,0.342266,0.329173
2025,Howard,15,111.134162,105.567592,72.363281,11.530418,9.717938,1,6,1,0,0.42038,0,0.372442,0.206424,0.293578,0.706422,0.367447,0.593677,0.077733,0.041889,0.39902,0.33557,0.34032,0.334691
2025,Howard Payne,11,87.88028,106.149571,93.8,11.975943,-9.824083,0,0,0,0,0.010433,0,0.222222,0.202559,0.44,0.56,0.386207,0.469388,0.21322,0.037313,0.496552,0.257288,0.312903,0.391454
2025,Idaho,13,114.348025,106.895486,67.428788,14.691156,12.975957,3,9,0,0,0.394467,0,0.348023,0.175269,0.302785,0.697215,0.338856,0.492102,0.087185,0.041795,0.473009,0.385012,0.342967,0.338446
2025,Idaho St,5,116.112344,100.734611,66.56,12.667594,17.107547,2,10,1,0,0.499362,0,0.324523,0.160757,0.369204,0.630796,0.336097,0.510911,0.090645,0.067608,0.376451,0.388068,0.341403,0.317818
2025,Illinois,3,125.588053,97.835072,73.037121,30.934237,39.094236,16,4,0,0,0.493791,0,0.311492,0.158077,0.307199,0.692801,0.345954,0.519453,0.06016,0.057256,0.469475,0.381399,0.346094,0.340699
2025,Illinois St,3,120.33044,112.527424,66.069697,17.240692,20.829574,9,11,0,0,0.665545,0,0.375427,0.157776,0.241315,0.758685,0.298963,0.546804,0.086227,0.025685,0.479542,0.410088,0.351096,0.328348
2025,Immaculata,16,74.103504,149.55241,69.75,15.103712,-41.696263,0,0,0,0,0.000016,0,0.192308,0.172043,0.44,0.56,0.15625,0.611111,0.057348,0.057348,0.40625,0.3348,0.335766,0.30694
2025,Incarnate Word,6,114.918653,112.293662,65.550758,10.420076,14.436729,1,9,0,0,0.665786,0,0.376978,0.178904,0.340811,0.659189,0.277894,0.461279,0.104014,0.057785,0.362357,0.386426,0.331205,0.31098
2025,Indiana,2,118.054137,93.123333,69.461719,30.216777,32.041775,16,3,0,0,0.502424,0,0.321203,0.166908,0.299314,0.700686,0.330705,0.584386,0.083679,0.048138,0.332282,0.387915,0.348933,0.342917
2025,Indiana St,5,114.584051,103.122739,73.321094,15.277341,15.739835,3,8,1,0,0.441039,0,0.346939,0.190941,0.258121,0.741879,0.34448,0.572406,0.093339,0.030261,0.494161,0.390629,0.342051,0.326054
2025,Iona,7,105.463365,97.687282,68.986765,12.753142,11.959067,0,14,1,0,0.583691,0,0.317614,0.209333,0.393169,0.606831,0.278554,0.56422,0.139413,0.040929,0.34747,0.404147,0.33472,0.294489
2025,Iowa,10,125.429804,101.677044,71.412121,28.355472,30.36759,10,4,0,0,0.408373,0,0.380165,0.137062,0.270833,0.729167,0.259564,0.598417,0.09293,0.058559,0.410169,0.385116,0.336557,0.344155
2025,Iowa State,2,124.310757,93.051506,70.319697,28.650015,40.101435,20,4,0,0,0.53558,0,0.35785,0.169356,0.291702,0.708298,0.384776,0.53913,0.133158,0.049557,0.368613,0.394068,0.341643,0.321017
2025,IU Columbus,16,62.584557,131.420158,74.225,9.443824,-43.356174,0,0,0,0,0.000031,0,0.210526,0.215561,0.185185,0.814815,0.189655,0.388889,0.040418,0.040418,0.327586,0.468767,0.373576,0.337427
2025,IU Indy,8,116.185318,111.108667,66.81875,10.993823,9.443824,0,6,0,0,0.30946,0,0.373576,0.153868,0.339869,0.660131,0.337427,0.542964,0.093069,0.029932,0.468767,0.392124,0.327117,0.32577
2025,Jackson St,7,104.934783,99.390087,71.440441,14.214067,12.196409,0,9,0,0,0.781963,0,0.325826,0.193909,0.298555,0.701445,0.374621,0.497006,0.100042,0.047345,0.336704,0.381918,0.336121,0.330217
2025,Jacksonville,6,109.653314,101.992175,68.924219,14.312573,15.082269,3,7,0,0,0.488625,0,0.360429,0.190427,0.347377,0.652623,0.289351,0.515939,0.112896,0.064836,0.338701,0.410316,0.339106,0.29937
2025,James Madison,5,115.911831,104.821433,66.318548,14.036756,17.243004,6,11,0,0,0.656837,0,0.344956,0.160029,0.317073,0.682927,0.299615,0.449184,0.092904,0.047182,0.441451,0.384053,0.324756,0.336236
2025,Jamestown,11,99.348065,141.803238,64.275,21.58568,-12.214357,0,0,0,0,0.000733,0,0.315789,0.155581,0.272727,0.727273,0.160714,0.26087,0.031116,0,0.339286,0.523001,0.397906,0.334064
2025,Jax State,3,116.755962,103.501042,66.433088,15.963,21.390764,12,8,0,0,0.504064,0,0.347826,0.150527,0.285714,0.714286,0.316926,0.441441,0.073936,0.05357,0.369663,0.390231,0.33607,0.331154
2025,Jessup,11,93.181514,121.813351,73.025,11.916861,-11.883175,0,0,0,0,0.003845,0,0.290323,0.123245,0.322581,0.677419,0.292308,0.714286,0.095858,0.027388,0.476923,0.375465,0.299859,0.326075
2025,John Jay,16,63.911437,128.167077,71.325,6.348534,-39.451412,0,0,1,0,0.000099,0,0.277778,0.280407,0.354839,0.645161,0.118644,0.5,0.042061,0.042061,0.305085,0.378701,0.315501,0.25974
2025,Johnson Univ,10,89.239557,115.1345,66.3,17.952278,-4.347724,0,0,0,0,0.00702,0,0.285714,0.263952,0.280702,0.719298,0.150943,0.395349,0.067873,0.037707,0.396226,0.400294,0.344782,0.353478
2025,Johnson Wales,14,82.909224,136.445614,69.75,15.685342,-26.114613,0,0,0,0,0.000238,0,0.3125,0.236559,0.304348,0.695652,0.18018,0.292683,0.100358,0.035842,0.432432,0.38326,0.340461,0.266403
2025,Judson,16,61.209948,127.987879,78.225,25.13439,-37.665619,0,0,0,0,0.000006,0,0.142857,0.42186,0.292683,0.707317,0.211538,0.533333,0.012784,0.012784,0.269231,0.428571,0.400984,0.31418
2025,Justice,15,68.778835,128.716692,69.875,12.508914,-32.29114,0,0,0,0,0.000117,0,0.181818,0.243292,0.178571,0.821429,0.543478,0.533333,0.057245,0.042934,0.23913,0.382028,0.34663,0.343142
2025,Kansas,2,120.020523,91.406501,69.943182,31.5932,37.652021,18,3,0,0,0.412919,0,0.351506,0.167235,0.273585,0.726415,0.243243,0.608968,0.08925,0.068021,0.342506,0.398212,0.342207,0.337112
2025,Kansas Chrstn,16,51.7829,155.403892,77.225,14.759634,-70.040397,0,0,0,0,0,0,0.095238,0.233085,0.3125,0.6875,0.186441,0.428571,0.038848,0,0.355932,0.445205,0.343195,0.320864
2025,Kansas City,6,112.369914,97.928015,66.341667,9.668751,14.759634,2,7,0,0,0.34364,0,0.343195,0.179968,0.335616,0.664384,0.320864,0.498775,0.111452,0.048418,0.445205,0.423805,0.337144,0.329686
2025,Kansas St,2,113.464018,95.070898,68.46875,27.905931,28.827136,12,1,0,0,0.393867,0,0.326316,0.176632,0.298988,0.701012,0.276302,0.600481,0.109083,0.052031,0.403826,0.380904,0.337126,0.333496
2025,KCU,13,86.773585,133.026805,72.641667,13.243526,-23.889809,0,0,0,0,0.002552,0,0.297619,0.234025,0.25,0.75,0.131429,0.567164,0.087186,0.013766,0.48,0.43341,0.324157,0.339297
2025,Kean,10,95.121473,109.52385,79.65,17.08996,-0.710003,0,0,0,0,0.010259,0,0.347826,0.263653,0.214286,0.785714,0.241379,0.576923,0.150659,0.07533,0.396552,0.48739,0.355456,0.240132
2025,Kennesaw St,13,111.796723,95.748466,72.171212,16.387997,19.497072,11,5,0,0,0.510621,0,0.310383,0.189365,0.311044,0.688956,0.367735,0.512252,0.091533,0.058783,0.458417,0.381011,0.335743,0.317782
2025,Kent State,3,113.969142,103.738519,68.092424,16.268136,21.579248,7,13,0,0,0.585499,0,0.31357,0.171781,0.350082,0.649918,0.298701,0.475372,0.111257,0.047618,0.379121,0.390482,0.341757,0.32677
2025,Kentucky,9,128.048048,103.986872,73.068939,32.299517,38.810628,18,6,0,0,0.562355,0,0.373821,0.151372,0.262205,0.737795,0.358583,0.567347,0.092482,0.055158,0.417118,0.411239,0.343204,0.351197
2025,Kentucky St,11,80.126705,102.440648,78.875,15.213725,-7.586272,0,0,0,0,0.004534,0,0.291667,0.329635,0.35,0.65,0.454545,0.444444,0.126783,0.050713,0.436364,0.396711,0.334197,0.313977
2025,KY Wesleyn,9,108.709867,124.63547,69.425,18.403518,1.603501,0,0,0,0,0.012056,0,0.407407,0.288081,0.272727,0.727273,0.052632,0.724138,0.043212,0.057616,0.473684,0.399099,0.328733,0.308963
2025,LA Christian,11,66.928274,101.462736,70.075,19.978544,-10.821462,0,0,0,0,0.001207,0,0.136364,0.199786,0.25,0.75,0.298246,0.571429,0.085623,0.099893,0.385965,0.395745,0.341398,0.356383
2025,La Salle,6,109.354206,100.549102,69.887879,18.091569,15.103712,7,5,0,0,0.235891,0,0.335766,0.153493,0.322104,0.677896,0.30694,0.459172,0.103196,0.050731,0.3348,0.408913,0.332556,0.332012
2025,La Sierra,11,82.031464,114.946052,67.825,13.639473,-11.960573,0,0,1,0,0.020609,0,0.279661,0.209362,0.316547,0.683453,0.192308,0.59596,0.103207,0.02359,0.412587,0.34829,0.337304,0.346978
2025,La Verne,15,61.408776,127.541316,74.8875,20.936154,-36.363891,0,0,0,0,0.000097,0,0.285714,0.293774,0.333333,0.666667,0.261261,0.64,0.086797,0.013353,0.441441,0.435794,0.357485,0.342493
2025,Lady of Lake,11,93.710011,123.938101,69.8375,16.138399,-9.661618,0,0,0,0,0.003751,0,0.384615,0.243422,0.4,0.6,0.294643,0.7,0.128871,0.021478,0.348214,0.346161,0.364599,0.280938
2025,Lafayette,7,106.547835,99.597898,66.663636,10.772676,10.475748,0,11,0,0,0.436263,0,0.341301,0.164553,0.257713,0.742287,0.304207,0.600742,0.087277,0.052275,0.406149,0.40815,0.342761,0.305523
2025,LaGrange,14,79.413672,136.282363,75.3375,22.103487,-29.196523,0,0,0,0,0.000101,0,0.218182,0.18583,0.423729,0.576271,0.25,0.5,0.106189,0.033184,0.416667,0.408523,0.32344,0.352011
2025,Lakeland,15,82.77632,136.668971,82.025,20.54174,-32.258261,0,0,0,0,0.000031,0,0.304348,0.231637,0.166667,0.833333,0.327586,0.666667,0.060957,0.073148,0.396552,0.316142,0.30832,0.382156
2025,Lamar,4,108.703608,93.104368,67.210606,13.524931,17.840068,5,12,1,0,0.669924,0,0.352221,0.186208,0.345341,0.654659,0.283982,0.585799,0.110913,0.074393,0.329965,0.384022,0.336478,0.314529
2025,Lane,12,86.645899,124.836424,77.075,25.141843,-14.658162,0,0,0,0,0.00027,0,0.222222,0.194616,0.351351,0.648649,0.253731,0.318182,0.155693,0,0.134328,0.451702,0.320774,0.335787
2025,Le Moyne,9,107.656039,109.789842,70.951562,9.221148,3.627425,0,4,3,0,0.231342,0,0.339142,0.195556,0.275928,0.724072,0.36737,0.549637,0.097778,0.03039,0.413984,0.39255,0.334265,0.29698
2025,Lehigh,16,107.775117,101.536365,67.73,11.232638,10.559348,0,9,0,0,0.432263,0,0.370487,0.15798,0.232313,0.767687,0.311534,0.529024,0.085634,0.031005,0.378716,0.390107,0.340275,0.28901
2025,Lehman,15,72.477672,122.456602,77.975,9.213447,-31.586517,0,0,0,0,0.000229,0,0.0625,0.256492,0.419355,0.580645,0.344262,0.473684,0.089772,0.012825,0.262295,0.420863,0.335775,0.330935
2025,Lesley,15,72.710881,125.178301,75.8,7.971533,-32.828434,0,0,0,0,0.000229,0,0.3125,0.211082,0.208333,0.791667,0.131148,0.526316,0.145119,0.026385,0.52459,0.444508,0.355212,0.319222
2025,LeTourneau,10,104.03939,127.219451,70.7,20.431798,-2.868217,0,0,0,0,0.00768,0,0.395833,0.247525,0.452381,0.547619,0.210526,0.54,0.162659,0,0.421053,0.368615,0.324404,0.335647
2025,Lewis & Clark,9,100.229148,110.224773,72.7,11.265829,1.4658,0,0,0,0,0.035974,0,0.388889,0.165062,0.352941,0.647059,0.179104,0.708333,0.110041,0,0.537313,0.427564,0.345178,0.315789
2025,Liberty,2,118.719886,92.163204,67.252206,13.947151,26.038567,16,8,0,0,0.75641,0,0.389794,0.149569,0.194123,0.805877,0.293467,0.61194,0.0984,0.043296,0.485248,0.385895,0.325549,0.328515
2025,Life Pacific,14,80.064781,131.667575,72.733333,17.286043,-26.913991,0,0,0,0,0.000367,0,0.261745,0.20165,0.26087,0.73913,0.177778,0.393162,0.054995,0.013749,0.413889,0.376419,0.325819,0.343774
2025,Lincoln (MO),9,88.625929,98.448901,58.8,15.121701,6.321687,0,0,0,0,0.041721,0,0.3,0.272109,0.347826,0.652174,0.170213,0.5,0.119048,0,0.425532,0.3683,0.356808,0.346974
2025,Lincoln U (CA),15,87.456177,139.648546,81.166667,14.028503,-33.104876,0,0,0,0,0.000321,0,0.317308,0.13963,0.246377,0.753623,0.092166,0.486842,0.069815,0.008214,0.479263,0.387808,0.339106,0.318524
2025,Lindenwood,8,102.613667,97.065708,71.356818,8.289657,8.204805,0,11,3,0,0.552459,0,0.283186,0.176238,0.315877,0.684123,0.357539,0.442055,0.117633,0.056481,0.341906,0.377074,0.328559,0.321003
2025,Lindsey Wilson,10,107.238036,133.530059,67.7,15.193712,-6.606304,0,0,0,0,0.005344,0,0.461538,0.221566,0.210526,0.789474,0.235294,0.692308,0.073855,0.059084,0.254902,0.337609,0.322188,0.369933
2025,Lipscomb,3,121.182064,97.756937,68.082353,13.345481,24.048334,5,9,0,0,0.779859,0,0.358974,0.139969,0.231527,0.768473,0.306452,0.547391,0.101953,0.044928,0.471774,0.411557,0.33712,0.290912
2025,Little Rock,6,104.752706,93.723266,68.79697,11.477487,13.732028,0,11,0,0,0.503434,0,0.368782,0.201735,0.307554,0.692446,0.289335,0.530249,0.13126,0.075761,0.307814,0.38476,0.329986,0.331936
2025,Livingstone,10,94.44501,117.553518,67.925,13.257366,-5.542637,0,0,0,0,0.008724,0,0.263158,0.103055,0.194444,0.805556,0.403509,0.318182,0.058888,0.058888,0.333333,0.412058,0.310067,0.424779
2025,LMU,4,110.484083,96.943166,68.834375,20.057577,19.113799,6,9,0,0,0.322128,0,0.333775,0.151178,0.235019,0.764981,0.284797,0.515225,0.083988,0.057203,0.404176,0.390924,0.337919,0.316565
2025,Lncstr Bible,13,71.511799,109.665856,74.5125,8.762591,-21.037359,0,0,0,0,0.00286,0,0.175,0.261701,0.34,0.66,0.161017,0.380952,0.120785,0.013421,0.338983,0.380285,0.341947,0.315566
2025,Long Beach St,8,106.032654,105.045941,67.007031,16.200148,9.362608,0,4,1,0,0.086801,0,0.3488,0.21453,0.297747,0.702253,0.359835,0.494565,0.084879,0.044771,0.36808,0.393606,0.338906,0.328117
2025,Long Island,15,104.05513,95.169025,66.789394,7.573992,10.064929,0,8,2,0,0.685047,0,0.309707,0.195095,0.325939,0.674061,0.271204,0.466907,0.122048,0.053084,0.339791,0.403598,0.335246,0.320675
2025,Longwood,5,115.014334,100.433854,70.710156,12.432302,16.188561,4,9,0,0,0.260195,0,0.332258,0.176778,0.325833,0.674167,0.454098,0.504132,0.107835,0.028726,0.338798,0.380079,0.333791,0.356389
2025,Louisiana,8,103.303014,103.15647,67.061364,16.412121,8.224237,1,6,0,0,0.46239,0,0.309722,0.161318,0.311945,0.688055,0.305219,0.449141,0.109804,0.042928,0.379547,0.388849,0.330397,0.336332
2025,Louisiana Tech,4,114.625604,95.74504,67.61875,15.352464,20.552452,6,11,0,0,0.439001,0,0.339726,0.185784,0.263293,0.736707,0.341573,0.584337,0.094741,0.060542,0.410112,0.39254,0.33016,0.321562
2025,Louisville,7,122.953545,93.537802,69.341176,27.479855,35.931287,23,3,0,0,0.751561,0,0.329897,0.164998,0.298507,0.701493,0.344896,0.519084,0.092467,0.041144,0.480674,0.393689,0.344614,0.328738
2025,Loyola (LA),13,85.311217,122.505752,78.675,13.141223,-20.15879,0,0,0,0,0.000866,0,0.285714,0.216079,0.25,0.75,0.206349,0.608696,0.101684,0.025421,0.444444,0.343462,0.317226,0.343817
2025,Loyola Chicago,3,113.945164,107.134927,68.246212,17.784795,21.806427,12,10,0,0,0.667193,0,0.353827,0.178054,0.286809,0.713191,0.324367,0.608295,0.094133,0.06616,0.420359,0.414912,0.33291,0.323248
2025,Loyola MD,8,106.454515,101.642118,67.431452,10.97528,9.349516,0,9,0,0,0.342402,0,0.325284,0.177959,0.299807,0.700193,0.29511,0.549677,0.106679,0.042576,0.395728,0.399293,0.339635,0.298524
2025,LSU,2,114.134002,94.193812,70.771875,27.981346,27.431342,6,4,0,0,0.222722,0,0.304878,0.185013,0.28922,0.71078,0.324668,0.488067,0.100234,0.066675,0.435013,0.390028,0.336677,0.356032
2025,LSU Alexandria,10,78.014888,101.871798,70.6,20.552452,-3.247563,0,0,0,0,0.003845,0,0.217391,0.1983,0.351351,0.648649,0.258065,0.333333,0.084986,0.070822,0.370968,0.410112,0.339726,0.341573
2025,Lynchburg,15,51.754701,102.045597,83.875,15.019818,-32.780186,0,0,0,0,0.000071,0,0.076923,0.321908,0.369565,0.630435,0.403226,0.6,0.131148,0.09538,0.419355,0.448276,0.342657,0.337513
2025,Maine,6,108.765408,95.001902,67.219118,9.598488,14.898533,1,12,1,0,0.504761,0,0.35489,0.154018,0.245631,0.754369,0.280975,0.56439,0.134766,0.054256,0.328668,0.392298,0.33571,0.297434
2025,Maine-Augusta,15,70.809342,127.261398,77.75,14.898533,-33.901414,0,0,0,0,0.00006,0,0.294118,0.308682,0.153846,0.846154,0.188679,0.526316,0.07717,0.07717,0.320755,0.328668,0.35489,0.280975
2025,Manhatnvll,13,98.117894,152.273342,63.9,12.060515,-24.739431,0,0,0,0,0.000445,0,0.444444,0.187793,0.25,0.75,0.072727,0.727273,0.046948,0,0.490909,0.445423,0.349451,0.262359
2025,Manhattan,6,114.067061,108.080153,69.128333,11.790319,13.119394,0,13,2,0,0.601125,0,0.344371,0.170697,0.322813,0.677187,0.31288,0.570707,0.091617,0.036647,0.417358,0.392,0.342358,0.295291
2025,Manor,15,78.37408,136.095255,68.075,5.679261,-33.120702,0,0,1,0,0.000319,0,0.4,0.323173,0.15,0.85,0.414634,0.5,0.073448,0,0.487805,0.379205,0.333871,0.295413
2025,Mansfield,9,86.166335,102.924574,68.75,21.773944,2.973967,0,0,0,0,0.008724,0,0.347826,0.247273,0.172414,0.827586,0.192308,0.761905,0.058182,0.029091,0.442308,0.349488,0.312789,0.302639
2025,Marian,8,102.609392,103.432436,64.55,9.889842,8.089808,0,0,0,0,0.106029,0,0.384615,0.216886,0.32,0.68,0.36,0.454545,0.170411,0.030984,0.26,0.356647,0.293463,0.305556
2025,Marist,7,105.536458,95.96463,64.730833,10.363629,11.75701,0,15,1,0,0.391775,0,0.314152,0.184353,0.287303,0.712697,0.223715,0.557769,0.089087,0.05304,0.375584,0.400254,0.336948,0.295613
2025,Marquette,1,122.037581,93.287903,68.592424,28.448571,35.895641,17,4,0,0,0.511648,0,0.324607,0.135186,0.320638,0.679362,0.260659,0.495103,0.131652,0.053898,0.462694,0.395723,0.348006,0.325579
2025,Marshall,5,113.484301,98.182384,69.649242,13.593352,17.332746,1,15,0,0,0.668965,0,0.322181,0.166201,0.332526,0.667474,0.340818,0.545866,0.095283,0.078314,0.402695,0.3828,0.335588,0.326339
2025,Mary Baldwin,15,65.205363,121.24625,77.5,16.715783,-32.584213,0,0,0,0,0.000072,0,0.166667,0.219355,0.153846,0.846154,0.363636,0.424242,0.083871,0.019355,0.381818,0.390125,0.338607,0.376857
2025,Maryland,1,124.895532,93.5854,70.916667,27.8197,40.936371,19,6,0,0,0.68775,0,0.372061,0.144856,0.290429,0.709571,0.329238,0.504167,0.111099,0.064096,0.355283,0.391316,0.342119,0.332801
2025,Maryville TN,9,100.66674,116.739062,74.975,20.863671,1.063659,0,0,0,0,0.007413,0,0.2,0.146716,0.233333,0.766667,0.344262,0.375,0.106702,0.053351,0.409836,0.445155,0.383425,0.260698
2025,Marywood,12,84.063354,129.643352,67.85,21.210592,-16.589364,0,0,0,0,0.000377,0,0.258065,0.162122,0.4,0.6,0.090909,0.809524,0.08843,0.044215,0.469697,0.488701,0.375723,0.276836
2025,McMurry,13,79.772528,123.725087,78.625,15.339179,-24.460838,0,0,0,0,0.000304,0,0.259259,0.228935,0.192982,0.807018,0.254237,0.4,0.069952,0.019078,0.457627,0.269471,0.334536,0.362671
2025,McNeese,13,122.171498,97.157278,66.387121,16.62851,28.377068,9,15,0,0,0.850992,0,0.358974,0.162956,0.322176,0.677824,0.35192,0.510428,0.135568,0.051123,0.369279,0.384998,0.340865,0.309249
2025,MD Eastern,10,101.541836,109.349531,68.832258,10.270036,0.566826,0,1,2,0,0.240061,0,0.328638,0.193083,0.30098,0.69902,0.349425,0.48916,0.077327,0.029056,0.367241,0.348561,0.333101,0.337643
2025,ME Fort Kent,15,67.383799,124.415143,75.6,14.898533,-32.901414,0,0,0,0,0.000071,0,0.241379,0.185185,0.5,0.461538,0.213333,0.625,0.066138,0.013228,0.386667,0.328668,0.35489,0.280975
2025,Medgar Evers,16,68.204672,139.485108,76.075,3.330188,-49.469767,0,0,1,0,0.000031,0,0.142857,0.157739,0.444444,0.555556,0.25,0.35,0.07887,0.039435,0.205882,0.379063,0.30814,0.270523
2025,Memphis,2,119.359904,96.144351,72.238235,24.033293,30.336145,20,9,0,0,0.757698,0,0.379671,0.19136,0.323113,0.676887,0.394255,0.519874,0.107487,0.065144,0.331352,0.376833,0.338801,0.352531
2025,Menlo,10,92.396642,108.94564,78.225,15.622602,-2.677444,0,0,0,0,0.028514,0,0.264151,0.147012,0.31746,0.68254,0.153846,0.490909,0.115053,0.025567,0.370629,0.429855,0.34328,0.321525
2025,Mercer,6,108.210422,98.644012,73.188636,12.128438,13.207228,2,3,1,0,0.307732,0,0.321555,0.164788,0.29761,0.70239,0.289162,0.474429,0.115103,0.036021,0.401798,0.431053,0.333147,0.314748
2025,Merch Marn,15,74.178057,136.725817,69.7,11.076474,-34.723477,0,0,0,0,0.000099,0,0.208333,0.215208,0.424242,0.575758,0.190476,0.647059,0.086083,0.086083,0.380952,0.398187,0.336874,0.29003
2025,Mercy,10,112.823495,129.554554,65.6,13.119394,-0.680557,0,0,0,0,0.019442,0,0.52381,0.121951,0.391304,0.608696,0.271186,0.666667,0.137195,0.091463,0.355932,0.417358,0.344371,0.31288
2025,Mercyhurst,9,105.107668,103.041428,66.205645,7.267329,5.783483,0,7,2,0,0.653304,0,0.35082,0.163226,0.276796,0.723204,0.30828,0.570068,0.110604,0.032645,0.358191,0.39497,0.328174,0.317189
2025,Merrimack,5,106.1054,93.976295,64.912879,14.259578,16.041436,1,13,0,0,0.540899,0,0.329574,0.138647,0.248927,0.751073,0.244492,0.496823,0.146117,0.057886,0.428802,0.401472,0.334983,0.29841
2025,Miami,8,116.730038,108.679027,68.606452,25.338462,17.97073,3,3,0,0,0.294654,0,0.313202,0.159394,0.299898,0.700102,0.263926,0.469965,0.093098,0.04984,0.385073,0.387014,0.340887,0.342874
2025,Miami Hamilton,13,83.921613,133.657638,69.4,21.579248,-20.22075,0,0,0,0,0.000193,0,0.285714,0.345821,0.346154,0.653846,0.55814,0.5625,0.086455,0.014409,0.325581,0.379121,0.31357,0.298701
2025,Miami OH,10,118.05659,98.614579,70.763235,11.920748,19.491342,4,14,0,0,0.59874,0,0.397155,0.171242,0.275237,0.724763,0.274682,0.558376,0.113053,0.049876,0.446725,0.406433,0.332364,0.322626
2025,Michigan,1,121.153855,98.269564,71.108824,31.687348,37.68194,26,1,0,0,0.557046,0,0.334126,0.198122,0.284284,0.715716,0.349672,0.585288,0.076933,0.050461,0.424962,0.381404,0.345722,0.343181
2025,Michigan St,2,122.73537,97.538721,69.651515,30.090741,40.112363,25,5,0,0,0.766163,0,0.307812,0.16576,0.296804,0.703196,0.378323,0.616408,0.078747,0.064825,0.327198,0.386928,0.34288,0.335522
2025,Michigan Tech,7,109.887019,101.816298,67.075,7.269977,12.469976,0,1,0,0,0.8539,0,0.366667,0.089452,0.185185,0.814815,0.293103,0.833333,0.104361,0.074543,0.517241,0.459207,0.32868,0.367133
2025,Mid Am Chr,9,103.04819,112.336425,71.5,18.699124,5.899089,0,0,0,0,0.022739,0,0.36,0.153846,0.285714,0.714286,0.338983,0.375,0.153846,0.013986,0.423729,0.389702,0.36658,0.365977
2025,Mid Atl Chrstn,14,82.40836,131.257847,77.10625,14.977464,-27.572521,0,0,0,0,0.000266,0,0.22449,0.22696,0.247423,0.752577,0.372197,0.494382,0.106995,0.019454,0.219731,0.365766,0.347388,0.36525
2025,Middle GA St.,11,73.437973,99.454895,80.975,22.816209,-7.983794,0,0,0,0,0.001207,0,0.071429,0.259339,0.378378,0.621622,0.328125,0.3,0.135844,0,0.21875,0.447382,0.299054,0.387097
2025,Midway,14,82.593191,127.577018,78.825,13.667706,-26.132295,0,0,1,0,0.000696,0,0.246575,0.152236,0.269663,0.730337,0.2,0.376812,0.109948,0.025373,0.356098,0.404902,0.346974,0.285943
2025,Milligan,10,96.157172,109.720406,76.9875,7.529989,-3.770012,0,0,1,0,0.037952,0,0.385965,0.14288,0.226667,0.773333,0.151079,0.509434,0.07144,0.025978,0.410072,0.478241,0.328434,0.283553
2025,Milwaukee,4,116.330767,97.037498,70.374219,13.922991,20.54174,5,14,0,0,0.59037,0,0.30832,0.187835,0.368715,0.631285,0.382156,0.503859,0.109237,0.046626,0.316142,0.401463,0.344307,0.32145
2025,Minn Crook,4,104.056798,100.205366,62.175,21.58568,17.785643,0,0,0,0,0.08311,0,0.4,0.209087,0.272727,0.727273,0.25,0.5,0.080418,0.080418,0.480769,0.523001,0.397906,0.334064
2025,Minnesota,2,114.474142,97.008974,65.15,28.58197,26.025719,10,5,0,0,0.386157,0,0.322034,0.165963,0.310886,0.689114,0.314507,0.613065,0.092575,0.072429,0.359358,0.368534,0.340929,0.345655
2025,Misericordia,11,88.33811,112.108089,72.8375,11.153088,-8.646869,0,0,0,0,0.011103,0,0.325581,0.219667,0.235294,0.764706,0.3,0.5,0.096104,0.027458,0.390909,0.386409,0.365406,0.317939
2025,Miss College,12,78.601159,119.856769,74.575,20.242253,-17.89109,0,0,0,0,0.000389,0,0.295775,0.312884,0.313953,0.686047,0.186747,0.551724,0.071516,0.058107,0.427711,0.409976,0.349937,0.319609
2025,Miss for Women,14,71.578358,119.983786,65.775,2.5223,-27.277716,0,0,1,0,0.009771,0,0.230769,0.243254,0.316667,0.683333,0.163636,0.485714,0.098822,0.015203,0.354545,0.330829,0.320831,0.31839
2025,Miss Valley St,11,85.839062,117.272664,66.45,12.516498,-13.264161,0,0,5,0,0.118773,0,0.295983,0.24321,0.274194,0.725806,0.307398,0.422951,0.090293,0.029127,0.301658,0.388786,0.332377,0.335762
2025,Mississippi St,1,123.335592,97.588784,70.694697,30.045282,35.021748,15,4,0,0,0.441226,0,0.31377,0.150455,0.339952,0.660048,0.316468,0.533333,0.130309,0.065154,0.422912,0.388631,0.341441,0.367562
2025,Missouri,9,130.217856,98.364682,70.142424,28.038525,37.097343,14,6,0,0,0.428136,0,0.36962,0.152504,0.323607,0.676393,0.468487,0.494589,0.133927,0.038018,0.414916,0.39213,0.335077,0.349477
2025,Missouri S&T,10,86.478036,102.20121,79.5,17.071117,-1.728893,0,0,0,0,0.008724,0,0.333333,0.238994,0.297297,0.702703,0.322581,0.55,0.100629,0.050314,0.435484,0.333333,0.351266,0.33808
2025,Missouri St,6,108.783328,100.402388,66.373437,18.227963,15.121701,3,4,0,0,0.26536,0,0.356808,0.205749,0.319312,0.680688,0.346974,0.502577,0.111114,0.039078,0.3683,0.411287,0.3466,0.326462
2025,Mitchell,14,72.740643,122.207774,70.275,8.613049,-27.186897,0,0,0,0,0.000525,0,0.238095,0.241907,0.333333,0.666667,0.157895,0.210526,0.099609,0.042689,0.368421,0.417497,0.387268,0.220377
2025,MO So St,11,82.385802,108.45148,79.125,15.121701,-10.678313,0,0,0,0,0.002764,0,0.12,0.227488,0.342105,0.657895,0.223881,0.391304,0.075829,0.063191,0.373134,0.3683,0.356808,0.346974
2025,Mobile,16,67.740587,148.754259,67.9,21.021916,-40.778091,0,0,0,0,0.000007,0,0.272727,0.324006,0.15,0.85,0.085106,0.6,0.044183,0,0.702128,0.456676,0.325776,0.33515
2025,Monmouth,7,109.152483,104.728899,68.120455,16.868582,12.614057,1,9,1,0,0.571476,0,0.352496,0.161924,0.317616,0.682384,0.3674,0.496173,0.086745,0.065392,0.346436,0.390334,0.338619,0.318008
2025,Monmouthil,12,77.059062,117.305985,61.225,5.503872,-18.296137,0,0,1,0,0.003845,0,0.3,0.228665,0.481481,0.518519,0.2,0.352941,0.163332,0.016333,0.363636,0.375782,0.375189,0.274588
2025,Montana,4,118.398894,105.465897,68.042647,15.449926,18.672738,6,16,0,0,0.762182,0,0.359827,0.160799,0.226135,0.773865,0.353821,0.490948,0.09207,0.04798,0.369856,0.39292,0.336576,0.315084
2025,Montana St,4,112.376463,98.768563,66.764394,15.808816,17.796652,1,13,0,0,0.510967,0,0.340479,0.148873,0.222652,0.777348,0.311341,0.520958,0.095315,0.054012,0.432388,0.377402,0.334715,0.325033
2025,Montana Tech,11,90.775543,118.420667,71.225,18.672738,-7.127314,0,0,0,0,0.002764,0,0.25,0.15444,0.2,0.8,0.183333,0.666667,0.09828,0.02808,0.333333,0.369856,0.359827,0.353821
2025,Montreat,12,93.495003,132.232758,76.8625,16.2167,-19.083301,0,0,0,0,0.002702,0,0.224138,0.169133,0.292308,0.707692,0.234848,0.291667,0.058546,0,0.439394,0.49319,0.344936,0.342584
2025,Morehead St,8,103.842834,100.897267,65.860938,9.833985,7.440233,1,8,2,0,0.146649,0,0.309446,0.178881,0.308284,0.691716,0.369871,0.496626,0.084933,0.038908,0.345138,0.38102,0.331451,0.302003
2025,Morehouse,5,106.467162,95.750711,76.65,9.717938,15.917961,0,1,0,0,0.867861,0,0.441176,0.156556,0.230769,0.769231,0.208955,0.464286,0.078278,0.013046,0.507463,0.39902,0.372442,0.367447
2025,Morgan St,8,111.274857,106.665032,73.744531,8.098894,7.317663,0,6,3,0,0.410493,0,0.34023,0.183064,0.331936,0.668064,0.355634,0.436709,0.094075,0.06314,0.218813,0.351726,0.334354,0.350458
2025,Morris,16,71.659358,152.054288,78.225,12.986469,-53.81352,0,0,0,0,0.000011,0,0.3125,0.262065,0.363636,0.636364,0.181818,0.268293,0.057526,0.012784,0.264463,0.380078,0.332725,0.438698
2025,Mount Marty,12,72.574083,110.97323,70.1,18.508656,-14.291381,0,0,0,0,0.001601,0,0.263158,0.275796,0.244681,0.755319,0.17284,0.471698,0.057061,0.042796,0.351852,0.394507,0.345787,0.370586
2025,Mount Olive,13,95.046526,129.496054,86.991667,17.568921,-19.897732,0,0,0,0,0.000739,0,0.236842,0.160935,0.393939,0.606061,0.266376,0.4,0.068972,0.022991,0.331878,0.390295,0.322755,0.348218
2025,Mount St Marys,6,106.396738,103.526723,69.072794,12.981165,12.858986,1,19,1,0,0.657032,0,0.348329,0.219291,0.274005,0.725995,0.316482,0.607143,0.088994,0.040452,0.409689,0.383138,0.330116,0.296072
2025,MT ALOY,16,59.809131,123.818478,77.875,5.783483,-44.016488,0,0,1,0,0.000051,0,0.176471,0.308186,0.15,0.85,0.555556,0.333333,0.064205,0,0.377778,0.358191,0.35082,0.30828
2025,Mt Saint Mary,16,73.796713,145.967299,67.8,8.572151,-41.227799,0,0,0,0,0.000051,0,0.277778,0.339233,0.3,0.7,0.170213,0.473684,0.132743,0.058997,0.382979,0.421245,0.314286,0.252747
2025,MTSU,3,114.281173,100.583429,70.107576,17.160033,21.054137,12,8,0,0,0.579886,0,0.318066,0.162089,0.302067,0.697933,0.328016,0.455347,0.093795,0.062242,0.391825,0.399908,0.332102,0.328893
2025,Murray St,4,112.636505,96.512941,67.415909,17.318671,20.015632,5,9,0,0,0.512926,0,0.343836,0.16901,0.295272,0.704728,0.411958,0.496831,0.098889,0.044949,0.400439,0.394426,0.340892,0.334032
2025,Muskingum,14,75.43802,131.366516,74.95,17.309812,-30.490189,0,0,0,0,0.000071,0,0.269231,0.200133,0.344828,0.655172,0.028986,0.545455,0.093396,0.026684,0.376812,0.401567,0.357607,0.330026
2025,N Arizona,6,114.689374,104.577517,68.243939,10.13198,14.426053,1,13,0,0,0.418355,0,0.350327,0.149197,0.314309,0.685691,0.295601,0.534783,0.089252,0.022646,0.378151,0.394956,0.337792,0.310998
2025,N Central,10,99.570293,116.821026,77.175,21.63311,-0.166927,0,0,0,0,0.005344,0,0.333333,0.181406,0.264706,0.735294,0.19697,0.703704,0.090703,0.064788,0.409091,0.462431,0.387132,0.336359
2025,N Central (IL),11,87.161549,121.887908,71.275,20.54174,-11.258261,0,0,0,0,0.001022,0,0.444444,0.322694,0.21875,0.78125,0.176471,0.454545,0.01403,0.070151,0.352941,0.316142,0.30832,0.382156
2025,N Colorado,3,121.648905,102.734517,69.405882,14.610301,22.61597,6,15,0,0,0.69516,0,0.376486,0.15764,0.233677,0.766323,0.331967,0.540622,0.088143,0.033901,0.387807,0.396437,0.342093,0.32635
2025,N Dakota St,16,125.345695,105.069478,67.554688,15.154463,21.58568,6,12,0,0,0.495297,0,0.397906,0.153579,0.257426,0.742574,0.334064,0.551091,0.054123,0.027293,0.523001,0.392901,0.348096,0.332847
2025,N Greenville,13,78.735173,114.228193,68.925,1.111842,-20.688154,0,0,1,0,0.005344,0,0.222222,0.188611,0.277778,0.722222,0.418182,0.35,0.043526,0.043526,0.327273,0.454599,0.295039,0.345401
2025,N Illinois,9,101.97496,103.210656,72.035484,10.005673,4.173416,0,3,1,0,0.161659,0,0.334467,0.158972,0.224951,0.775049,0.301682,0.513228,0.085084,0.049259,0.478568,0.392116,0.334518,0.323859
2025,N Kentucky,6,110.43775,99.722814,68.461364,15.686449,15.213725,3,11,0,0,0.671556,0,0.334197,0.175724,0.336937,0.663063,0.313977,0.548122,0.113313,0.046919,0.396711,0.384559,0.337666,0.326717
2025,N'Western St,6,110.224354,96.400489,65.570455,15.589078,14.076564,4,8,1,0,0.572453,0,0.357895,0.197798,0.321124,0.678876,0.320065,0.550995,0.103983,0.065162,0.362595,0.372926,0.334244,0.321918
2025,Navy,7,109.350589,101.455414,66.969853,10.400463,11.188743,0,14,2,0,0.659755,0,0.337856,0.161179,0.314967,0.685033,0.334007,0.540024,0.097498,0.039965,0.37241,0.408968,0.337571,0.297502
2025,Nazareth,12,89.785942,125.711231,75.175,17.08996,-15.710003,0,0,0,0,0.000865,0,0.388889,0.17293,0.371429,0.628571,0.188406,0.434783,0.106418,0.013302,0.26087,0.48739,0.355456,0.240132
2025,NC A&T,8,104.449905,104.736865,69.495312,14.107994,7.345513,0,4,2,0,0.290966,0,0.303672,0.152888,0.297038,0.702962,0.312855,0.452592,0.088585,0.043168,0.365514,0.392893,0.337195,0.331143
2025,NC Central,7,112.97306,103.67361,71.349242,7.278258,10.375242,0,8,2,0,0.396733,0,0.350217,0.1856,0.395475,0.604525,0.380642,0.568306,0.117221,0.033552,0.34654,0.339334,0.33302,0.356531
2025,NC State,13,113.87565,97.828812,66.145161,24.665789,23.136765,4,6,0,0,0.320845,0,0.321538,0.143867,0.320565,0.679435,0.322581,0.515707,0.097537,0.057547,0.361513,0.383497,0.341117,0.326291
2025,NC Wesleyan,12,89.585244,124.999835,74.5625,18.381502,-14.418498,0,0,0,0,0.002019,0,0.307692,0.147527,0.389831,0.610169,0.443548,0.631579,0.093881,0.026823,0.314516,0.387955,0.343971,0.327739
2025,Nebraska,4,117.620744,106.931291,70.075,28.686162,31.720442,14,7,0,0,0.513301,0,0.324675,0.162038,0.261708,0.738292,0.359844,0.52457,0.101274,0.042351,0.385428,0.391747,0.342181,0.338521
2025,Nelson,14,88.616315,138.387115,80.175,14.426053,-30.373998,0,0,0,0,0.000117,0,0.266667,0.149673,0.318182,0.681818,0.188406,0.36,0.124727,0.037418,0.434783,0.378151,0.350327,0.295601
2025,Neumann,10,95.319703,115.278587,73.125,10.559348,-6.240603,0,0,0,0,0.012056,0,0.4,0.109402,0.2,0.8,0.238095,0.178571,0.095726,0.013675,0.15873,0.378716,0.370487,0.311534
2025,Nevada,2,119.191348,96.308454,65.162121,23.521906,27.12188,8,9,0,0,0.440948,0,0.340807,0.155789,0.26704,0.73296,0.373109,0.588166,0.095333,0.05534,0.37479,0.399106,0.341718,0.339449
2025,New College FL,10,96.041155,107.978436,74.0125,8.039028,-1.760982,0,0,1,0,0.048632,0,0.383333,0.175646,0.322581,0.677419,0.142857,0.490196,0.128357,0.013511,0.451128,0.338684,0.311017,0.341245
2025,New Hampshire,9,100.398541,107.185021,68.857812,11.440716,1.653261,0,5,2,0,0.378159,0,0.32549,0.192426,0.301457,0.698543,0.268162,0.465026,0.082144,0.034491,0.408654,0.39415,0.337222,0.287811
2025,New Mexico,1,118.65587,93.523987,73.593939,23.608717,33.065838,18,8,0,0,0.594701,0,0.347181,0.155233,0.311488,0.688512,0.371826,0.522466,0.120646,0.069587,0.322952,0.390524,0.337584,0.335495
2025,New Mexico St,4,108.850068,91.595726,67.646094,16.795687,20.414418,9,5,0,0,0.533535,0,0.321127,0.160763,0.316361,0.683639,0.334037,0.473952,0.09424,0.034185,0.37467,0.382765,0.330608,0.344461
2025,New Orleans,9,103.661486,111.237599,69.965323,18.882283,5.056466,2,2,0,0,0.063665,0,0.304425,0.188112,0.339674,0.660326,0.338587,0.501319,0.104199,0.037346,0.307065,0.390047,0.338112,0.318168
2025,Newberry,11,70.111441,102.823532,71.125,17.541602,-11.258385,0,0,0,0,0.005265,0,0.290323,0.281195,0.27027,0.72973,0.277778,0.514286,0.077329,0.02812,0.287037,0.413666,0.335015,0.312512
2025,Niagara,8,107.481281,104.211628,66.072581,11.087561,8.429537,0,7,1,0,0.346863,0,0.353024,0.185524,0.244491,0.755509,0.307414,0.522088,0.094227,0.033687,0.428571,0.382324,0.32899,0.299422
2025,Nicholls,4,111.179261,95.14904,69.600758,13.757259,18.30876,3,12,0,0,0.596726,0,0.345679,0.15282,0.317562,0.682438,0.329383,0.430219,0.115812,0.056164,0.36,0.370606,0.329034,0.302143
2025,NJIT,9,100.582294,104.754452,67.426613,10.852729,3.330188,0,4,2,0,0.233895,0,0.30814,0.179407,0.302727,0.697273,0.270523,0.429752,0.070806,0.05454,0.379063,0.358787,0.334391,0.315103
2025,NM Highlands,11,75.22507,103.932887,83.725,20.414418,-12.385603,0,0,0,0,0.000865,0,0.25641,0.262765,0.411765,0.588235,0.508197,0.625,0.203046,0.035832,0.639344,0.37467,0.321127,0.334037
2025,Nobel,13,81.258037,128.790811,71.65,12.845713,-24.454332,0,0,1,0,0.000771,0,0.266667,0.237264,0.367347,0.632653,0.245614,0.410256,0.139567,0.020935,0.394737,0.3253,0.309882,0.378585
2025,Norfolk St,5,114.880521,100.429569,69.216176,9.292618,17.064058,1,14,0,0,0.670968,0,0.330922,0.178894,0.291525,0.708475,0.388137,0.503191,0.100283,0.043767,0.287721,0.353684,0.331543,0.344394
2025,North Alabama,3,120.688619,102.024975,68.169853,13.102547,21.159684,1,14,0,0,0.692074,0,0.352547,0.127277,0.326625,0.673375,0.314528,0.424335,0.112177,0.048754,0.350729,0.41899,0.338039,0.294515
2025,North Carolina,8,123.647092,100.609614,71.232143,29.186153,34.980753,17,6,0,0,0.708084,0,0.353393,0.151216,0.267134,0.732866,0.348341,0.510448,0.082627,0.052143,0.370142,0.391667,0.340979,0.331594
2025,North Dakota,6,114.793139,107.312226,70.591667,15.225038,12.885611,5,4,0,0,0.406127,0,0.326113,0.160977,0.351004,0.648996,0.328178,0.450501,0.080703,0.034771,0.401643,0.407819,0.346314,0.327585
2025,North Florida,7,116.626634,109.700872,74.049219,13.57152,11.965268,3,5,2,0,0.405539,0,0.356582,0.151082,0.313537,0.686463,0.243294,0.551907,0.085247,0.04389,0.539765,0.390271,0.329815,0.30362
2025,North Texas,2,118.480278,104.87885,60.776562,18.402255,25.791136,13,11,0,0,0.670074,0,0.357143,0.170707,0.311429,0.688571,0.366828,0.455034,0.12546,0.040106,0.372881,0.376772,0.33655,0.344037
2025,Northeastern,5,109.410565,98.198357,67.314063,15.088956,15.72648,0,15,0,0,0.501941,0,0.336957,0.185232,0.311009,0.688991,0.280303,0.497006,0.112347,0.070101,0.348485,0.386851,0.336523,0.303766
2025,Northeastern St,9,99.248726,109.810508,71.75,12.786305,1.986298,0,0,0,0,0.03094,0,0.375,0.222997,0.2,0.8,0.172414,0.555556,0.055749,0.027875,0.413793,0.425654,0.322263,0.337696
2025,Northern Iowa,13,118.607726,99.319632,65.646875,18.577821,23.905083,11,6,0,0,0.588996,0,0.37013,0.159947,0.248113,0.751887,0.352332,0.522353,0.08997,0.045699,0.354634,0.40001,0.352008,0.334283
2025,Northern NM,10,82.529955,107.419967,72.3875,18.714247,-5.58578,0,0,0,0,0.014232,0,0.355932,0.269384,0.285714,0.714286,0.261261,0.47561,0.103609,0.03799,0.265766,0.408736,0.344478,0.314858
2025,Northwest U,11,79.054507,108.240844,76.35,16.308788,-11.491256,0,0,0,0,0.002234,0,0.34375,0.281598,0.229508,0.770492,0.525253,0.368421,0.065488,0.045842,0.323232,0.420774,0.335399,0.382602
2025,Northwestern,2,118.406096,93.070779,66.946212,29.209607,31.900515,13,4,0,0,0.438348,0,0.332834,0.148921,0.324057,0.675943,0.313173,0.55814,0.103204,0.052507,0.341876,0.385631,0.344951,0.333605
2025,Notre Dame,3,117.199702,99.399123,67,25.106339,24.869983,8,5,0,0,0.450007,0,0.35452,0.165536,0.284111,0.715889,0.317628,0.441833,0.08322,0.026232,0.374801,0.390024,0.340049,0.328294
2025,Notre Dame MD,13,76.374172,118.424882,79.3125,12.875885,-24.424066,0,0,0,0,0.000529,0,0.225,0.264775,0.457627,0.542373,0.275591,0.585366,0.176517,0.018913,0.314961,0.429246,0.347708,0.310202
2025,NW Indian,16,59.073077,130.870138,75.94375,16.411808,-43.638245,0,0,0,0,0.00003,0,0.175676,0.240309,0.283465,0.716535,0.114625,0.626866,0.052671,0.01646,0.29249,0.375649,0.343441,0.332433
2025,Oakland,5,112.580103,101.998657,66.313235,17.270629,16.647099,5,10,0,0,0.593333,0,0.305024,0.180072,0.341646,0.658354,0.311992,0.511059,0.098907,0.04524,0.424797,0.386775,0.337826,0.335099
2025,Oakwood,15,81.617151,121.049516,89.0625,-5.805634,-34.105647,0,0,2,0,0.006163,0,0.338983,0.26386,0.321429,0.678571,0.447154,0.530612,0.134737,0.016842,0.479675,0.356068,0.307223,0.34139
2025,Occidental,13,80.460748,134.234406,71.9625,31.37176,-19.928277,0,0,0,0,0.000047,0,0.285714,0.264026,0.275362,0.724638,0.201754,0.722222,0.03474,0.013896,0.368421,0.451638,0.350476,0.319586
2025,Oglethorpe,15,71.365855,135.653392,77.2875,20.912216,-36.887791,0,0,0,0,0.000082,0,0.173077,0.187611,0.156863,0.843137,0.318966,0.424242,0.071163,0.012939,0.448276,0.451496,0.342747,0.335835
2025,Ohio,5,115.917361,101.396513,71.94375,14.228562,17.309812,4,9,0,0,0.418056,0,0.357607,0.15116,0.245763,0.754237,0.330026,0.500556,0.100339,0.041265,0.401567,0.38275,0.338269,0.321592
2025,Ohio Christian,11,90.826946,121.348205,70.225,15.392252,-10.407745,0,0,0,0,0.002764,0,0.333333,0.227839,0.416667,0.583333,0.186441,0.454545,0.0712,0.01424,0.457627,0.376556,0.384298,0.270228
2025,Ohio State,10,122.876507,93.922648,70.269531,30.625936,35.307185,11,6,0,0,0.40751,0,0.367606,0.155206,0.283194,0.716806,0.35828,0.480638,0.092501,0.051142,0.376858,0.39098,0.341489,0.340266
2025,Ohio Weslyan,10,93.442016,123.623853,66.8,23.17907,-4.62093,0,0,0,0,0.001985,0,0.344828,0.239521,0.259259,0.740741,0.148148,0.52381,0.08982,0,0.537037,0.461083,0.364265,0.259445
2025,Oklahoma,1,122.896039,99.448771,70.038636,29.478526,32.37264,13,4,0,0,0.43182,0,0.36965,0.172632,0.259924,0.740076,0.39598,0.520138,0.111627,0.032882,0.418794,0.398043,0.336153,0.357867
2025,Oklahoma St,3,111.782421,107.262274,71.246875,28.262821,24.611383,11,6,0,0,0.484559,0,0.324534,0.192114,0.318996,0.681004,0.416349,0.517286,0.126321,0.039037,0.350954,0.391164,0.343614,0.32818
2025,Old Dominion,8,106.382029,102.277915,66.793571,13.562649,9.596937,1,10,1,0,0.399504,0,0.287599,0.171103,0.371747,0.628253,0.315566,0.439809,0.082557,0.050475,0.357547,0.393082,0.331155,0.328242
2025,Old Westbury,11,85.115623,108.971781,77.8,15.497446,-8.302529,0,0,0,0,0.003845,0,0.416667,0.192802,0.15,0.85,0.125,0.608696,0.064267,0.025707,0.375,0.430951,0.340399,0.256314
2025,Ole Miss,1,121.252973,100.940369,69.95,31.184055,36.211828,17,7,0,0,0.483123,0,0.34128,0.127364,0.278643,0.721357,0.356026,0.534778,0.125631,0.055018,0.401916,0.400166,0.340337,0.354495
2025,Omaha,4,118.110849,105.826476,69.452206,16.339155,18.699124,7,12,0,0,0.679137,0,0.36658,0.157535,0.277916,0.722084,0.365977,0.492958,0.085967,0.034726,0.389702,0.408006,0.344453,0.331108
2025,Oral Roberts,8,111.154708,109.021684,68.975,13.817125,8.723759,1,3,0,0,0.227733,0,0.362225,0.168177,0.268085,0.731915,0.348494,0.414634,0.072007,0.033829,0.456586,0.418273,0.344392,0.312189
2025,Oregon,1,121.086253,98.295788,68.995455,30.36179,35.590351,22,3,0,0,0.769695,0,0.340027,0.163384,0.287298,0.712702,0.33385,0.544118,0.103652,0.0549,0.386047,0.383421,0.340894,0.343695
2025,Oregon St,2,122.717757,100.804965,65.946875,20.134282,26.631223,5,13,0,0,0.429986,0,0.367742,0.165853,0.282507,0.717493,0.382808,0.553318,0.099512,0.047387,0.355301,0.388824,0.332676,0.321051
2025,Ouachita Bapt,10,91.564201,116.959391,65.7,13.732028,-6.067976,0,0,0,0,0.007413,0,0.35,0.273973,0.291667,0.708333,0.244898,0.619048,0.121766,0.015221,0.408163,0.307814,0.368782,0.289335
2025,Ozark Chrstn,16,69.404027,139.126779,73.85,8.723759,-44.076278,0,0,0,0,0.000031,0,0.214286,0.257278,0.275862,0.724138,0.1,0.526316,0.081246,0.013541,0.466667,0.456586,0.362225,0.348494
2025,Pacific,7,107.640588,103.998455,68.656061,18.129013,11.916861,4,1,0,0,0.298375,0,0.299859,0.18935,0.294425,0.705575,0.326075,0.514042,0.082978,0.041489,0.375465,0.393687,0.334924,0.325304
2025,Pacific Or,16,67.7953,146.81183,72.225,19.641619,-44.158414,0,0,0,0,0.000005,0,0.208333,0.166147,0.217391,0.782609,0.183333,0.666667,0.055382,0.027691,0.4,0.368538,0.322775,0.426348
2025,Park U Gilbert,14,73.008233,121.661524,75.5125,11.844177,-27.955866,0,0,0,0,0.000547,0,0.283019,0.238371,0.341772,0.658228,0.142857,0.641026,0.066214,0.066214,0.398496,0.352101,0.331521,0.326512
2025,Paul Quinn,16,54.742869,124.240965,86.6,17.840068,-49.959949,0,0,0,0,0.000003,0,0.166667,0.357968,0.15,0.85,0.301887,0.4375,0.057737,0.011547,0.226415,0.329965,0.352221,0.283982
2025,Penn,15,108.480248,107.870101,67.911111,17.310805,9.496029,0,6,0,0,0.245677,0,0.325714,0.163613,0.281553,0.718447,0.288973,0.557057,0.072535,0.025633,0.443599,0.407555,0.347,0.300187
2025,Penn State,2,120.206459,93.652236,71.225806,26.159242,31.410863,8,6,0,0,0.333813,0,0.342593,0.173913,0.278469,0.721531,0.379464,0.578089,0.113225,0.057065,0.361607,0.384528,0.341848,0.325629
2025,Penn State-She,15,78.415685,132.671067,79.825,12.86858,-34.431401,0,0,0,0,0.00008,0,0.203704,0.106483,0.233333,0.766667,0.093333,0.425532,0.068901,0.025055,0.36,0.44036,0.329439,0.29454
2025,Pepperdine,5,112.510724,103.555073,69.304286,19.920006,16.188546,3,8,1,0,0.388023,0,0.34072,0.159133,0.286297,0.713703,0.314423,0.6013,0.087812,0.039577,0.347115,0.381826,0.336976,0.323144
2025,Pfeiffer,12,76.117178,115.983048,71.8375,20.604748,-15.195235,0,0,0,0,0.001062,0,0.282051,0.271446,0.333333,0.666667,0.308411,0.571429,0.055681,0.01392,0.364486,0.401127,0.342892,0.337401
2025,Piedmont,15,87.544841,136.979668,80.8375,11.554259,-31.745732,0,0,1,0,0.00072,0,0.291667,0.185557,0.320755,0.679245,0.24812,0.408163,0.080408,0.043297,0.360902,0.381784,0.323912,0.391086
2025,Pitt,2,121.803385,95.892837,67.396094,26.350504,30.881758,12,5,0,0,0.355045,0,0.345953,0.147913,0.294007,0.705993,0.341977,0.514388,0.108037,0.061205,0.41383,0.393982,0.341251,0.331959
2025,Pitt-Bradford,14,66.607917,97.85757,100.325,5.195664,-26.604328,0,0,1,0,0.001022,0,0.170732,0.279093,0.368421,0.631579,0.084337,0.576923,0.20932,0.029903,0.493976,0.439319,0.30375,0.338276
2025,Plattsburgh,11,80.80741,103.722593,72.075,12.851458,-6.948492,0,0,0,0,0.007413,0,0.2,0.24974,0.413793,0.586207,0.293103,0.380952,0.166493,0.013874,0.258621,0.433203,0.330323,0.303522
2025,Point,11,84.074759,116.850555,75.65,21.159684,-11.640322,0,0,0,0,0.000865,0,0.304348,0.264375,0.363636,0.636364,0.229508,0.571429,0.066094,0,0.377049,0.350729,0.352547,0.314528
2025,Portland,7,109.916168,107.11273,70.670312,19.165855,11.265829,2,8,0,0,0.503644,0,0.345178,0.180415,0.245614,0.754386,0.315789,0.616149,0.065887,0.043777,0.427564,0.388762,0.341531,0.308987
2025,Portland St,5,111.321422,95.400949,70.217969,10.600222,16.668926,4,12,0,0,0.592395,0,0.326829,0.181132,0.328244,0.671756,0.321429,0.512596,0.117491,0.069872,0.318323,0.389462,0.337901,0.320378
2025,PR-Bayamon,10,78.832315,92.368747,75.35,12.892784,-4.107167,0,0,0,0,0.019442,0,0.1,0.265428,0.275862,0.724138,0.509804,0.352941,0.119443,0.039814,0.196078,0.448802,0.347087,0.303922
2025,PR-Mayaguez,15,72.513412,123.578464,72.925,11.285197,-31.714752,0,0,0,0,0.00027,0,0.263158,0.260542,0.368421,0.631579,0.46,0.235294,0.054851,0.013713,0.38,0.360078,0.32337,0.289139
2025,PR-Rio Piedras,12,96.300917,140.650201,60.35,14.759634,-18.240397,0,0,0,0,0.001425,0,0.277778,0.21541,0.357143,0.642857,0.65,0.526316,0.04971,0.01657,0.45,0.445205,0.343195,0.320864
2025,Prairie View,16,104.131788,111.088384,71.482031,11.983099,2.114335,0,1,2,0,0.136531,0,0.318612,0.166563,0.316555,0.683445,0.341295,0.47561,0.113228,0.044592,0.336518,0.363148,0.332245,0.329597
2025,PRATT,16,61.835811,138.094769,72.025,10.064929,-46.735038,0,0,0,0,0.000016,0,0.217391,0.402638,0.354839,0.645161,0.422222,0.75,0.041652,0,0.511111,0.339791,0.309707,0.271204
2025,Presbyterian,6,114.330012,105.227849,67.180469,10.477908,14.041551,2,8,1,0,0.515047,0,0.368504,0.158156,0.300278,0.699722,0.317691,0.488479,0.10001,0.047912,0.342503,0.388619,0.323046,0.359315
2025,Princeton,5,113.051442,99.747663,68.468333,15.736595,17.08996,4,13,0,0,0.483261,0,0.355456,0.152382,0.286982,0.713018,0.240132,0.575221,0.107592,0.031645,0.48739,0.401387,0.350818,0.292672
2025,Providence,3,116.231512,99.320245,66.732812,26.634176,24.977941,5,7,0,0,0.159017,0,0.356115,0.190592,0.305228,0.694772,0.29569,0.511772,0.074457,0.051043,0.454992,0.397661,0.345778,0.315267
2025,PSU Altoona,12,71.364804,102.666468,73.55,5.783483,-17.016488,0,0,1,0,0.004534,0,0.375,0.353501,0.322581,0.677419,0.367347,0.466667,0.081577,0.095173,0.326531,0.358191,0.35082,0.30828
2025,PSU Fayette,13,77.569137,118.651794,68.8,5.679261,-22.120702,0,0,1,0,0.001985,0,0.37931,0.218023,0.15,0.85,0.16,0.5,0.116279,0.05814,0.58,0.379205,0.333871,0.295413
2025,PSU Schuylkill,13,92.986235,133.790912,76.433333,10.23916,-23.227475,0,0,1,0,0.004913,0,0.255319,0.226777,0.325,0.675,0.397661,0.27027,0.104666,0.008722,0.274854,0.42537,0.347704,0.285785
2025,PSU Scranton,16,41.513433,156.115026,75.9,5.679261,-81.120702,0,0,1,0,0,0,0.136364,0.382082,0.15,0.85,0.085106,0.333333,0.013175,0,0.468085,0.379205,0.333871,0.295413
2025,PSU York,12,89.381186,120.186012,76.825,9.919005,-15.880946,0,0,0,0,0.002764,0,0.266667,0.143183,0.3125,0.6875,0.397059,0.142857,0.03905,0.052066,0.220588,0.386541,0.387314,0.311946
2025,Pur-Calmet,14,87.014323,130.3513,84.65,15.720612,-27.079385,0,0,0,0,0.000164,0,0.137931,0.165387,0.428571,0.571429,0.184211,0.413793,0.094507,0.023627,0.381579,0.337576,0.32459,0.362479
2025,Purchase,14,98.462802,144.923442,75.6,9.213447,-27.586517,0,0,0,0,0.000445,0,0.292683,0.171958,0.444444,0.555556,0.225352,0.5,0.119048,0.026455,0.577465,0.420863,0.335775,0.330935
2025,Purdue,1,128.140602,104.091038,66.587121,31.951052,38.395495,21,3,0,0,0.508905,0,0.384507,0.15564,0.294007,0.705993,0.346216,0.577218,0.098299,0.025485,0.381106,0.377844,0.342859,0.342495
2025,Purdue FW,4,117.751233,100.074454,71.315625,13.045739,19.339491,3,13,0,0,0.419674,0,0.370787,0.134087,0.250774,0.749226,0.284399,0.472767,0.121818,0.038999,0.455243,0.394639,0.333036,0.323557
2025,Queens,14,112.488633,111.714849,70.276562,12.539821,15.019818,2,7,0,0,0.502252,0,0.342657,0.178758,0.311927,0.688073,0.337513,0.596698,0.092492,0.076484,0.448276,0.40832,0.330651,0.302142
2025,Quinnipiac,6,107.592386,95.485318,71.580303,12.397126,15.142628,0,17,1,0,0.585008,0,0.295958,0.179921,0.308789,0.691211,0.312932,0.52662,0.115149,0.065195,0.378578,0.389638,0.332769,0.287401
2025,Radford,4,118.044452,102.610319,65.301515,13.629607,17.769009,2,13,0,0,0.604625,0,0.364458,0.173554,0.321337,0.678663,0.398235,0.453883,0.084921,0.047797,0.366244,0.382968,0.331442,0.352614
2025,Rand Macon,10,81.734418,97.816704,70.175,9.596937,-3.203059,0,0,0,0,0.022739,0,0.32,0.199501,0.333333,0.666667,0.213115,0.736842,0.156751,0.01425,0.409836,0.357547,0.287599,0.315566
2025,Randall,16,71.010289,146.58862,73.3,9.941695,-47.358326,0,0,1,0,0.000015,0,0.242857,0.197817,0.206897,0.793103,0.131148,0.617647,0.05457,0,0.57377,0.433831,0.307385,0.359669
2025,Randolph,8,96.1216,99.422131,75.175,16.188561,8.388572,0,0,0,0,0.048245,0,0.361111,0.186232,0.15,0.85,0.220339,0.75,0.026605,0.026605,0.610169,0.338798,0.332258,0.454098
2025,Regent,14,84.639538,134.568754,75.575,13.734692,-28.065293,0,0,0,0,0.000282,0,0.277228,0.2073,0.291667,0.708333,0.166667,0.590909,0.083802,0.026464,0.543011,0.394808,0.330233,0.368727
2025,Regis College,13,67.553325,112.032785,71.275,8.613049,-24.186897,0,0,0,0,0.000865,0,0.142857,0.168362,0.315789,0.684211,0.134328,0.5,0.098211,0.02806,0.522388,0.417497,0.387268,0.220377
2025,Rhode Island,4,114.393819,98.235379,72.016935,17.260484,19.473412,7,9,0,0,0.329815,0,0.350669,0.179617,0.268103,0.731897,0.425926,0.519324,0.082418,0.046584,0.377666,0.392564,0.341091,0.322043
2025,Rhodes,14,76.387675,128.311392,77.675,21.459843,-27.340165,0,0,0,0,0.000074,0,0.174603,0.315417,0.323529,0.676471,0.224138,0.473684,0.04506,0.032185,0.543103,0.42582,0.341236,0.307944
2025,Rice,5,111.458413,99.94357,66.490625,16.449775,16.149771,1,10,1,0,0.276848,0,0.329942,0.177187,0.322159,0.677841,0.434196,0.506684,0.070029,0.046529,0.386952,0.366194,0.33561,0.34646
2025,Richmond,6,107.141356,102.102322,66.295312,18.309618,12.953386,2,6,0,0,0.313297,0,0.313676,0.15414,0.208835,0.791165,0.310602,0.51166,0.090033,0.031111,0.456734,0.406354,0.33427,0.332066
2025,Rider,8,106.872328,105.066278,65.499242,13.088769,8.949415,0,12,4,0,0.559248,0,0.311734,0.171179,0.32626,0.67374,0.296199,0.511057,0.081889,0.04719,0.301478,0.394609,0.33446,0.300565
2025,Rivier,16,78.479138,139.156885,79.95,13.380043,-39.419907,0,0,0,0,0.000031,0,0.242424,0.125078,0.235294,0.764706,0.027397,0.4,0.062539,0,0.452055,0.346717,0.353678,0.340749
2025,Robert Morris,4,114.706881,99.016616,70.156618,14.748742,20.354463,6,17,0,0,0.848945,0,0.350136,0.1853,0.332019,0.667981,0.3835,0.604883,0.090973,0.064561,0.367,0.403468,0.335412,0.309926
2025,Rockford,10,99.387114,121.097057,67.125,11.550307,-5.249708,0,0,0,0,0.012056,0,0.333333,0.253259,0.392857,0.607143,0.277778,0.434783,0.134078,0.05959,0.333333,0.438677,0.326398,0.312037
2025,Rogers State,6,114.523429,106.801288,61.9,8.723759,12.923722,0,1,0,0,0.83955,0,0.470588,0.129241,0.181818,0.818182,0.071429,0.517241,0.113086,0.096931,0.303571,0.456586,0.362225,0.348494
2025,Rosemont,15,72.316397,135.158812,65.55,10.475748,-32.324202,0,0,0,0,0.000164,0,0.142857,0.350877,0.217391,0.782609,0.461538,0.533333,0.030511,0.030511,0.358974,0.406149,0.341301,0.304207
2025,Rust,13,86.244741,135.099132,75.9,20.552452,-24.247563,0,0,0,0,0.000117,0,0.333333,0.158103,0.269231,0.730769,0.057971,0.608696,0.092227,0,0.521739,0.410112,0.339726,0.341573
2025,Rutgers,2,119.115523,99.44464,70.732812,29.174212,28.142969,9,5,0,0,0.403937,0,0.328592,0.154189,0.317095,0.682905,0.362042,0.477457,0.099406,0.055225,0.362558,0.386552,0.342421,0.338578
2025,S Dakota St,3,119.833632,99.74116,69.708594,16.279362,22.141829,5,13,0,0,0.578986,0,0.35019,0.173042,0.290598,0.709402,0.306144,0.493976,0.067244,0.037657,0.408363,0.404026,0.344467,0.33265
2025,S Illinois,5,112.309641,101.497941,68.923485,18.774155,17.071117,5,6,0,0,0.410798,0,0.351266,0.181141,0.28815,0.71185,0.33808,0.533714,0.09101,0.043527,0.333333,0.409877,0.352675,0.33381
2025,S Virginia,12,79.124308,119.759154,71.65,12.7308,-19.569195,0,0,0,0,0.002754,0,0.210526,0.237264,0.190476,0.809524,0.259259,0.475,0.118632,0.04187,0.351852,0.382485,0.355669,0.370992
2025,S Wesleyan,13,81.12332,118.245765,79.25,4.651576,-24.148415,0,0,1,0,0.001682,0,0.157895,0.164038,0.228571,0.771429,0.5,0.181818,0.100946,0.012618,0.316667,0.374034,0.305785,0.31221
2025,Sacramento St,8,104.254655,102.357793,66.186719,12.017886,7.605341,0,4,1,0,0.157311,0,0.328321,0.199247,0.282243,0.717757,0.310741,0.560322,0.089708,0.045798,0.458357,0.386189,0.332329,0.324209
2025,Sacred Heart,7,111.99305,103.292529,70.139394,11.133195,12.060515,0,8,0,0,0.428601,0,0.349451,0.175408,0.31807,0.68193,0.262359,0.611173,0.104986,0.04234,0.445423,0.398253,0.339158,0.284724
2025,Saint Francis,8,107.414371,104.935696,68.212121,8.998856,8.940061,0,7,3,0,0.656082,0,0.33875,0.188805,0.255793,0.744207,0.231092,0.534169,0.092848,0.035096,0.420168,0.387052,0.328659,0.30276
2025,Saint Joseph's,2,116.740978,96.045956,68.613235,19.766369,25.463533,11,10,0,0,0.687578,0,0.339785,0.165892,0.284695,0.715305,0.323323,0.563986,0.093877,0.080588,0.465465,0.394157,0.342428,0.326916
2025,Saint Louis,10,115.11458,100.546524,68.457576,19.167363,21.849728,9,7,0,0,0.495322,0,0.353645,0.185472,0.216495,0.783505,0.304158,0.570608,0.0934,0.045593,0.502735,0.401983,0.327679,0.329981
2025,Saint Mary's,5,123.180822,92.846063,64.021212,23.861304,35.021283,19,9,0,0,0.757442,0,0.323217,0.152885,0.353389,0.646611,0.311768,0.571588,0.097506,0.061533,0.335711,0.405498,0.343044,0.319398
2025,Saint Peter's,7,103.725387,96.499798,65.81875,9.857171,10.528645,1,7,0,0,0.493167,0,0.32947,0.206737,0.361457,0.638543,0.343454,0.463141,0.103097,0.054804,0.382037,0.391122,0.331097,0.293884
2025,Sam Houston,5,114.220099,103.006937,69.685156,17.428203,17.040691,6,4,0,0,0.491617,0,0.38764,0.18162,0.30558,0.69442,0.357412,0.498186,0.091931,0.041705,0.383827,0.387884,0.332587,0.324672
2025,Samford,3,119.738982,102.08432,72.678906,14.47161,21.865549,7,7,0,0,0.416371,0,0.364407,0.176289,0.362218,0.637782,0.287871,0.556962,0.137162,0.051597,0.459815,0.431158,0.334224,0.320524
2025,San Diego,8,104.742104,104.034716,71.745455,20.017143,9.889842,0,6,0,0,0.214519,0,0.293463,0.185842,0.336572,0.663428,0.305556,0.458537,0.10348,0.049839,0.356647,0.386988,0.339905,0.329777
2025,San Diego St,2,114.522831,91.210811,66.915,24.620941,30.233819,13,7,0,0,0.583727,0,0.334783,0.16389,0.287194,0.712806,0.314021,0.513055,0.114573,0.081696,0.399768,0.395046,0.337073,0.338216
2025,San Fran St,14,69.317152,120.400924,75.375,19.892172,-25.907875,0,0,0,0,0.000099,0,0.259259,0.172471,0.275862,0.724138,0.073529,0.611111,0.079602,0,0.397059,0.472237,0.380739,0.302485
2025,San Francisco,2,117.062334,98.247625,69.315152,21.569571,27.603835,14,8,0,0,0.588889,0,0.33774,0.171374,0.290878,0.709122,0.346194,0.519406,0.097053,0.049401,0.433785,0.391084,0.342315,0.318661
2025,San José St,4,113.252692,104.551488,67.829412,19.430057,17.835743,5,8,1,0,0.326099,0,0.345387,0.170844,0.278163,0.721837,0.303279,0.510345,0.087156,0.045529,0.410861,0.400933,0.339312,0.332251
2025,Santa Barbara,4,116.178854,97.689407,66.932353,14.674565,19.892172,5,11,0,0,0.491005,0,0.380739,0.182801,0.262793,0.737207,0.302485,0.580571,0.090082,0.046579,0.472237,0.381305,0.343298,0.332627
2025,Santa Clara,8,122.948804,101.791663,70.664844,22.643429,31.049286,13,8,0,0,0.630388,0,0.376764,0.170258,0.30033,0.69967,0.288832,0.584783,0.09331,0.043338,0.467513,0.389281,0.338313,0.328907
2025,Sarah Lawrence,15,70.135318,128.640339,69.425,11.076474,-31.723477,0,0,0,0,0.000164,0,0.285714,0.244869,0.304348,0.695652,0.051724,0.611111,0.086424,0.014404,0.482759,0.398187,0.336874,0.29003
2025,SC State,5,112.932239,94.982209,72.115909,7.634373,17.210142,0,10,0,0,0.869797,0,0.361669,0.197073,0.350215,0.649785,0.429387,0.569845,0.131522,0.048743,0.335929,0.343775,0.335719,0.349211
2025,SC Upstate,9,105.04651,107.556046,74.464062,13.201569,4.651576,0,2,0,0,0.137414,0,0.305785,0.190108,0.275322,0.724678,0.31221,0.483541,0.101559,0.031055,0.374034,0.38061,0.332345,0.366658
2025,Schreiner,15,71.0628,125.87021,77.4375,16.711194,-31.588822,0,0,0,0,0.000124,0,0.276596,0.290557,0.347826,0.652174,0.219298,0.472222,0.103309,0.045198,0.412281,0.327939,0.360041,0.315819
2025,SD Mines,12,81.711411,124.159115,62.175,12.885611,-15.914426,0,0,0,0,0.001682,0,0.368421,0.17692,0.352941,0.647059,0.22807,0.5,0.048251,0.064335,0.333333,0.401643,0.326113,0.328178
2025,SE Louisiana,5,111.103757,97.604642,68.217187,13.263763,16.638749,3,10,0,0,0.507168,0,0.329392,0.17087,0.304272,0.695728,0.346278,0.458738,0.101697,0.033899,0.31931,0.382887,0.331316,0.304746
2025,SE Missouri,5,108.932008,92.563841,69.991667,9.157531,16.127223,0,13,0,0,0.778165,0,0.333333,0.152399,0.254346,0.745654,0.279129,0.497225,0.116464,0.051521,0.367781,0.382662,0.327391,0.314661
2025,Seattle Pac,7,93.689962,97.638324,72.65,23.855108,12.055099,0,0,0,0,0.02655,0,0.466667,0.275292,0.15,0.85,0.285714,0.478261,0.055058,0.082588,0.306122,0.357425,0.344392,0.351779
2025,Seattle U,4,108.807722,92.033895,68.135156,15.510397,19.641619,3,9,0,0,0.505715,0,0.322775,0.166948,0.315742,0.684258,0.426348,0.517426,0.11879,0.046782,0.368538,0.363368,0.332056,0.354523
2025,Seton Hall,5,103.702521,98.266389,65.232812,26.654293,17.52931,4,1,0,0,0.118418,0,0.311688,0.191621,0.360442,0.639558,0.328814,0.507062,0.124554,0.051738,0.30452,0.411096,0.34501,0.311134
2025,SF Austin,7,101.558787,94.027317,68.990323,14.299444,12.486528,2,7,0,0,0.477226,0,0.289833,0.225838,0.349356,0.650644,0.319375,0.513228,0.120634,0.060785,0.367951,0.377177,0.338112,0.308984
2025,Shawnee State,13,80.388202,124.204699,71.85,6.994427,-24.805577,0,0,1,0,0.001022,0,0.241379,0.167015,0.242424,0.757576,0.092308,0.434783,0.069589,0.027836,0.446154,0.343942,0.350649,0.302624
2025,Siena,14,108.920888,99.616124,69.202344,13.034477,13.159522,2,10,1,0,0.446054,0,0.327846,0.171147,0.305825,0.694175,0.372742,0.482759,0.098895,0.0718,0.399015,0.39446,0.340503,0.2877
2025,Siena Heights,11,83.604651,110.076668,72.8,11.240918,-10.559082,0,0,0,0,0.005344,0,0.206897,0.206044,0.37931,0.62069,0.123077,0.434783,0.151099,0.013736,0.446154,0.380795,0.349275,0.335541
2025,SIUE,6,109.249009,96.491032,68.577273,9.640554,14.817022,0,15,1,0,0.585701,0,0.34116,0.165706,0.311811,0.688189,0.32206,0.525029,0.098098,0.057886,0.365472,0.381623,0.329711,0.312384
2025,SLCP,16,59.597522,128.65348,74.9,11.97232,-42.827685,0,0,0,0,0.000061,0,0.192308,0.267023,0.295082,0.704918,0.064516,0.242424,0.073431,0.006676,0.419355,0.418034,0.315062,0.351009
2025,SMU,13,124.865336,101.622146,68.717424,24.006967,31.90411,18,5,0,0,0.518419,0,0.376281,0.174628,0.325178,0.674822,0.366581,0.550802,0.115978,0.052477,0.351157,0.384937,0.339586,0.33276
2025,So Indiana,9,106.004919,102.587275,69.481667,8.99443,6.994427,0,6,1,0,0.161821,0,0.350649,0.16839,0.293023,0.706977,0.302624,0.447781,0.096428,0.041258,0.343942,0.384621,0.327165,0.316215
2025,South Alabama,3,115.456392,93.65666,65.753906,12.946923,21.021916,5,14,3,0,0.681433,0,0.325776,0.141151,0.283186,0.716814,0.33515,0.566339,0.142102,0.039922,0.456676,0.399876,0.332324,0.310854
2025,South Carolina,2,113.624437,95.131871,67.647656,29.915591,27.559342,6,5,0,0,0.236717,0,0.3161,0.182933,0.293636,0.706364,0.432853,0.546559,0.083613,0.043424,0.390202,0.394288,0.343563,0.348411
2025,South Dakota,6,118.621282,107.327348,74.768939,13.297168,14.685015,3,12,1,0,0.570011,0,0.320592,0.128477,0.333333,0.666667,0.439639,0.403805,0.100917,0.044582,0.385456,0.419916,0.347946,0.309418
2025,South Florida,10,112.447902,100.733947,69.864063,16.989821,16.564815,2,7,0,0,0.249792,0,0.317862,0.158791,0.2972,0.7028,0.344392,0.546318,0.118534,0.050545,0.374408,0.372258,0.337583,0.342172
2025,Southern,6,107.826399,93.09787,71.171094,7.993726,15.193712,1,10,0,0,0.622576,0,0.322188,0.176072,0.347571,0.652429,0.369933,0.48881,0.135677,0.054007,0.337609,0.381634,0.32833,0.331227
2025,Southern Miss,8,103.647876,107.146968,72.077419,14.437644,9.643697,1,7,1,0,0.163547,0,0.30506,0.195578,0.281897,0.718103,0.341357,0.569975,0.096223,0.057734,0.367615,0.392629,0.326561,0.325718
2025,Southern NO,12,80.859131,113.272253,82.075,14.03524,-17.431442,0,0,0,0,0.018639,0,0.3,0.21525,0.27957,0.72043,0.261538,0.521127,0.158392,0.032491,0.25641,0.356807,0.347179,0.327415
2025,Southern Utah,8,103.19526,99.442493,70.808065,13.301039,9.2623,2,7,0,0,0.294877,0,0.312715,0.204096,0.29678,0.70322,0.357423,0.489446,0.071525,0.061958,0.32605,0.354566,0.326718,0.338483
2025,Southwest,11,80.799437,113.251554,70.6,20.414418,-9.385603,0,0,0,0,0.001425,0,0.166667,0.226629,0.34375,0.65625,0.275862,0.444444,0.070822,0.014164,0.310345,0.37467,0.321127,0.334037
2025,Spartanburg Me,14,69.498672,122.039538,76.225,22.39746,-26.402518,0,0,0,0,0.00006,0,0.230769,0.131191,0.25,0.75,0.164179,0.375,0.14431,0.052476,0.38806,0.365269,0.338798,0.374251
2025,Spring Hill,11,94.750221,128.745481,69.8,21.021916,-9.778091,0,0,0,0,0.001207,0,0.464286,0.329513,0.321429,0.678571,0.153846,0.7,0.100287,0.057307,0.538462,0.456676,0.325776,0.33515
2025,Sprngfield,14,70.798512,119.17905,66.85,5.679261,-26.120702,0,0,1,0,0.001022,0,0.4,0.329095,0.15,0.85,0.136364,0.722222,0.029918,0.089753,0.454545,0.379205,0.333871,0.295413
2025,St Bonaventure,3,112.186657,96.352502,65.331818,18.644513,21.773944,9,9,0,0,0.474351,0,0.312789,0.159558,0.27957,0.72043,0.302639,0.43562,0.114567,0.050094,0.349488,0.410497,0.337878,0.326172
2025,St Elizabeth,16,68.140002,142.91845,79.125,10.528645,-51.271301,0,0,0,0,0.000007,0,0.181818,0.341232,0.454545,0.545455,0.272727,0.315789,0.101106,0,0.4,0.382037,0.32947,0.343454
2025,St John's,4,119.408011,87.97625,71.535294,26.811898,38.706356,24,6,0,0,0.86727,0,0.303704,0.155415,0.354212,0.645788,0.301751,0.536853,0.128279,0.072774,0.303098,0.410144,0.346027,0.30904
2025,St Joseph's LI,16,68.045931,142.146275,70.8875,11.027772,-43.772199,0,0,1,0,0.000061,0,0.181818,0.190443,0.241379,0.758621,0.252174,0.551724,0.070534,0.02116,0.382609,0.411664,0.338771,0.283706
2025,St Mary's,12,76.08478,111.336604,79.5,16.127223,-17.672783,0,0,0,0,0.000733,0,0.192308,0.226415,0.185185,0.814815,0.350877,0.263158,0.100629,0,0.45614,0.367781,0.333333,0.279129
2025,St Mary's (MN),15,83.140519,145.060454,77.125,18.975226,-35.82478,0,0,0,0,0.000022,0,0.25,0.207455,0.32,0.68,0.241935,0.7,0.038898,0.012966,0.516129,0.391899,0.349162,0.338807
2025,St Norbert,13,81.040976,131.203922,73.5,21.63311,-23.166927,0,0,0,0,0.000117,0,0.3,0.285714,0.24,0.76,0.408163,0.722222,0.081633,0,0.408163,0.462431,0.387132,0.336359
2025,St Thomas (MN),3,123.565606,102.40812,69.906618,13.215494,21.63311,6,14,0,0,0.595,0,0.387132,0.136316,0.232361,0.767639,0.336359,0.535861,0.102658,0.045439,0.462431,0.40957,0.342337,0.337002
2025,St Thomas (TX),10,76.853641,99.057091,76.175,17.040691,-5.759323,0,0,0,0,0.004534,0,0.216216,0.157532,0.333333,0.666667,0.185714,0.368421,0.131277,0.026255,0.528571,0.383827,0.38764,0.357412
2025,St. Ambrose,13,76.42896,123.427603,69.716667,16.189568,-21.277105,0,0,1,0,0.000889,0,0.283784,0.224719,0.285714,0.714286,0.2,0.54,0.066938,0.014344,0.435294,0.371055,0.357098,0.340735
2025,St. Andrews,15,80.885407,133.754642,82.65,14.006702,-34.593295,0,0,1,0,0.005328,0,0.278481,0.227465,0.283582,0.716418,0.216049,0.486486,0.096794,0.029038,0.487654,0.413122,0.345549,0.342837
2025,St. Francis IL,12,78.83525,118.285459,67.725,18.525226,-13.7748,0,0,0,0,0.003765,0,0.285714,0.258398,0.259259,0.740741,0.211538,0.611111,0.095976,0.073828,0.336538,0.409957,0.343331,0.307049
2025,Stanford,2,117.77427,103.654706,66.852273,24.509375,26.400798,14,6,0,0,0.509709,0,0.34122,0.158196,0.316399,0.683601,0.296545,0.541023,0.104255,0.052128,0.414131,0.37967,0.336294,0.339012
2025,Stanislaus St,11,75.441069,111.575743,67.908333,23.410153,-9.056547,0,0,0,0,0.007752,0,0.26087,0.211069,0.240506,0.759494,0.187879,0.54,0.098172,0.019634,0.418182,0.409284,0.329759,0.322901
2025,Stetson,9,106.429217,115.534288,69.962097,13.471872,3.628118,0,1,2,0,0.135932,0,0.334855,0.185354,0.257502,0.742498,0.334664,0.466581,0.071928,0.044264,0.374572,0.399822,0.338773,0.296448
2025,Sthrn Oregon,10,102.650472,127.499125,65.175,17.107547,-3.692507,0,0,0,0,0.006295,0,0.409091,0.153433,0.333333,0.666667,0.232143,0.434783,0.061373,0.061373,0.392857,0.376451,0.324523,0.336097
2025,Stonehill,8,107.221531,102.901277,66.032813,9.146504,7.971533,1,5,3,0,0.408274,0,0.355212,0.183621,0.271698,0.728302,0.319222,0.607378,0.097489,0.039753,0.444508,0.384339,0.3338,0.299037
2025,Stony Brook,9,106.779286,108.673464,65.269531,13.98307,6.558098,0,7,0,0,0.317923,0,0.337143,0.180023,0.316336,0.683664,0.311099,0.488498,0.078042,0.0316,0.392377,0.382054,0.333762,0.309609
2025,Sul Ross State,14,79.765174,129.63796,74.975,18.306824,-25.493197,0,0,0,0,0.000139,0,0.25,0.346782,0.233333,0.766667,0.456522,0.555556,0.066689,0.066689,0.347826,0.365088,0.351312,0.373071
2025,SUNY Canton,12,88.97333,124.777521,73.45,13.034759,-16.765194,0,0,0,0,0.001425,0,0.363636,0.190606,0.15,0.85,0.423077,0.35,0.040844,0,0.211538,0.424881,0.356079,0.228255
2025,SUNY Delhi,16,69.201667,139.922542,75.075,3.627425,-48.172544,0,0,1,0,0.000037,0,0.263158,0.21312,0.321429,0.678571,0.283333,0.388889,0.10656,0.03996,0.316667,0.413984,0.339142,0.36737
2025,SUNY Poly,14,92.009189,131.732266,80.45,3.627425,-27.172544,0,0,1,0,0.001207,0,0.321429,0.211311,0.307692,0.692308,0.360656,0.583333,0.111871,0.06215,0.459016,0.413984,0.339142,0.36737
2025,SUNY-Brockport,14,68.338521,118.612545,79.7,23.17907,-26.62093,0,0,0,0,0.000051,0,0.130435,0.163112,0.263158,0.736842,0.169014,0.2,0.062735,0.012547,0.323944,0.461083,0.364265,0.259445
2025,SUNY-Maritime,14,75.373252,123.652496,71.85,8.572151,-27.227799,0,0,0,0,0.000525,0,0.192308,0.222686,0.375,0.625,0.092308,0.5,0.069589,0,0.4,0.421245,0.314286,0.252747
2025,SUNY-Oneonta,10,92.234722,111.668373,74.3,9.730431,-6.569518,0,0,0,0,0.013105,0,0.238095,0.215343,0.234375,0.765625,0.533333,0.361702,0.053836,0.033647,0.2,0.36246,0.34099,0.312581
2025,SW Adventist,15,84.90663,145.875102,76.9125,17.845184,-35.454828,0,0,0,0,0.000031,0,0.350877,0.266537,0.263158,0.736842,0.245455,0.575,0.07151,0.039005,0.518182,0.36786,0.352091,0.320211
2025,SW Christian U,12,93.41916,122.002279,73.1125,8.99234,-13.307667,0,0,1,0,0.009012,0,0.442308,0.150453,0.15,0.85,0.086614,0.372549,0.123098,0.013678,0.409449,0.45393,0.308221,0.308698
2025,SW Univ TX,14,84.18686,139.777305,66.975,14.436729,-26.363287,0,0,0,0,0.000229,0,0.318182,0.31355,0.333333,0.666667,0.477273,0.533333,0.119448,0.059724,0.5,0.362357,0.376978,0.277894
2025,Syracuse,3,115.20034,101.215884,70.431061,26.247165,22.574449,7,6,0,0,0.423331,0,0.328149,0.178554,0.297386,0.702614,0.331466,0.499443,0.06927,0.035711,0.327393,0.391055,0.345087,0.326456
2025,Tabor,12,78.831998,113.284597,75.475,9.458007,-18.342015,0,0,0,0,0.001985,0,0.363636,0.344485,0.368421,0.631579,0.017857,0.5,0.145744,0.039748,0.392857,0.252788,0.323529,0.421933
2025,TAMU Kingsvlle,9,110.208456,113.980335,67.8,11.467902,6.667886,0,0,0,0,0.073013,0,0.321429,0.103245,0.357143,0.642857,0.119403,0.448276,0.073746,0.044248,0.41791,0.35309,0.33429,0.280648
2025,TAMU Texarkana,14,83.650331,134.260117,67,8.723759,-26.076278,0,0,0,0,0.000621,0,0.322581,0.208955,0.272727,0.727273,0,0.409091,0.074627,0.029851,0.525424,0.456586,0.362225,0.348494
2025,Tarleton St,8,97.642857,95.940043,68.639844,15.570526,9.458007,2,7,0,0,0.32391,0,0.323529,0.255865,0.312049,0.687951,0.421933,0.484935,0.136582,0.052357,0.252788,0.373851,0.328658,0.346993
2025,Taylor,16,62.110977,141.55501,73.65,10.647793,-50.152208,0,0,0,0,0.000008,0,0.096774,0.271555,0.321429,0.678571,0.25,0.5,0.040733,0.054311,0.553571,0.400335,0.341702,0.345059
2025,TCU,10,108.794394,94.727549,67.457258,29.796123,28.039862,12,4,0,0,0.389139,0,0.291935,0.175499,0.343955,0.656045,0.340556,0.487145,0.112377,0.051167,0.344444,0.401675,0.345549,0.322989
2025,Temple,4,117.177516,103.414606,70.93125,17.584339,18.415595,5,10,0,0,0.324183,0,0.361809,0.154639,0.308155,0.691845,0.452267,0.413095,0.090316,0.052428,0.3184,0.377212,0.341462,0.342724
2025,Tennessee,8,125.703128,97.135835,65.175,31.527074,41.969177,25,4,0,0,0.675571,0,0.340169,0.160653,0.313002,0.686998,0.354102,0.601598,0.106501,0.077168,0.430426,0.404424,0.343337,0.345109
2025,Tennessee St,13,109.604896,96.913135,73.293182,8.739877,13.461086,0,10,1,0,0.696184,0,0.325409,0.209205,0.31988,0.68012,0.403768,0.484048,0.097988,0.052508,0.342668,0.377343,0.328559,0.310714
2025,Tennessee Tech,8,107.759626,102.350728,69.591406,11.768445,9.899691,0,10,3,0,0.410316,0,0.351936,0.167046,0.24955,0.75045,0.289755,0.6,0.091157,0.039516,0.468517,0.371651,0.332914,0.312932
2025,Texas,12,123.220333,98.194272,69.194118,28.16113,33.286843,12,3,0,0,0.400252,0,0.359551,0.143671,0.285597,0.714403,0.365805,0.474704,0.090963,0.062909,0.353877,0.389829,0.33711,0.354639
2025,Texas A&M,11,120.307831,96.328198,68,31.499266,36.846321,19,4,0,0,0.418771,0,0.31068,0.181526,0.392722,0.607278,0.416884,0.476846,0.110754,0.059743,0.375717,0.396891,0.342558,0.35176
2025,Texas A&M-CC,4,114.130004,94.304595,68.677206,10.885674,18.985659,1,11,0,0,0.519179,0,0.343103,0.17473,0.307258,0.692742,0.353745,0.525826,0.114774,0.05182,0.293522,0.388721,0.330831,0.308691
2025,Texas A&M-SA,11,92.042147,115.620815,75.3625,14.653985,-7.646031,0,0,0,0,0.010324,0,0.377358,0.218942,0.323944,0.676056,0.246032,0.673469,0.066346,0.019904,0.420635,0.341527,0.343255,0.282315
2025,Texas College,11,94.4115,117.611771,77.35,14.875963,-7.924061,0,0,0,0,0.004534,0,0.285714,0.129282,0.333333,0.666667,0.4,0.590909,0.168067,0.025856,0.323077,0.423313,0.354414,0.366983
2025,Texas Lutheran,14,71.399579,130.186324,70.9375,16.711194,-30.088822,0,0,0,0,0.000085,0,0.203704,0.197357,0.290909,0.709091,0.211864,0.46875,0.077533,0.028194,0.457627,0.327939,0.360041,0.315819
2025,Texas Southern,7,104.154184,96.092233,72.285938,10.405415,11.467902,0,6,1,0,0.532138,0,0.33429,0.191946,0.306411,0.693589,0.280648,0.51773,0.118453,0.047122,0.35309,0.359346,0.33102,0.328839
2025,Texas St,5,115.688937,102.160116,68.639844,13.278234,16.184479,2,10,0,0,0.418177,0,0.366795,0.178923,0.328547,0.671453,0.364366,0.536332,0.103347,0.05873,0.277154,0.394009,0.323189,0.327156
2025,Texas Tech,7,130.041732,103.680164,67.459091,28.867779,40.608311,23,4,0,0,0.675736,0,0.378924,0.147789,0.316268,0.683732,0.297297,0.584665,0.096579,0.044921,0.446446,0.385595,0.340467,0.334665
2025,The Citadel,9,102.427454,107.92685,67.315,10.111838,1.111842,0,0,3,0,0.062901,0,0.295039,0.186189,0.30814,0.69186,0.345401,0.521246,0.089133,0.030206,0.454599,0.439161,0.327617,0.311301
2025,THMAS,14,99.462332,141.331776,78.075,9.716723,-25.083226,0,0,0,0,0.000621,0,0.393939,0.204931,0.241379,0.758621,0.278689,0.666667,0.038425,0,0.540984,0.422374,0.337838,0.311644
2025,TN Wesleyan,13,77.165445,124.1008,75.025,22.443471,-21.356529,0,0,0,0,0.000139,0,0.2,0.079973,0.15,0.85,0.296875,0.444444,0.066644,0.053316,0.390625,0.457919,0.364155,0.303189
2025,Toccoa Falls,14,86.699167,135.873484,73.983333,10.850322,-27.949683,0,0,1,0,0.000426,0,0.25,0.22077,0.3125,0.6875,0.235955,0.267606,0.099121,0.04055,0.314607,0.416951,0.316869,0.347155
2025,Toledo,6,118.071955,108.954488,70.049242,15.62053,14.541741,1,13,1,0,0.314373,0,0.336237,0.134105,0.317898,0.682102,0.354136,0.467449,0.077002,0.039366,0.284299,0.404968,0.340656,0.321336
2025,Towson,4,113.539116,98.056413,64.588636,14.87953,18.249246,3,16,0,0,0.754526,0,0.337333,0.144973,0.356966,0.643034,0.283199,0.419856,0.099933,0.051609,0.377264,0.381019,0.337535,0.315859
2025,Trinity (FL),16,74.761748,158.199838,80.7,8.258915,-60.541098,0,0,0,0,0.000002,0,0.346154,0.322181,0.310345,0.689655,0.206897,0.1,0.037175,0.024783,0.448276,0.463707,0.350582,0.357528
2025,Trinity (IL),15,77.530993,147.035429,69.9125,15.136699,-37.663304,0,0,0,0,0.000031,0,0.25,0.164491,0.170732,0.829268,0.243243,0.558824,0.057214,0.007152,0.612613,0.474154,0.374501,0.318195
2025,Trinity Co Jax,13,76.721783,114.715022,80.966667,12.182804,-22.283866,0,0,0,0,0.012105,0,0.222222,0.242898,0.284483,0.715517,0.22449,0.369231,0.065871,0.016468,0.321429,0.401402,0.344189,0.312014
2025,Trinity Tx,10,101.466481,122.3313,81.1,16.8727,-6.42731,0,0,0,0,0.00419,0,0.395833,0.277435,0.318841,0.681159,0.258065,0.508772,0.104809,0.036991,0.387097,0.413013,0.374359,0.322045
2025,Troy,14,114.847776,95.108642,67.445455,15.169154,22.816209,3,14,0,0,0.772918,0,0.299054,0.200836,0.361351,0.638649,0.387097,0.553679,0.139731,0.07009,0.447382,0.383003,0.324387,0.318308
2025,Truett McCnnll,12,88.259715,120.562881,78.775,14.60431,-15.695691,0,0,1,0,0.001352,0,0.32,0.260235,0.338462,0.661538,0.138462,0.346154,0.114249,0.050778,0.384615,0.47987,0.331954,0.291902
2025,Tulane,4,115.794574,100.736742,68.098485,16.425609,19.978544,3,13,1,0,0.575755,0,0.341398,0.157971,0.266087,0.733913,0.356383,0.573099,0.106352,0.066748,0.395745,0.369479,0.327453,0.353107
2025,Tulsa,7,109.010161,101.430457,68.859848,15.731766,12.786305,4,5,0,0,0.392494,0,0.322263,0.165906,0.272496,0.727504,0.337696,0.542823,0.088894,0.039606,0.425654,0.362668,0.344328,0.345166
2025,Tusculum,10,89.946457,110.619927,75.0375,19.013626,-3.286363,0,0,0,0,0.005337,0,0.274194,0.193237,0.262295,0.737705,0.131783,0.446809,0.106613,0.03998,0.48062,0.406467,0.350412,0.334961
2025,Tx Weslyan,9,97.858305,107.25105,68.0125,19.138832,5.83882,0,0,0,0,0.043822,0,0.27027,0.198493,0.338983,0.661017,0.158333,0.372549,0.117625,0.04411,0.308333,0.370416,0.323488,0.343101
2025,UAB,3,123.36344,111.46434,70.489706,17.952427,23.411881,9,12,0,0,0.581363,0,0.33888,0.141447,0.369822,0.630178,0.31149,0.534567,0.09555,0.060918,0.296679,0.379893,0.334175,0.352876
2025,UAlbany,7,111.17367,102.825828,69.385606,10.303334,11.285197,1,10,1,0,0.569627,0,0.32337,0.155914,0.35094,0.64906,0.289139,0.459489,0.119228,0.033628,0.360078,0.38297,0.335976,0.313486
2025,UC Col Springs,9,123.332722,126.150393,72.55,9.758354,5.958308,0,0,0,0,0.08311,0,0.555556,0.261888,0.294118,0.705882,0.327273,0.483871,0.055134,0.013784,0.327273,0.366575,0.346786,0.328767
2025,UC Davis,6,104.270566,96.797494,68.757813,15.480465,13.467924,6,5,0,0,0.316694,0,0.3248,0.192705,0.30842,0.69158,0.375561,0.480326,0.114532,0.052267,0.350336,0.397533,0.337634,0.332467
2025,UC Irvine,2,114.060401,102.576369,70.502941,18.372422,27.485208,19,10,0,0,0.76261,0,0.351632,0.181052,0.24441,0.75559,0.369072,0.611552,0.096366,0.049226,0.347423,0.39755,0.344783,0.325273
2025,UC Riverside,4,115.136693,105.588673,69.056061,18.028207,18.075226,10,7,0,0,0.585395,0,0.3375,0.160607,0.333333,0.666667,0.275292,0.489749,0.079426,0.035544,0.428016,0.400227,0.344477,0.327285
2025,UC San Diego,1,123.580821,89.089998,67.419853,15.05831,32.509701,11,15,0,0,0.882211,0,0.366169,0.129566,0.267997,0.732003,0.32515,0.582796,0.147452,0.032282,0.503507,0.387128,0.338264,0.334652
2025,UCF,12,118.028034,112.215346,73.584848,29.306187,27.992665,16,4,0,0,0.578948,0,0.336075,0.172137,0.335255,0.664745,0.362755,0.530286,0.106247,0.060948,0.412706,0.387536,0.338815,0.327769
2025,UCLA,7,122.181091,93.722411,66.710938,28.944284,37.256044,16,5,0,0,0.506069,0,0.351796,0.158801,0.332057,0.667943,0.329196,0.605324,0.121326,0.04497,0.360496,0.374703,0.339788,0.343459
2025,UConn,4,127.298214,100.378195,65.683333,27.055224,35.598093,18,3,0,0,0.689655,0,0.354478,0.1707,0.310638,0.689362,0.306144,0.640177,0.080736,0.096884,0.425847,0.406807,0.346698,0.314693
2025,UIC,4,114.592306,99.565741,69.93629,16.788135,18.975226,6,9,0,0,0.306627,0,0.349162,0.172968,0.293119,0.706881,0.338807,0.572804,0.096862,0.044741,0.391899,0.392534,0.346707,0.330408
2025,UL Monroe,9,103.368364,105.236238,69.239844,11.000452,4.175444,2,2,0,0,0.208353,0,0.331307,0.168797,0.311688,0.688312,0.308854,0.528133,0.102903,0.034301,0.342708,0.397644,0.322279,0.335117
2025,UMass,5,107.460784,97.791986,72.045312,17.902257,15.33978,4,5,0,0,0.23638,0,0.281155,0.162658,0.359338,0.640662,0.341939,0.491082,0.108005,0.067232,0.320507,0.396562,0.331924,0.323087
2025,UMass Boston,13,78.117393,111.91521,80.5125,8.49652,-20.30344,0,0,1,0,0.001775,0,0.209677,0.167676,0.35,0.65,0.130137,0.340426,0.149045,0.055892,0.424658,0.36458,0.303323,0.305051
2025,UMass Lowell,6,115.052141,101.58587,70.884375,8.404999,13.380043,0,12,2,0,0.370705,0,0.353678,0.176784,0.239301,0.760699,0.340749,0.537118,0.082881,0.060398,0.346717,0.38672,0.324072,0.280478
2025,UMBC,14,113.104505,105.24061,72.720313,8.962712,9.919005,1,6,2,0,0.233597,0,0.387314,0.156421,0.231743,0.768257,0.311946,0.504844,0.100986,0.036527,0.386541,0.369872,0.3285,0.301743
2025,UNC Asheville,5,118.28114,103.470611,71.589062,9.933119,15.658125,3,11,1,0,0.487484,0,0.348361,0.145797,0.321778,0.678222,0.344205,0.476645,0.104765,0.058494,0.367285,0.391825,0.327822,0.359941
2025,UNC Greensboro,4,116.508357,96.611728,64.869531,11.907086,19.407087,7,6,0,0,0.5874,0,0.372152,0.152229,0.298126,0.701874,0.295676,0.508557,0.092493,0.043838,0.427027,0.431615,0.332315,0.316931
2025,UNC Wilmington,3,121.858192,101.697989,67.860294,13.940299,22.39746,3,20,0,0,0.67373,0,0.338798,0.161231,0.322948,0.677052,0.374251,0.548148,0.096218,0.051577,0.365269,0.396933,0.338934,0.3062
2025,Union TN,10,108.206029,128.315711,71.875,11.023436,-5.776569,0,0,0,0,0.012056,0,0.407407,0.222609,0.3125,0.6875,0.462963,0.68,0.055652,0.055652,0.5,0.409091,0.345679,0.287879
2025,UNLV,3,113.004455,94.678866,66.140909,23.757716,24.394055,9,9,0,0,0.665457,0,0.332805,0.161272,0.273458,0.726542,0.35816,0.495641,0.098962,0.054979,0.345564,0.402729,0.33949,0.341242
2025,UNT Dallas,9,90.027832,102.365141,73.2875,15.512867,1.712852,0,1,0,0,0.420286,0,0.384615,0.218318,0.306667,0.693333,0.308333,0.395349,0.109159,0.034112,0.216667,0.405132,0.342178,0.400589
2025,USC,2,120.318718,103.113933,69.819697,29.166459,30.457878,13,4,0,0,0.33839,0,0.367442,0.177079,0.277832,0.722168,0.36432,0.568562,0.091144,0.042534,0.346588,0.379646,0.343614,0.340067
2025,UT Arlington,6,111.822097,101.907065,69.759677,15.353403,14.875963,2,7,0,0,0.313832,0,0.354414,0.19329,0.318905,0.681095,0.366983,0.545682,0.085085,0.045779,0.423313,0.344962,0.331192,0.365902
2025,UT Dallas,10,86.803596,102.996275,77.45,8.224237,-5.575769,0,0,0,0,0.019442,0,0.25,0.309877,0.305556,0.694444,0.407407,0.363636,0.103292,0.077469,0.518519,0.379547,0.309722,0.305219
2025,UT Martin,7,109.771695,100.054682,69.725758,8.790382,11.663106,1,6,1,0,0.503459,0,0.322445,0.188183,0.348194,0.651806,0.341512,0.534689,0.116039,0.040418,0.475213,0.377833,0.33047,0.319369
2025,UT Rio Grande,6,110.880127,99.317045,71.699194,11.119789,13.519776,1,8,0,0,0.410549,0,0.328987,0.187612,0.313305,0.686695,0.220356,0.612385,0.105728,0.039142,0.507379,0.376045,0.328874,0.316541
2025,Utah,2,117.879449,98.466975,69.405469,26.895922,28.962578,9,5,0,0,0.33671,0,0.326113,0.180551,0.320784,0.679216,0.369726,0.663905,0.091852,0.05268,0.438291,0.396034,0.338773,0.319504
2025,Utah State,7,127.706598,99.351538,67.39697,22.008574,31.296784,15,10,0,0,0.502071,0,0.364982,0.158716,0.331874,0.668126,0.374869,0.613904,0.128142,0.041365,0.424607,0.384756,0.339861,0.334125
2025,Utah Tech,8,105.848523,104.032865,69.490909,15.239882,9.379243,0,5,0,0,0.175028,0,0.333333,0.181842,0.304587,0.695413,0.331237,0.516049,0.092883,0.046224,0.386792,0.347612,0.321763,0.366045
2025,Utah Valley,3,114.147866,95.836828,69.788636,14.248823,22.425265,8,14,0,0,0.756283,0,0.340102,0.174553,0.285147,0.714853,0.412169,0.585586,0.094224,0.0825,0.312698,0.363035,0.327017,0.35698
2025,UTEP,4,109.579244,95.232333,69.938636,16.967447,18.306824,8,7,0,0,0.256637,0,0.351312,0.169413,0.286686,0.713314,0.373071,0.526061,0.146015,0.042895,0.365088,0.383897,0.336294,0.338402
2025,UTPermianBasin,9,87.953961,103.258693,71.125,18.306824,1.506803,0,0,0,0,0.012056,0,0.176471,0.281195,0.484848,0.515152,0.25,0.590909,0.154657,0,0.283333,0.365088,0.351312,0.373071
2025,UTSA,5,114.060944,102.531591,70.892742,16.73052,16.704709,3,7,0,0,0.281146,0,0.361079,0.153344,0.331,0.669,0.286677,0.481618,0.133778,0.048688,0.442198,0.380638,0.335887,0.343859
2025,UVA Wise,12,89.836418,128.757384,75.025,20.563708,-16.236267,0,0,0,0,0.000445,0,0.266667,0.253249,0.37931,0.62069,0.327586,0.421053,0.079973,0.026658,0.517241,0.416039,0.316947,0.402045
2025,UW Stout,10,96.03162,122.305875,70.075,21.58568,-4.214357,0,0,0,0,0.002764,0,0.25,0.156975,0.26087,0.73913,0.298246,0.409091,0.114163,0.01427,0.280702,0.523001,0.397906,0.334064
2025,VA Lynchburg,16,72.894883,142.54724,79.228846,13.814224,-45.831918,0,0,0,0,0.000018,0,0.221675,0.225248,0.248485,0.751515,0.285161,0.241107,0.078643,0.031069,0.261935,0.385166,0.348402,0.346113
2025,Va Wesleyn,14,74.729569,129.649993,61.65,9.596937,-25.203059,0,0,0,0,0.000621,0,0.173913,0.097324,0.5,0.482759,0.21875,0.5625,0.129765,0,0.359375,0.357547,0.287599,0.315566
2025,Valley Forge,16,76.543712,137.216288,78.125,10.239176,-39.560774,0,0,0,0,0.000079,0,0.272727,0.2112,0.361702,0.638298,0.238095,0.268293,0.1024,0.032,0.349206,0.382629,0.378901,0.31174
2025,Valparaiso,5,113.448343,101.190155,69.227206,15.933652,16.32188,4,8,0,0,0.487393,0,0.335888,0.140628,0.290102,0.709898,0.328278,0.468499,0.084547,0.053957,0.383072,0.400053,0.345872,0.325379
2025,Vanderbilt,5,122.849399,98.715514,70.521094,28.399769,32.327038,12,5,0,0,0.308661,0,0.325377,0.147119,0.334825,0.665175,0.340071,0.50056,0.128065,0.056277,0.402223,0.392148,0.338058,0.360429
2025,VCU,13,122.07946,90.163103,66.835294,19.128126,32.636714,15,11,0,0,0.787516,0,0.334025,0.168544,0.345329,0.654671,0.327901,0.563677,0.121457,0.082732,0.476049,0.401939,0.333191,0.328116
2025,Vermont,7,106.934266,95.470614,64.452273,10.130203,12.851458,3,10,1,0,0.840927,0,0.330323,0.17443,0.258667,0.741333,0.303522,0.512887,0.08651,0.069114,0.433203,0.376926,0.332232,0.288903
2025,Vermont State,15,85.030066,147.692078,70.9,9.213447,-36.586517,0,0,0,0,0.000099,0,0.393939,0.253879,0.264706,0.735294,0.066667,0.380952,0.014104,0.014104,0.55,0.420863,0.335775,0.330935
2025,Villanova,8,124.614741,108.20996,63.45,25.686893,30.98691,13,7,0,0,0.594217,0,0.397985,0.156649,0.275583,0.724417,0.288535,0.490499,0.089309,0.036297,0.435546,0.396767,0.339917,0.31158
2025,Virginia,1,114.293587,99.349639,61.580469,25.988186,23.388196,8,6,0,0,0.481322,0,0.375176,0.163912,0.230523,0.769477,0.263889,0.635995,0.089314,0.060896,0.42814,0.386593,0.342303,0.327269
2025,Virginia Tech,4,111.954388,100.5217,66.978125,24.863982,20.16399,9,3,0,0,0.315482,0,0.350487,0.200625,0.304878,0.695122,0.308211,0.51465,0.081183,0.028927,0.404387,0.380789,0.338822,0.332866
2025,VMI,8,109.327878,102.605337,69.097794,9.299592,9.540775,3,2,0,0,0.395091,0,0.325107,0.173667,0.287288,0.712712,0.351586,0.512605,0.114501,0.037883,0.47697,0.439013,0.32983,0.303528
2025,Voorhees,14,70.194673,119.644899,74.8,17.210142,-25.589843,0,0,0,0,0.000164,0,0.388889,0.26738,0.263158,0.736842,0.142857,0.444444,0.053476,0,0.321429,0.335929,0.361669,0.429387
2025,VT-Lyndon,16,66.571744,161.925497,77.025,15.864556,-62.935395,0,0,0,0,0,0,0.263158,0.259656,0.217391,0.782609,0.358491,0.411765,0.064914,0.012983,0.358491,0.471345,0.352357,0.304094
2025,VTSU Johnson,15,93.303248,152.625632,75.225,17.803233,-32.996724,0,0,0,0,0.000059,0,0.344828,0.192755,0.359375,0.640625,0.164179,0.472727,0.033234,0.01994,0.216418,0.356364,0.341623,0.276468
2025,W Carolina,9,100.970361,103.773022,72.6275,14.420283,5.160286,1,1,1,0,0.24312,0,0.304933,0.192764,0.269097,0.730903,0.277352,0.502778,0.072516,0.042684,0.487965,0.437401,0.337576,0.301
2025,W Colorado,11,92.299854,113.931365,79.0375,16.09181,-6.70823,0,0,0,0,0.010232,0,0.310345,0.240392,0.333333,0.666667,0.504425,0.522727,0.132848,0.012652,0.256637,0.339637,0.343444,0.370468
2025,W Illinois,9,107.026648,105.306894,65.949194,8.116783,5.503872,2,5,1,0,0.401312,0,0.375189,0.182447,0.293791,0.706209,0.274588,0.409561,0.082175,0.05674,0.375782,0.377297,0.323798,0.318595
2025,W Michigan,7,109.23297,104.756013,69.20625,14.588038,10.719288,2,5,1,0,0.486936,0,0.287009,0.158945,0.350166,0.649834,0.309082,0.468235,0.100244,0.033866,0.332163,0.406868,0.338287,0.33098
2025,Wagner,9,101.077299,95.57503,62.580833,3.599228,5.679261,0,5,4,0,0.331833,0,0.333871,0.188023,0.325048,0.674952,0.295413,0.570136,0.112921,0.025034,0.379205,0.399659,0.329676,0.286224
2025,Wake Forest,2,112.664985,91.545736,67.684375,25.619295,27.375551,14,4,0,0,0.499146,0,0.285032,0.167136,0.267672,0.732328,0.361392,0.458228,0.106191,0.058174,0.352413,0.387585,0.338824,0.326223
2025,Waldorf,13,78.922497,122.12189,76.6,12.885611,-23.914426,0,0,0,0,0.000445,0,0.304348,0.208877,0.25,0.75,0.258065,0.421053,0.039164,0.02611,0.370968,0.401643,0.326113,0.328178
2025,Walla Walla,15,61.750175,125.515743,73.425,16.888236,-35.411818,0,0,0,0,0.000035,0,0.290323,0.292816,0.293103,0.706897,0.050847,0.735294,0.115764,0.040858,0.262712,0.347387,0.325676,0.328763
2025,Warner,12,91.909795,120.157207,76.8625,9.82893,-13.971071,0,0,0,0,0.005203,0,0.22,0.104082,0.280702,0.719298,0.223022,0.365385,0.162628,0.039031,0.359712,0.469246,0.351731,0.293522
2025,Wash Adventist,16,56.590076,120.571719,82.975,17.064058,-42.735928,0,0,0,0,0.00001,0,0.26087,0.253088,0.258065,0.741935,0.35,0.666667,0.096415,0.012052,0.383333,0.287721,0.330922,0.388137
2025,Wash Coll (MD),15,71.745643,134.715031,71.2,10.364759,-36.435212,0,0,0,0,0.000085,0,0.272727,0.245787,0.283019,0.716981,0.216216,0.470588,0.077247,0.035112,0.396396,0.42469,0.331482,0.342797
2025,Washington,3,113.458788,99.141933,69.158871,28.448665,23.855108,7,5,0,0,0.211034,0,0.344392,0.17398,0.292779,0.707221,0.351779,0.506345,0.093287,0.055972,0.357425,0.37601,0.347258,0.336675
2025,Washington St,3,118.006951,105.052072,71.621212,22.737983,22.902661,8,11,0,0,0.393014,0,0.365239,0.204358,0.291184,0.708816,0.324098,0.593184,0.089274,0.068966,0.415055,0.385337,0.340685,0.323887
2025,Wayland,11,66.320528,111.59127,66.325,25.791136,-13.008873,0,0,0,0,0.000319,0,0.32,0.286468,0.222222,0.777778,0.14,0.692308,0.150773,0.045232,0.5,0.372881,0.357143,0.366828
2025,Webber Int,15,80.209227,155.174221,65.85,16.564815,-37.235192,0,0,0,0,0.000026,0,0.304348,0.334093,0.32,0.68,0.122449,0.555556,0.015186,0.015186,0.469388,0.374408,0.317862,0.344392
2025,Weber St,7,110.72615,101.969878,67.563971,12.50896,12.508914,0,9,0,0,0.332454,0,0.34663,0.162373,0.253509,0.746491,0.343142,0.449192,0.096205,0.035696,0.382028,0.388363,0.333533,0.327265
2025,West Georgia,9,104.281091,107.617925,69.509677,14.194086,5.484403,0,4,4,0,0.206542,0,0.301616,0.162892,0.290354,0.709646,0.285714,0.520548,0.100241,0.042695,0.301407,0.421008,0.33944,0.306947
2025,West Virginia,1,113.192349,87.307132,66.31875,29.776114,32.519861,14,4,0,0,0.492677,0,0.326266,0.162096,0.270677,0.729323,0.256243,0.565217,0.114033,0.061728,0.460912,0.383128,0.337559,0.326689
2025,Westcliff,9,111.196788,121.883198,69.075,19.892172,6.092125,0,0,0,0,0.019442,0,0.5,0.14477,0.15,0.85,0.309091,0.4,0.072385,0.028954,0.327273,0.472237,0.380739,0.302485
2025,Western KY,4,108.712354,95.417578,73.283594,18.809783,18.403518,9,6,0,0,0.315165,0,0.328733,0.150102,0.25,0.75,0.308963,0.453144,0.110444,0.036246,0.399099,0.390548,0.339075,0.333703
2025,Western NM,12,94.528636,130.218838,79.2,21.164069,-15.63596,0,0,0,0,0.00166,0,0.368421,0.246212,0.280702,0.719298,0.193548,0.396226,0.088384,0.056818,0.306452,0.324501,0.329948,0.364624
2025,Western Oregon,10,88.936577,119.71133,72.85,26.631223,-6.168811,0,0,0,0,0.000865,0,0.296296,0.274537,0.5,0.5,0.086957,0.521739,0.137268,0.013727,0.391304,0.355301,0.367742,0.382808
2025,Westminster MO,15,57.631198,112.554137,77.5625,15.472122,-32.327882,0,0,0,0,0.000075,0,0.297297,0.328767,0.183333,0.816667,0.138889,0.517241,0.045125,0.019339,0.342593,0.366627,0.337247,0.300594
2025,Westminster UT,14,83.756072,149.760411,72.8,31.296784,-29.503245,0,0,0,0,0.000008,0,0.4,0.32967,0.5,0.482759,0.133333,0.809524,0.041209,0.027473,0.25,0.424607,0.364982,0.374869
2025,Whittier,13,88.499004,125.832823,77.45,9.379243,-21.420795,0,0,0,0,0.001207,0,0.2,0.103292,0.15,0.85,0.354839,0.318182,0.103292,0.116204,0.403226,0.386792,0.333333,0.331237
2025,Wichita St,4,112.944873,100.862236,69.759848,20.239589,20.680759,10,9,0,0,0.500031,0,0.305206,0.166372,0.301024,0.698976,0.353807,0.442045,0.096869,0.063421,0.282741,0.389961,0.340716,0.342506
2025,Wilkes-Barre,16,60.694758,133.443578,71.083333,15.316122,-40.817191,0,0,0,0,0.000026,0,0.16,0.28136,0.298701,0.701299,0.185185,0.543478,0.060961,0.009379,0.308642,0.295775,0.345768,0.336713
2025,Willamette,12,88.34671,118.381119,81.75,11.265829,-16.5342,0,0,0,0,0.001985,0,0.322581,0.183486,0.323529,0.676471,0.136986,0.615385,0.097859,0.036697,0.424658,0.427564,0.345178,0.315789
2025,William & Mary,6,113.774292,103.126559,71.057812,12.572351,13.984873,1,13,0,0,0.402606,0,0.35,0.178992,0.270417,0.729583,0.347686,0.628266,0.10203,0.025507,0.516685,0.388645,0.328282,0.320748
2025,William Carey,11,88.31561,111.786483,73.4625,13.141223,-7.65879,0,0,0,0,0.028112,0,0.213115,0.176961,0.34375,0.65625,0.174242,0.340426,0.108899,0.034031,0.462121,0.343462,0.317226,0.343817
2025,William Peace,13,67.557238,119.162502,69.0875,19.327898,-22.472093,0,0,0,0,0.000238,0,0.269231,0.332911,0.207547,0.792453,0.134021,0.580645,0.065135,0.028949,0.536082,0.42134,0.355287,0.292735
2025,William Woods,9,85.489672,98.873592,73.225,21.849728,4.049742,0,0,0,0,0.010259,0,0.272727,0.232161,0.228571,0.771429,0.186441,0.391304,0.068283,0.013657,0.372881,0.502735,0.353645,0.304158
2025,Winthrop,4,117.190604,99.693404,74.992647,12.221639,18.456941,1,17,0,0,0.762226,0,0.34204,0.174919,0.320884,0.679116,0.469961,0.448875,0.105893,0.04471,0.389535,0.382297,0.335246,0.348222
2025,Wisconsin,5,126.219597,98.524234,68.802143,29.598336,38.322658,22,4,0,0,0.601254,0,0.349095,0.141192,0.256651,0.743349,0.33753,0.548767,0.075164,0.032806,0.481356,0.389115,0.341634,0.327331
2025,Wofford,4,119.934576,104.208174,65.766912,15.438668,20.62724,8,5,0,0,0.606077,0,0.34058,0.166363,0.338438,0.661562,0.306508,0.560307,0.092126,0.038907,0.479881,0.441087,0.340114,0.318885
2025,WPI,10,65.75008,86.018408,77.75,15.142628,-5.657318,0,0,0,0,0.006295,0,0.194444,0.192926,0.1875,0.8125,0.15625,0.5625,0.090032,0.051447,0.5625,0.378578,0.295958,0.312932
2025,Wright St,15,117.463351,105.980397,68.77197,14.452856,15.392252,3,10,0,0,0.404797,0,0.384298,0.176693,0.269535,0.730465,0.270228,0.527311,0.082839,0.045385,0.376556,0.399835,0.340164,0.330877
2025,WV Wesleyan,11,95.650535,126.176696,70.325,17.332746,-9.467254,0,0,0,0,0.002342,0,0.473684,0.227515,0.2,0.8,0.125,0.416667,0.113758,0.01422,0.339286,0.402695,0.322181,0.340818
2025,Wyoming,5,109.619899,100.4767,65.832813,21.741709,17.541682,3,6,0,0,0.163179,0,0.342254,0.195571,0.302513,0.697487,0.300337,0.478819,0.066931,0.042247,0.399325,0.398812,0.337805,0.349679
2025,Xavier,1,120.797795,99.031905,70.096875,27.081824,33.140658,14,8,0,0,0.776786,0,0.388235,0.160046,0.236549,0.763451,0.371837,0.639151,0.10967,0.037448,0.374037,0.39818,0.336545,0.317134
2025,Xavier (LA),7,96.406106,82.111292,66.1,7.453798,10.253783,0,1,0,0,0.905871,0,0.210526,0.181543,0.325,0.675,0.72,0.533333,0.121029,0.060514,0.38,0.293508,0.317844,0.306056
2025,Yale,2,123.490221,99.616553,69.087069,15.138668,26.585369,4,15,0,0,0.747221,0,0.387719,0.144246,0.287879,0.712121,0.315463,0.545455,0.083353,0.053406,0.32167,0.421901,0.337718,0.29558
2025,York (NE),13,66.61451,118.788465,72.275,28.247811,-20.552198,0,0,0,0,0.00006,0,0.125,0.262885,0.2,0.8,0.166667,0.375,0.06918,0,0.296296,0.371911,0.354943,0.425558
2025,York (NY),15,78.144337,141.496634,71.025,10.064929,-36.735038,0,0,0,0,0.000084,0,0.318182,0.239352,0.413793,0.586207,0.333333,0.705882,0.056318,0.084477,0.385965,0.339791,0.309707,0.271204
2025,Youngstown St,5,112.108285,97.154009,70.907353,12.297095,16.7971,5,12,0,0,0.66247,0,0.320128,0.172553,0.304348,0.695652,0.357988,0.530543,0.097891,0.074248,0.460552,0.383265,0.335308,0.314971
2026,Abilene Chrstn,6,106.608298,98.622695,69.544697,15.640854,13.677174,2,9,0,0,0.414921,0,0.313433,0.205667,0.352436,0.647564,0.402717,0.546584,0.139871,0.039652,0.327717,0.34023,0.32806,0.359655
2026,Adams St,7,87.110414,86.559054,89.25,18.394699,10.594678,0,0,0,0,0.048245,0,0.2,0.246499,0.205128,0.794872,0.491803,0.428571,0.078431,0.156863,0.409836,0.38105,0.325676,0.352214
2026,Adrian,14,80.211953,122.16227,88.45,12.751263,-29.048715,0,0,0,0,0.000193,0,0.228571,0.27134,0.441176,0.558824,0.318841,0.521739,0.169587,0.011306,0.507246,0.338917,0.331137,0.319375
2026,Air Force,9,99.810233,110.005917,67.395313,24.317792,5.374012,0,3,0,0,0.027404,0,0.305556,0.218858,0.241676,0.758324,0.350641,0.558908,0.083463,0.03524,0.417838,0.38946,0.351782,0.371071
2026,AK-Anchorage,12,98.235735,142.068447,65.75,15.600199,-17.199866,0,0,0,0,0.000865,0,0.285714,0.212928,0.391304,0.608696,0.178571,0.391304,0.1673,0.045627,0.5,0.38581,0.379866,0.343863
2026,Akron,12,128.241931,97.246959,71.778676,14.717541,29.288149,6,21,0,0,0.943792,0,0.378958,0.152429,0.2983,0.7017,0.277086,0.575229,0.104898,0.043024,0.45136,0.407901,0.343509,0.336575
2026,Alabama,4,133.814224,99.53576,75.075,33.270647,41.020645,21,2,0,0,0.762985,0,0.35809,0.130286,0.300769,0.699231,0.371917,0.534715,0.085748,0.067433,0.536528,0.388977,0.341863,0.374111
2026,Alabama A&M,8,108.858051,103.488397,68.084848,8.624671,7.685269,0,12,1,0,0.594746,0,0.347403,0.167349,0.276199,0.723801,0.449388,0.493622,0.088125,0.041392,0.342603,0.36977,0.319323,0.353963
2026,Alabama St,8,105.820582,103.948907,71.715625,10.890801,7.76579,1,5,3,0,0.339342,0,0.319035,0.182143,0.345125,0.654875,0.35041,0.486486,0.114166,0.05229,0.382172,0.367002,0.326794,0.362614
2026,Albany St,10,109.238878,125.730023,72.35,8.033678,-4.766334,0,0,0,0,0.022739,0,0.409091,0.248791,0.28,0.72,0.530612,0.541667,0.08293,0,0.44898,0.375646,0.325688,0.373923
2026,Alcorn St,9,101.265066,110.138226,69.579688,14.59238,2.411122,0,6,1,0,0.48446,0,0.333333,0.195819,0.311917,0.688083,0.318107,0.465969,0.110485,0.048955,0.336819,0.368781,0.331699,0.37665
2026,Alfred St,16,84.198605,150.468061,84.375,20.461624,-44.338322,0,0,0,0,0.000004,0,0.285714,0.177778,0.416667,0.583333,0.064935,0.72,0.094815,0.023704,0.454545,0.525656,0.392625,0.289624
2026,Alice Lloyd,15,89.621287,147.845731,75.8,11.055166,-35.744841,0,0,0,0,0.000084,0,0.304348,0.184697,0.24,0.76,0.125,0.615385,0.065963,0,0.359375,0.306325,0.332765,0.372713
2026,Allegheny,15,63.803703,120.054422,69.075,4.435792,-33.364151,0,0,1,0,0.000377,0,0.181818,0.275063,0.266667,0.733333,0.34,0.375,0.043431,0.086862,0.44,0.39739,0.331343,0.311388
2026,American,6,114.113638,101.466281,67.695313,11.20919,14.259237,2,8,0,0,0.373842,0,0.333333,0.15603,0.304134,0.695866,0.293177,0.507711,0.114022,0.022158,0.460554,0.406121,0.334606,0.321171
2026,Angelo State,10,79.500159,99.21744,73.3,16.658027,-3.142021,0,0,0,0,0.007413,0,0.25,0.245566,0.382353,0.617647,0.509091,0.625,0.081855,0.081855,0.363636,0.24569,0.322368,0.409483
2026,App State,5,115.113292,97.653178,64.903906,11.805466,17.674226,3,12,0,0,0.605664,0,0.303465,0.152148,0.31255,0.68745,0.386689,0.485,0.075593,0.056815,0.460396,0.398354,0.332765,0.353437
2026,Apprentice,12,81.84459,120.215896,75.225,13.550178,-19.249785,0,0,0,0,0.000865,0,0.4,0.265869,0.378378,0.621622,0.171875,0.52381,0.066467,0.093054,0.3125,0.375944,0.294118,0.373247
2026,Aquinas,16,67.996123,150.602911,82.8,21.741856,-56.058122,0,0,0,0,0,0,0.478261,0.362319,0.181818,0.818182,0.150943,0.588235,0.084541,0.024155,0.433962,0.340052,0.344985,0.377261
2026,AR-Pine Bluff,8,110.250964,107.666451,72.633594,11.129196,8.247935,1,6,2,0,0.425671,0,0.342776,0.185004,0.305762,0.694238,0.363397,0.581287,0.098525,0.040012,0.372363,0.371475,0.332467,0.361907
2026,Arcadia,9,103.150023,119.969244,68.125,22.106224,3.306256,0,0,0,0,0.008724,0,0.290323,0.13211,0.411765,0.588235,0.227273,0.521739,0.13211,0.073394,0.469697,0.448783,0.308475,0.308316
2026,Arizona,1,131.83462,85.462978,71.303676,31.47853,48.172631,25,7,0,0,0.85362,0,0.36036,0.151795,0.300138,0.699862,0.42871,0.554379,0.109721,0.059398,0.268246,0.382576,0.350381,0.344298
2026,Arizona St,2,119.240086,99.989775,70.55,31.550256,29.162356,13,4,0,0,0.485093,0,0.334243,0.170951,0.307482,0.692518,0.394971,0.529894,0.09922,0.064858,0.383971,0.382641,0.351876,0.34731
2026,Ark Baptist,10,86.032798,101.898425,76.091667,6.747963,-5.71871,0,0,1,0,0.043794,0,0.215686,0.197131,0.255102,0.744898,0.264865,0.304348,0.140182,0.048187,0.275676,0.355638,0.340537,0.375435
2026,Arkansas,4,133.900985,98.253705,73.239706,31.706107,40.806106,21,4,0,0,0.756846,0,0.388736,0.122884,0.305623,0.694377,0.363886,0.529789,0.099191,0.070277,0.333639,0.413545,0.344891,0.373493
2026,Arkansas St,4,118.088469,99.779603,73.525,14.983424,20.833418,4,12,0,0,0.698793,0,0.332589,0.193812,0.344932,0.655068,0.386318,0.561873,0.101581,0.035277,0.450704,0.388591,0.334424,0.35323
2026,Arkansas Tech,12,91.742098,136.139939,74.6,20.833418,-19.966589,0,0,0,0,0.000229,0,0.347826,0.36193,0.352941,0.647059,0.307692,0.625,0.147453,0.013405,0.442308,0.450704,0.332589,0.386318
2026,Arlington Bapt,15,79.689383,135.283349,84.041667,21.43705,-34.696317,0,0,0,0,0.00002,0,0.294118,0.237977,0.283582,0.716418,0.297297,0.587302,0.10709,0.019831,0.275676,0.385636,0.319539,0.358915
2026,Army,9,108.745009,108.530187,68.749219,10.826488,5.664034,0,8,0,0,0.232062,0,0.324402,0.173184,0.331278,0.668722,0.256004,0.596774,0.085001,0.023182,0.533981,0.412311,0.335756,0.310875
2026,AU Montgomery,10,60.964643,86.662774,71.125,17.518863,-6.281152,0,0,0,0,0.003845,0,0.15625,0.182777,0.405405,0.594595,0.227273,0.5,0.210896,0.056239,0.484848,0.391329,0.358273,0.425676
2026,Auburn,1,130.121435,105.669413,69.617424,32.257601,35.251721,11,6,0,0,0.410705,0,0.337629,0.147124,0.36772,0.63228,0.446744,0.461878,0.107079,0.060069,0.391721,0.400539,0.346272,0.367082
2026,Austin Peay,4,118.796467,98.753994,71.158871,11.729575,20.458605,1,18,0,0,0.674097,0,0.358621,0.152317,0.300909,0.699091,0.37654,0.574371,0.129651,0.033999,0.388324,0.431906,0.341467,0.324335
2026,Averett,15,71.923454,133.831248,77.7625,19.948932,-35.851043,0,0,0,0,0.000136,0,0.195652,0.315062,0.490196,0.509804,0.345133,0.483871,0.051439,0.01929,0.40708,0.377394,0.335446,0.420601
2026,B'tine Mesa,15,76.209489,131.896984,82.65,10.326308,-38.473773,0,0,0,0,0.00006,0,0.238095,0.30248,0.178571,0.821429,0.25,0.428571,0.108893,0.024198,0.375,0.368005,0.367127,0.329565
2026,Bakersfield,8,105.745485,106.480582,73.153125,16.647572,7.28501,3,1,0,0,0.057127,0,0.289908,0.185399,0.328546,0.671454,0.425172,0.446541,0.104233,0.067068,0.288207,0.393328,0.329518,0.35345
2026,Ball State,7,106.171318,99.708897,66.543548,13.456421,11.591922,0,9,0,0,0.479953,0,0.316401,0.159973,0.300699,0.699301,0.32068,0.530364,0.11392,0.040236,0.390368,0.397175,0.327542,0.34446
2026,Baptist (Fl),16,58.008077,122.229077,94.875,18.174781,-51.625208,0,0,0,0,0.000002,0,0,0.200264,0.318182,0.681818,0.320513,0.375,0.052701,0.031621,0.307692,0.405966,0.348692,0.374621
2026,Baylor,1,127.807065,99.966009,70.121875,28.75895,33.465185,10,4,0,0,0.327596,0,0.345144,0.164446,0.346644,0.653356,0.349336,0.539446,0.093587,0.057044,0.389173,0.37381,0.345241,0.345144
2026,Bellarmine,7,124.169391,116.645891,67.154687,14.271172,12.614922,2,8,0,0,0.429527,0,0.382436,0.152633,0.230942,0.769058,0.345778,0.533627,0.090742,0.025594,0.405514,0.4366,0.341998,0.316763
2026,Belmont,2,124.789883,96.979289,70.892969,18.507792,28.939033,15,8,0,0,0.684595,0,0.403468,0.177204,0.253692,0.746308,0.3184,0.617861,0.086398,0.048489,0.461333,0.400511,0.331332,0.32975
2026,Belmont Abbey,14,80.223974,139.798028,68.175,15.475694,-29.324273,0,0,0,0,0.000117,0,0.208333,0.278695,0.28125,0.71875,0.25,0.47619,0.044004,0,0.461538,0.431231,0.342926,0.336608
2026,Benedictne,16,82.479542,149.160704,77.275,6.418879,-45.381105,0,0,0,0,0.000037,0,0.27027,0.219994,0.258065,0.741935,0.140625,0.826087,0.064704,0.025882,0.578125,0.449794,0.31201,0.381092
2026,Berea,11,89.312816,112.775429,74.225,8.82428,-9.975728,0,0,0,0,0.008724,0,0.321429,0.255978,0.323529,0.676471,0.180328,0.826087,0.10778,0.013473,0.459016,0.376828,0.314925,0.359393
2026,Bethany (WV),13,76.403562,115.693703,82.25,16.819556,-21.980411,0,0,0,0,0.0014,0,0.344828,0.316109,0.203125,0.796875,0.172414,0.52381,0.079027,0.030395,0.5,0.327284,0.335954,0.313126
2026,Bethel (TN),11,89.246162,117.468986,80.7875,14.499213,-13.300799,0,0,0,0,0.002012,0,0.177778,0.222807,0.364865,0.635135,0.274074,0.44,0.13616,0.049513,0.333333,0.387759,0.328133,0.388618
2026,Bethesda,15,78.812157,134.221195,81.275,18.773283,-33.741063,0,0,0,0,0.000074,0,0.268041,0.189832,0.368715,0.631285,0.215481,0.434483,0.082612,0.019335,0.405858,0.371967,0.346669,0.33431
2026,Bethune,7,109.602197,102.204943,71.910938,13.671543,12.809039,0,12,2,0,0.59896,0,0.333333,0.192078,0.29083,0.70917,0.411123,0.511111,0.097777,0.063881,0.29771,0.370976,0.335437,0.382543
2026,Biblical Stud,15,67.510229,132.318122,77.677778,15.515463,-40.062339,0,0,0,0,0.001868,0,0.251082,0.290373,0.306383,0.693617,0.226121,0.390728,0.095838,0.03433,0.450292,0.381419,0.334649,0.352315
2026,Binghamton,9,104.614488,109.406136,66.710484,8.075857,1.108167,0,1,6,0,0.394409,0,0.326693,0.184717,0.213622,0.786378,0.417089,0.497931,0.077369,0.044487,0.317722,0.392703,0.328943,0.311508
2026,Blackburn,16,72.408508,146.108696,70.475,8.229448,-44.570563,0,0,0,0,0.000031,0,0.333333,0.326357,0.25,0.75,0.019608,0.611111,0.085137,0.042568,0.705882,0.301081,0.32316,0.332432
2026,Bloomfield,7,112.084371,107.413586,85.65,10.008385,11.208433,0,0,0,0,0.1461,0,0.352941,0.140105,0.28125,0.71875,0.184211,0.571429,0.151781,0.023351,0.447368,0.364294,0.349618,0.311457
2026,Bloomsburg,11,74.50204,121.683246,64.225,21.571195,-15.228771,0,0,0,0,0.000445,0,0.25,0.295835,0.357143,0.642857,0.22,0.642857,0.046711,0.077851,0.4,0.315015,0.373832,0.29686
2026,Blue Mountain,14,84.374815,130.7434,75.075,12.727816,-25.572189,0,0,0,0,0.006033,0,0.173077,0.17316,0.362069,0.637931,0.263566,0.404762,0.07992,0.02664,0.403101,0.412052,0.354754,0.353432
2026,Bluefield,11,103.01161,131.444349,77.2,13.045754,-12.754231,0,0,0,0,0.002764,0,0.5,0.11658,0.28,0.72,0.533333,0.565217,0.129534,0.03886,0.266667,0.290678,0.322581,0.399338
2026,Bluefield St,10,93.867777,114.670191,66.175,4.822716,-7.977256,0,0,1,0,0.022739,0,0.5,0.347563,0.30303,0.69697,0.276596,0.454545,0.10578,0.090669,0.382979,0.337023,0.328407,0.388489
2026,Bob Jones,15,77.869267,134.129422,76.258333,16.417147,-32.049505,0,0,0,0,0.000098,0,0.291139,0.244782,0.30137,0.69863,0.160221,0.532258,0.104907,0.026227,0.436464,0.425711,0.331434,0.358684
2026,Boise St,2,122.745396,97.635149,68.815625,26.075937,30.294652,16,2,0,0,0.670572,0,0.342342,0.169384,0.298094,0.701906,0.416759,0.505481,0.066754,0.031334,0.428335,0.392851,0.35024,0.370646
2026,Boston College,3,109.366043,96.026655,67.235484,25.97877,22.101366,6,4,0,0,0.217152,0,0.293888,0.154488,0.292511,0.707489,0.323967,0.474324,0.071967,0.061412,0.423691,0.410521,0.34398,0.347415
2026,Boston U,6,119.14312,108.812905,65.544118,11.42401,13.235825,2,12,2,0,0.757473,0,0.393342,0.176352,0.257065,0.742935,0.314875,0.53348,0.073143,0.049809,0.440282,0.407976,0.335005,0.31733
2026,Bowie State,9,91.887719,99.476059,80.475,17.562301,4.762332,0,0,0,0,0.022739,0,0.25,0.298229,0.233333,0.766667,0.931818,0.3125,0.136688,0.049705,0.363636,0.339733,0.345369,0.4496
2026,Bowling Green,4,116.346323,94.175463,72.617188,12.491837,21.741856,2,12,0,0,0.516823,0,0.344985,0.158365,0.282741,0.717259,0.377261,0.492942,0.134266,0.049059,0.340052,0.395026,0.347545,0.334541
2026,Boyce,15,84.496747,132.539425,85.7,14.714827,-32.085157,0,0,0,0,0.000084,0,0.269231,0.245041,0.185185,0.814815,0.1875,0.296296,0.046674,0.070012,0.40625,0.444271,0.3517,0.299479
2026,Bradley,3,117.597887,97.679366,70.12803,19.936289,23.633253,10,10,0,0,0.59508,0,0.35528,0.138275,0.295936,0.704064,0.368819,0.50748,0.114509,0.044507,0.406155,0.410124,0.339514,0.327436
2026,Brandeis,7,102.288875,110.315529,65.85,27.58314,12.783193,0,0,0,0,0.016599,0,0.387097,0.182232,0.30303,0.69697,0.098361,0.625,0.07593,0.045558,0.508197,0.362756,0.400314,0.343394
2026,Brescia,11,73.29757,102.885138,76.625,17.391798,-11.408198,0,0,0,0,0.002934,0,0.173077,0.202284,0.322581,0.677419,0.234375,0.527778,0.150082,0.032626,0.40625,0.455504,0.322882,0.363165
2026,Brevard,11,87.982363,108.577833,71.225,-1.342072,-12.142052,0,0,1,0,0.03094,0,0.25,0.2106,0.15,0.85,0.203704,0.56,0.1404,0.01404,0.37037,0.387454,0.308844,0.307327
2026,Brewton Parker,11,77.617435,99.621028,67.9875,5.337761,-8.962228,0,0,1,0,0.0206,0,0.361111,0.2574,0.322581,0.677419,0.189189,0.567568,0.058834,0.036771,0.324324,0.331091,0.336813,0.350396
2026,Brown,7,106.403403,97.854667,68.758333,11.596875,11.774705,1,3,0,0,0.229318,0,0.317487,0.186913,0.307611,0.692389,0.277184,0.594901,0.11635,0.055481,0.370207,0.417605,0.342597,0.30837
2026,Bryan (TN),15,74.623309,136.415107,74.5125,16.694008,-34.855987,0,0,0,0,0.000213,0,0.270588,0.308673,0.333333,0.666667,0.164502,0.531646,0.057037,0.020131,0.367965,0.421511,0.35706,0.359424
2026,Bryant,9,102.211401,105.837287,65.989516,11.300927,4.204203,0,4,3,0,0.317904,0,0.304187,0.198956,0.295543,0.704457,0.301765,0.544928,0.089457,0.063549,0.477647,0.383694,0.325485,0.322065
2026,Bryant Str OH,12,95.311164,138.863736,68.325,17.234238,-17.565744,0,0,0,0,0.000621,0,0.277778,0.117087,0.4375,0.5625,0.098592,0.296296,0.058544,0.07318,0.253521,0.491958,0.344983,0.312257
2026,Bryant Str-Alb,16,50.119963,115.629471,77.225,10.008385,-42.791567,0,0,0,0,0.000031,0,0.142857,0.168339,0.423077,0.576923,0.157143,0.538462,0.103593,0.051797,0.4,0.364294,0.349618,0.311457
2026,Bucknell,8,104.711244,107.110756,67.824242,15.401032,6.752592,0,7,1,0,0.295279,0,0.306431,0.189438,0.292189,0.707811,0.297574,0.539846,0.106335,0.02636,0.427493,0.417124,0.346866,0.322654
2026,Buena Vista,13,82.730507,136.808461,68.325,18.924756,-23.875256,0,0,0,0,0.000164,0,0.342857,0.248811,0.277778,0.722222,0.132075,0.722222,0.058544,0.014636,0.660377,0.457057,0.341758,0.334505
2026,Buffalo,5,120.795528,107.251745,67.625781,15.453403,17.197177,2,11,0,0,0.333292,0,0.382609,0.160811,0.285291,0.714709,0.394247,0.554893,0.111829,0.040203,0.454033,0.388596,0.340503,0.340975
2026,Butler,2,121.403768,99.467003,71.039844,27.630558,28.874328,11,4,0,0,0.30794,0,0.327381,0.159242,0.327543,0.672457,0.420697,0.571922,0.091498,0.044869,0.349454,0.390414,0.33666,0.335274
2026,BYU,6,129.389726,95.404486,70.836029,31.23019,39.065472,19,4,0,0,0.497247,0,0.349169,0.153212,0.323349,0.676651,0.341521,0.454455,0.101726,0.062697,0.397733,0.389347,0.350142,0.338414
2026,C Arkansas,4,118.407426,100.359375,71.120588,13.494651,19.706413,2,18,0,0,0.770384,0,0.35,0.152599,0.301639,0.698361,0.300709,0.571872,0.124064,0.026054,0.491726,0.413282,0.340315,0.322303
2026,C Connecticut,7,114.127098,104.083046,66.3275,8.03079,11.177501,2,11,0,0,0.639959,0,0.368067,0.15931,0.263822,0.736178,0.297535,0.515567,0.08443,0.060809,0.349178,0.372967,0.327852,0.308686
2026,C Michigan,7,111.710118,105.624397,69.151613,15.957696,12.751263,2,5,0,0,0.417223,0,0.331137,0.182861,0.307312,0.692688,0.319375,0.560335,0.095629,0.060643,0.338917,0.414946,0.3348,0.343115
2026,CA Baptist,13,113.745914,93.136032,67.964394,17.977556,23.432053,7,17,0,0,0.762569,0,0.337043,0.181913,0.347496,0.652504,0.361267,0.40355,0.080702,0.042357,0.32141,0.344826,0.332957,0.365965
2026,Cal Poly,5,113.689935,104.04038,76.756061,19.143032,16.555087,7,6,0,0,0.513264,0,0.331481,0.197793,0.295797,0.704203,0.350145,0.505605,0.085671,0.02882,0.523763,0.393155,0.336925,0.3516
2026,Caldwell,10,90.92799,112.293819,80.7,19.043681,-5.756275,0,0,0,0,0.003261,0,0.392857,0.223048,0.2,0.8,0.190476,0.416667,0.111524,0.049566,0.444444,0.342871,0.34407,0.326807
2026,California,2,120.259657,95.493538,70.045312,25.947501,29.572497,14,5,0,0,0.487643,0,0.360553,0.147226,0.263489,0.736511,0.3752,0.528347,0.083874,0.044614,0.425441,0.39718,0.344452,0.347669
2026,Caltech,15,92.012119,135.367282,95.875,18.525964,-32.27411,0,0,0,0,0.000043,0,0.259259,0.239896,0.228571,0.771429,0.362319,0.407407,0.062581,0,0.391304,0.43038,0.343137,0.381153
2026,Calumet,13,83.459344,131.858575,69.2,15.499034,-22.300972,0,0,0,0,0.000382,0,0.324324,0.231214,0.288462,0.711538,0.218182,0.315789,0.108382,0.036127,0.336364,0.399577,0.33404,0.339894
2026,Cameron,11,88.291042,115.897439,76.4,16.658027,-10.142021,0,0,0,0,0.002342,0,0.321429,0.235602,0.30303,0.69697,0.421053,0.368421,0.13089,0.039267,0.491228,0.24569,0.322368,0.409483
2026,Campbell,5,117.56904,103.576728,70.8875,16.906846,18.624515,5,9,0,0,0.51327,0,0.32973,0.174261,0.349507,0.650493,0.424378,0.466083,0.094599,0.025724,0.368159,0.384673,0.329513,0.353315
2026,Campbellsville,12,90.957147,137.979931,70.325,20.174145,-19.625871,0,0,0,0,0.00027,0,0.3125,0.170636,0.2,0.8,0.116667,0.727273,0.085318,0.042659,0.533333,0.39869,0.34134,0.417843
2026,Canisius,9,101.290239,104.597606,64.78629,11.848645,4.435792,0,5,2,0,0.240475,0,0.331343,0.195681,0.308582,0.691418,0.311388,0.550296,0.076181,0.039833,0.39739,0.390629,0.327769,0.331321
2026,Capital,7,101.984363,97.308924,70.75,8.698381,10.898397,0,0,0,0,0.16045,0,0.333333,0.19788,0.277778,0.722222,0.16129,0.48,0.113074,0.042403,0.580645,0.495838,0.374607,0.366285
2026,Carolina U,14,77.348416,135.758609,70.7,14.893233,-30.573423,0,0,1,0,0.000114,0,0.275362,0.2876,0.306818,0.693182,0.223602,0.5,0.066007,0.018859,0.428571,0.429785,0.343333,0.361119
2026,Catawba,9,98.880177,116.236103,68.8,25.039707,4.239739,0,0,0,0,0.006295,0,0.333333,0.218023,0.5,0.5,0.137931,0.423077,0.218023,0.05814,0.310345,0.350528,0.341137,0.420868
2026,Cent St OH,10,97.343974,123.976811,77.0375,22.220584,-7.07939,0,0,0,0,0.005244,0,0.313725,0.19471,0.285714,0.714286,0.130769,0.5,0.084374,0.038942,0.392308,0.380218,0.351005,0.337322
2026,Centenary (LA),12,80.84378,116.161211,75.125,10.397489,-18.402524,0,0,0,0,0.001682,0,0.25,0.22629,0.178571,0.821429,0.267857,0.4,0.053245,0.026622,0.428571,0.379691,0.318314,0.410044
2026,Centenary (NJ),16,71.868445,150.651662,74.6,13.840904,-48.959038,0,0,0,0,0.000006,0,0.4,0.36193,0.28,0.72,0.340426,0.75,0.067024,0.02681,0.319149,0.391789,0.318862,0.34956
2026,Central Penn,15,80.25181,130.88701,80.2,4.851983,-35.281312,0,0,2,0,0.002226,0,0.308824,0.274314,0.337209,0.662791,0.316384,0.476923,0.099751,0.016625,0.384181,0.389912,0.323103,0.36318
2026,Chaminade,9,108.921539,118.163515,80.733333,29.265032,3.131673,0,0,0,0,0.03698,0,0.357143,0.136251,0.328125,0.671875,0.367347,0.440476,0.14038,0,0.357143,0.412138,0.35472,0.392047
2026,Champ Chrstn,15,79.328838,135.544781,85.554167,15.7042,-38.595814,0,0,0,0,0.000067,0,0.2827,0.237666,0.311765,0.688235,0.111374,0.633094,0.08182,0.031169,0.561611,0.384764,0.333289,0.372346
2026,Charleston,4,115.258208,99.777587,69.189063,17.921178,19.652453,6,12,0,0,0.66837,0,0.296719,0.154016,0.285474,0.714526,0.409066,0.522424,0.081299,0.065039,0.378305,0.402861,0.338714,0.348279
2026,Charleston So,6,113.902693,102.165105,75.685156,10.456592,14.000357,2,6,0,0,0.412437,0,0.361321,0.184151,0.282528,0.717472,0.302427,0.569002,0.063999,0.064412,0.514563,0.39206,0.321805,0.364766
2026,Charlotte,4,119.206402,106.410202,65.467647,20.719107,19.130869,5,12,0,0,0.410145,0,0.349057,0.182398,0.320273,0.679727,0.36558,0.520516,0.070084,0.052114,0.453234,0.391221,0.330539,0.36375
2026,Chattanooga,7,116.702145,107.505554,67.766406,10.107619,11.545124,0,7,3,0,0.424422,0,0.358051,0.141571,0.236072,0.763928,0.278284,0.568102,0.078394,0.038736,0.506166,0.415819,0.330334,0.340412
2026,Cheyney (PA),14,87.728078,128.542766,74.2125,2.329988,-25.96998,0,0,2,0,0.008396,0,0.294118,0.249284,0.363636,0.636364,0.401869,0.333333,0.114536,0.02695,0.317757,0.309026,0.297785,0.305552
2026,Chicago St,8,104.837982,109.622382,66.139844,15.371878,6.09066,0,5,1,0,0.412734,0,0.318417,0.158282,0.343373,0.656627,0.3021,0.49867,0.123318,0.018899,0.31287,0.396336,0.341097,0.32429
2026,Christendom,16,50.633308,124.743753,71.275,0.356326,-49.443659,0,0,1,0,0.000051,0,0.277778,0.182392,0.264706,0.735294,0.142857,0.769231,0.070151,0.02806,0.285714,0.540373,0.328544,0.291925
2026,Christian Bros,10,105.568191,132.055572,68.175,20.833418,-3.966589,0,0,0,0,0.003261,0,0.192308,0.190686,0.366667,0.633333,0.216667,0.307692,0.058673,0.014668,0.433333,0.450704,0.332589,0.386318
2026,Cincinnati,1,115.36378,87.091144,69.495455,28.990061,33.759756,11,7,0,0,0.700223,0,0.33945,0.169621,0.298132,0.701868,0.294029,0.636787,0.090261,0.061046,0.437531,0.391928,0.345495,0.337141
2026,CINCYCLER,15,82.848428,132.264644,90.65,19.232843,-34.567139,0,0,0,0,0.000026,0,0.305556,0.242692,0.458333,0.541667,0.191781,0.541667,0.132377,0.011031,0.493151,0.445978,0.341515,0.362208
2026,City (NY),16,73.196016,139.056459,80.8,14.64774,-43.6522,0,0,0,0,0.000013,0,0.191489,0.235149,0.155172,0.844828,0.128,0.431818,0.024752,0.055693,0.376,0.349747,0.340518,0.304195
2026,Cleary,13,73.873342,117.904411,74.391667,17.752667,-21.047308,0,0,0,0,0.000442,0,0.196429,0.224039,0.343434,0.656566,0.291209,0.446429,0.094097,0.062731,0.307692,0.354811,0.335513,0.338674
2026,Clemson,8,122.228727,91.105794,66.038235,28.427842,35.369027,18,4,0,0,0.396861,0,0.341076,0.142075,0.271012,0.728988,0.371459,0.502315,0.095756,0.042756,0.429171,0.412258,0.340982,0.350651
2026,Cleveland St,8,116.901764,115.189562,71.406061,14.752912,8.698381,2,7,0,0,0.219078,0,0.374607,0.179935,0.301676,0.698324,0.366285,0.584192,0.078934,0.038194,0.495838,0.399377,0.33532,0.339864
2026,Clinton,16,61.147357,134.232181,75.75,20.062698,-42.737287,0,0,0,0,0.000006,0,0.190476,0.171617,0.304348,0.695652,0.153846,0.266667,0.132013,0.052805,0.323077,0.444235,0.338983,0.431529
2026,Cmbrlnd KY,10,101.13822,123.886028,77.325,19.232843,-5.567139,0,0,0,0,0.003261,0,0.3125,0.232784,0.45,0.55,0.094595,0.344828,0.05173,0.038797,0.432432,0.445978,0.341515,0.362208
2026,CO Christian,11,100.275629,141.78186,66.1,18.509576,-14.290498,0,0,0,0,0.000865,0,0.317073,0.189107,0.255814,0.744186,0.31068,0.391304,0.098336,0,0.398058,0.407408,0.370784,0.305552
2026,Coastal,6,108.888851,98.668384,70.296875,13.140024,14.258777,3,13,0,0,0.562234,0,0.338863,0.152923,0.264224,0.735776,0.317949,0.415423,0.062236,0.047122,0.432821,0.40575,0.332323,0.365036
2026,Coastal GA,12,87.754615,126.60378,73.708333,16.858457,-17.274879,0,0,0,0,0.001153,0,0.337349,0.244206,0.308511,0.691489,0.323529,0.482759,0.094969,0.049746,0.488235,0.390628,0.334018,0.376904
2026,Coe,13,74.313039,119.548027,69.6375,13.333303,-21.466713,0,0,1,0,0.024126,0,0.277778,0.272842,0.321429,0.678571,0.078261,0.526316,0.107701,0.02872,0.469565,0.366111,0.334211,0.311208
2026,Colgate,6,116.868999,104.999567,68.07197,13.140662,15.152831,1,13,0,0,0.505694,0,0.358936,0.148684,0.259556,0.740444,0.291839,0.519397,0.087697,0.044516,0.34969,0.409118,0.33368,0.305512
2026,Colorado,2,123.89928,102.625578,70.370312,29.312525,29.043749,15,2,0,0,0.405525,0,0.353116,0.145214,0.290793,0.709207,0.357664,0.557159,0.090148,0.047961,0.351408,0.395254,0.349724,0.341265
2026,Colorado Coll,11,86.828575,119.156115,71.85,21.418953,-9.38113,0,0,0,0,0.001207,0,0.307692,0.180932,0.208333,0.791667,0.098361,0.2,0.069589,0.041754,0.213115,0.429006,0.361702,0.267241
2026,Colorado St,2,125.90337,102.210475,64.521212,22.910626,27.268166,11,7,0,0,0.752232,0,0.390887,0.183637,0.268362,0.731638,0.394366,0.630252,0.08266,0.032407,0.489437,0.402769,0.340058,0.363825
2026,Columbia,4,117.161293,100.028781,68.291071,14.090298,19.054633,3,11,0,0,0.419218,0,0.3552,0.190885,0.326661,0.673339,0.281975,0.554443,0.085767,0.04393,0.371802,0.409733,0.34333,0.312355
2026,Columbia (SC),13,91.03296,133.925442,75.125,16.690322,-21.109662,0,0,0,0,0.000425,0,0.466667,0.246256,0.218182,0.781818,0.27027,0.613636,0.053245,0.033278,0.405405,0.407236,0.33764,0.391756
2026,Columbia Int'l,12,85.208435,128.134674,68.2,15.132604,-18.16738,0,0,0,0,0.001306,0,0.306122,0.241935,0.191489,0.808511,0.237624,0.473684,0.102639,0,0.485149,0.380439,0.324887,0.358355
2026,Concord,12,91.469126,135.688234,78.8,29.288149,-18.511827,0,0,0,0,0.000071,0,0.368421,0.266497,0.387097,0.612903,0.121212,0.727273,0.050761,0.025381,0.575758,0.45136,0.378958,0.277086
2026,Concordia (NE),9,119.912559,133.142797,69.55,13.963992,1.163933,0,0,0,0,0.022739,0,0.266667,0.15816,0.3,0.7,0.305085,0.392857,0.057513,0.014378,0.508475,0.415748,0.352273,0.331234
2026,Converse,14,72.066587,125.464277,76.95,20.255225,-28.544763,0,0,0,0,0.00006,0,0.212121,0.2859,0.382353,0.617647,0.029851,0.52381,0.064977,0.012995,0.492537,0.378991,0.342391,0.339341
2026,Coppin St,10,98.098757,111.370164,69.684677,11.527091,-2.311593,0,0,5,0,0.390384,0,0.305281,0.22081,0.344896,0.655104,0.378049,0.514205,0.091657,0.049532,0.351916,0.367453,0.329774,0.369625
2026,Cornell,4,127.368765,109.991271,72.403571,14.81872,20.461624,3,9,0,0,0.594511,0,0.392625,0.161298,0.299492,0.700508,0.289624,0.686997,0.082869,0.038968,0.525656,0.403553,0.350269,0.31302
2026,Creighton,2,119.636907,98.970919,68.6875,29.327858,29.021617,10,4,0,0,0.33623,0,0.345395,0.16515,0.269094,0.730906,0.274987,0.584416,0.084622,0.038672,0.482285,0.381182,0.336723,0.344402
2026,Crown,14,61.912792,114.557797,74.8,12.646173,-30.153885,0,0,0,0,0.000164,0,0.230769,0.360963,0.15,0.85,0.166667,0.705882,0.080214,0.013369,0.541667,0.402738,0.33177,0.365439
2026,CSU Northridge,5,112.858408,98.867661,76.125,17.006279,18.594449,9,9,0,0,0.574008,0,0.322709,0.172704,0.314854,0.685146,0.336625,0.567194,0.090409,0.037863,0.337971,0.39393,0.331754,0.352344
2026,Culver Stock,16,62.153109,139.747907,76.275,12.763156,-50.036855,0,0,0,0,0.000006,0,0.16,0.249099,0.5,0.45,0.130435,0.611111,0.183546,0.01311,0.362319,0.307279,0.308426,0.370787
2026,Cumberland,8,94.522836,104.497141,66.325,20.213326,7.41331,0,0,0,0,0.022739,0,0.277778,0.226159,0.290323,0.709677,0.122807,0.458333,0.135695,0.030155,0.315789,0.459232,0.340206,0.319832
2026,Curry,16,40.205749,138.454301,80.6,4.983459,-73.816482,0,0,1,0,0,0,0.125,0.260546,0.333333,0.666667,0.25,0.363636,0.012407,0.049628,0.25,0.434471,0.309252,0.286894
2026,Dakota St,9,98.632916,112.023838,67.25,14.150339,1.683618,0,0,0,0,0.05322,0,0.32,0.213135,0.222222,0.777778,0.322581,0.514286,0.104089,0.024783,0.322581,0.383931,0.335886,0.371052
2026,Dall Christian,15,64.091942,129.505126,77.308333,15.577988,-40.22204,0,0,0,0,0.000035,0,0.176471,0.250081,0.289157,0.710843,0.375,0.348837,0.103482,0.038806,0.404762,0.372556,0.326082,0.342214
2026,Dallas,13,79.566674,127.881039,73.5125,17.45651,-23.843516,0,0,0,0,0.000247,0,0.209302,0.258459,0.283019,0.716981,0.165217,0.333333,0.040809,0.013603,0.373913,0.352135,0.348549,0.361976
2026,Dartmouth,7,112.841463,104.490181,70.177778,13.739867,12.969543,3,5,1,0,0.212705,0,0.361222,0.173633,0.249738,0.750262,0.370274,0.554734,0.071248,0.052248,0.490874,0.41751,0.343149,0.303812
2026,Davidson,3,117.149288,100.440288,65.121212,20.014387,23.508523,11,6,0,0,0.497006,0,0.359509,0.159144,0.294171,0.705829,0.325203,0.538644,0.101443,0.066543,0.441734,0.407852,0.333643,0.348598
2026,Dayton,2,116.523841,93.358251,68.722059,23.800389,27.706295,16,5,0,0,0.750547,0,0.34127,0.174188,0.268336,0.731664,0.470911,0.599016,0.121547,0.058633,0.414929,0.41922,0.346966,0.350012
2026,Defiance,15,73.771715,129.595949,76.4625,16.470064,-31.829923,0,0,0,0,0.000369,0,0.23913,0.320419,0.32,0.68,0.211009,0.5,0.07847,0.045774,0.422018,0.344958,0.349601,0.357308
2026,Delaware,7,109.731807,106.773586,65.423387,17.961448,11.567894,4,5,1,0,0.392265,0,0.360215,0.183914,0.208025,0.791975,0.306122,0.522222,0.086287,0.046841,0.460111,0.38985,0.333893,0.356339
2026,Delaware St,10,93.844027,101.917902,67.247581,8.270281,-0.639367,0,2,11,0,0.21372,0,0.295918,0.195714,0.317477,0.682523,0.321325,0.478832,0.113687,0.027822,0.284718,0.356851,0.338323,0.358936
2026,Denver,6,124.274493,113.564315,69.6375,15.300255,15.600199,6,4,0,0,0.591564,0,0.379866,0.141357,0.306348,0.693652,0.343863,0.400216,0.065967,0.02872,0.38581,0.409587,0.34479,0.33811
2026,DePaul,3,112.585971,93.444353,67.860156,25.897864,25.885386,10,4,0,0,0.393246,0,0.325318,0.177295,0.309211,0.690789,0.352649,0.609137,0.101772,0.050656,0.390177,0.377267,0.336934,0.346362
2026,DeSales,10,95.064648,125.472913,72.55,23.508523,-7.291455,0,0,0,0,0.001207,0,0.384615,0.248105,0.185185,0.814815,0.352941,0.47619,0.055134,0,0.509804,0.441734,0.359509,0.325203
2026,Detroit Mercy,6,115.431528,104.762578,70.19375,15.495755,15.570772,4,10,0,0,0.656681,0,0.348259,0.161161,0.325852,0.674148,0.343383,0.48046,0.085032,0.04541,0.308125,0.396294,0.341548,0.330074
2026,Dicknsn PA,13,59.403818,98.693868,77.8,8.138709,-23.661239,0,0,0,0,0.001022,0,0.28125,0.347044,0.282051,0.717949,0.137931,0.625,0.128535,0.025707,0.551724,0.399674,0.321088,0.324633
2026,Dist Columbia,11,103.842024,135.580061,72.675,17.562301,-11.237668,0,0,0,0,0.001682,0,0.153846,0.192638,0.227273,0.772727,0.6875,0.25,0.110079,0.05504,0.270833,0.339733,0.345369,0.4496
2026,Dkta Wesleyan,11,93.761937,126.577046,70.8,17.689472,-11.110581,0,0,0,0,0.001682,0,0.305556,0.127119,0.25,0.75,0.123077,0.695652,0.09887,0.028249,0.553846,0.392744,0.344043,0.30021
2026,Doane,8,106.705579,110.021694,68.75,13.963992,8.163933,0,0,0,0,0.063849,0,0.34375,0.189091,0.217391,0.782609,0.178571,0.68,0.145455,0.014545,0.571429,0.415748,0.352273,0.331234
2026,Dominican CA,9,105.613078,120.30922,76.575,21.913957,2.113915,0,0,0,0,0.007509,0,0.333333,0.189357,0.283784,0.716216,0.263566,0.653846,0.071825,0.045707,0.418605,0.396931,0.346943,0.391215
2026,Dominican IL,16,80.621561,152.446467,83.2375,14.098631,-50.701355,0,0,0,0,0.000019,0,0.288136,0.276318,0.23913,0.76087,0.366071,0.714286,0.036041,0.030035,0.526786,0.409825,0.33714,0.310688
2026,Drake,5,116.297423,102.476055,68.510294,19.254178,18.924756,6,5,0,0,0.235169,0,0.341758,0.149398,0.271215,0.728785,0.334505,0.519864,0.079851,0.045077,0.457057,0.398299,0.337039,0.320493
2026,Drexel,5,109.190283,96.976732,65.67197,15.734047,16.328026,3,11,0,0,0.482256,0,0.350068,0.191032,0.30809,0.69191,0.311582,0.544099,0.092747,0.056294,0.400761,0.380896,0.32947,0.341229
2026,Duke,1,133.86446,83.378813,66.948529,31.26568,50.036278,26,4,0,0,0.950228,0,0.350738,0.157276,0.309489,0.690511,0.377644,0.591984,0.11642,0.048764,0.443605,0.426206,0.348181,0.341072
2026,Duquesne,3,117.127528,98.891579,71.051515,19.775804,22.315226,8,6,0,0,0.461146,0,0.336482,0.176568,0.304836,0.695164,0.378099,0.561937,0.109609,0.043076,0.4375,0.415642,0.339184,0.348388
2026,E Illinois,8,103.570761,100.421367,67.367424,11.374913,8.229448,0,8,2,0,0.41408,0,0.32316,0.184875,0.304709,0.695291,0.332432,0.510746,0.115153,0.045432,0.301081,0.388943,0.328931,0.327112
2026,E Kentucky,7,117.933358,110.232125,71.042187,14.206598,12.712849,1,8,0,0,0.388283,0,0.353635,0.165395,0.352992,0.647008,0.311908,0.533637,0.098533,0.043548,0.507225,0.4146,0.350452,0.334717
2026,E Michigan,6,109.242819,100.848126,68.633871,17.901016,15.372003,2,7,0,0,0.174102,0,0.321799,0.173901,0.280909,0.719091,0.294539,0.485149,0.08648,0.06063,0.318809,0.393871,0.339008,0.345317
2026,E Texas A&M,7,106.719459,102.284264,69.242188,15.297808,11.254032,2,6,0,0,0.328383,0,0.322733,0.186844,0.283286,0.716714,0.311305,0.649433,0.105156,0.046034,0.463681,0.391817,0.330691,0.350616
2026,E Washington,4,118.307504,105.888051,70.041667,19.596259,19.268921,3,9,0,0,0.766333,0,0.358321,0.174788,0.315493,0.684507,0.357143,0.490153,0.084365,0.048456,0.347758,0.392026,0.350204,0.337226
2026,Earlham,16,48.403071,133.415111,67.65,11.591922,-48.208059,0,0,0,0,0.00001,0,0.095238,0.251293,0.15,0.85,0.297872,0.444444,0.044346,0.014782,0.446809,0.390368,0.316401,0.32068
2026,East Carolina,6,108.799303,103.481056,70.175,19.680521,13.22891,3,6,0,0,0.491185,0,0.288194,0.174219,0.342454,0.657546,0.392721,0.473411,0.091476,0.056081,0.312873,0.397096,0.334723,0.361557
2026,East-West,16,74.089982,138.693695,80.05,9.43112,-44.368882,0,0,0,0,0.000055,0,0.235294,0.2665,0.338028,0.661972,0.184783,0.257576,0.11243,0.029148,0.461957,0.371455,0.327279,0.340157
2026,Eastern,14,76.872575,120.379978,70.975,2.255564,-26.544384,0,0,1,0,0.001682,0,0.241379,0.211342,0.5,0.473684,0.318182,0.375,0.084537,0,0.439394,0.275396,0.275053,0.30828
2026,Eastern Oregon,9,104.085439,121.953723,72.775,20.604321,0.304241,0,0,0,0,0.009682,0,0.4,0.171762,0.318182,0.681818,0.135338,0.436364,0.116798,0.013741,0.338346,0.407785,0.35704,0.348576
2026,Ecclesia,14,75.589773,126.433015,78.11,11.86302,-31.137006,0,0,0,0,0.00248,0,0.268041,0.271412,0.247934,0.752066,0.365672,0.484848,0.10498,0.025605,0.36194,0.366331,0.329148,0.371162
2026,Elizabeth City,9,94.80722,104.84616,72.125,11.407605,1.607614,0,0,0,0,0.082897,0,0.314815,0.187175,0.327273,0.672727,0.247934,0.488889,0.166378,0.034662,0.446281,0.307681,0.312255,0.408482
2026,Elmira,15,91.193761,150.955312,66.075,1.108167,-35.691775,0,0,1,0,0.000445,0,0.333333,0.166477,0.464286,0.535714,0.283333,0.3,0.060537,0.015134,0.45,0.317722,0.326693,0.417089
2026,Elms,16,56.427672,145.872734,73.9,12.372124,-56.927819,0,0,0,0,0.000004,0,0.24,0.257104,0.288889,0.711111,0.067227,0.741935,0.101488,0.033829,0.420168,0.43054,0.339355,0.323729
2026,Elon,6,118.679715,107.589138,68.944531,15.325666,15.475694,4,7,0,0,0.146454,0,0.342926,0.156829,0.337148,0.662852,0.336608,0.544725,0.100171,0.04306,0.431231,0.397663,0.328856,0.353857
2026,Embry Rid (AZ),12,111.353724,143.675257,73.325,10.326308,-15.473773,0,0,0,0,0.002764,0,0.466667,0.218207,0.366667,0.633333,0.107692,0.612903,0.06819,0,0.461538,0.368005,0.367127,0.329565
2026,EMERSON,11,104.748749,134.034521,65.75,8.136023,-11.663919,0,0,0,0,0.007413,0,0.36,0.121673,0.458333,0.541667,0.15625,0.44,0.121673,0,0.390625,0.309305,0.322314,0.363497
2026,Emmanuel (MA),12,97.048078,132.23369,72.4,4.983459,-19.816482,0,0,1,0,0.003261,0,0.35,0.165746,0.15,0.85,0.461538,0.52,0.082873,0.027624,0.384615,0.434471,0.309252,0.286894
2026,Erskine,13,93.98026,139.910873,64.9875,9.124485,-21.675501,0,0,1,0,0.003262,0,0.339623,0.22312,0.179487,0.820513,0.214286,0.44186,0.092325,0.023081,0.540816,0.467735,0.338325,0.325693
2026,ETSU,4,119.783068,98.866028,67.177206,12.24345,20.255225,2,13,0,0,0.591248,0,0.342391,0.151487,0.276614,0.723386,0.339341,0.507384,0.130034,0.048598,0.378991,0.436275,0.334489,0.334179
2026,Eureka,13,78.089113,122.728548,76.4375,15.659352,-23.640658,0,0,0,0,0.000294,0,0.325581,0.25511,0.15,0.85,0.227273,0.564103,0.091578,0.032706,0.390909,0.406262,0.332832,0.2943
2026,Evangel,10,103.154875,110.363322,72.125,1.586349,-1.213707,0,0,1,0,0.094129,0,0.190476,0.166378,0.3125,0.6875,0.238095,0.533333,0.083189,0.041594,0.333333,0.368673,0.300578,0.309536
2026,Evansville,7,105.774045,105.173149,67.996875,20.817323,11.117315,3,2,0,0,0.199703,0,0.327654,0.189347,0.248255,0.751745,0.297052,0.556291,0.077209,0.049175,0.43254,0.400375,0.336376,0.333934
2026,Evergreen,12,87.472996,129.880807,72.4625,21.233131,-17.066954,0,0,0,0,0.001404,0,0.311475,0.179403,0.285714,0.714286,0.188525,0.619048,0.069001,0.0276,0.5,0.406254,0.34036,0.348576
2026,Fairfield,6,113.691054,102.040847,67.622059,10.678214,13.407679,1,14,1,0,0.661788,0,0.335501,0.15049,0.361621,0.638379,0.277052,0.450216,0.098732,0.053063,0.358675,0.384568,0.323864,0.313161
2026,Farmingdale St,7,86.532673,85.170624,72.8,15.682047,11.882087,0,0,0,0,0.08311,0,0.25,0.164835,0.270833,0.729167,0.114286,0.52,0.068681,0.10989,0.285714,0.459831,0.349425,0.281712
2026,FAU,3,117.033164,97.877343,71.192424,18.670044,22.809433,11,5,0,0,0.419006,0,0.332051,0.172814,0.308053,0.691947,0.32954,0.467811,0.082576,0.07534,0.385948,0.3912,0.328859,0.356293
2026,FDU,8,107.458741,104.906266,64.673438,10.204063,7.635352,0,7,2,0,0.402517,0,0.309756,0.182165,0.340708,0.659292,0.320577,0.518817,0.077795,0.023677,0.454798,0.381257,0.328042,0.316393
2026,FGCU,6,115.635998,104.550965,69.847059,13.850631,14.538862,1,13,0,0,0.56697,0,0.32413,0.157066,0.323506,0.676494,0.286928,0.519751,0.110746,0.051794,0.39311,0.42869,0.34552,0.33026
2026,Fisher,15,90.456369,143.567034,83.325,8.136023,-37.663919,0,0,0,0,0.000099,0,0.314286,0.156016,0.315789,0.684211,0.09589,0.586207,0.036004,0.060006,0.479452,0.309305,0.322314,0.363497
2026,Fisk,13,74.201453,118.006747,79.73125,18.496945,-23.553063,0,0,0,0,0.000491,0,0.214286,0.235165,0.29927,0.70073,0.247059,0.571429,0.103473,0.031355,0.439216,0.374492,0.360165,0.370573
2026,FIU,5,115.084858,100.777079,73.426563,15.089344,17.339331,2,10,0,0,0.434338,0,0.350904,0.177048,0.345964,0.654036,0.389728,0.523705,0.124699,0.062988,0.33434,0.395868,0.338291,0.348948
2026,FL Memorial,8,85.817154,83.055833,69.875,8.033678,6.033666,0,0,0,0,0.1461,0,0.263158,0.200358,0.315789,0.684211,0.446429,0.352941,0.143113,0.042934,0.339286,0.375646,0.325688,0.373923
2026,FL National,15,71.576787,128.957972,74.8,17.339331,-31.460683,0,0,0,0,0.00006,0,0.3125,0.334225,0.37931,0.62069,0.140351,0.684211,0.026738,0.026738,0.280702,0.33434,0.350904,0.389728
2026,Florida,1,131.510709,88.541785,72.159091,32.107836,46.410876,21,4,0,0,0.870393,0,0.307985,0.165459,0.354903,0.645097,0.390588,0.540354,0.092808,0.070131,0.371294,0.408696,0.345512,0.368376
2026,Florida A&M,8,103.884948,101.532685,70.587903,11.782076,8.033678,0,10,2,0,0.675688,0,0.325688,0.214329,0.312559,0.687441,0.373923,0.523747,0.114705,0.0425,0.375646,0.361601,0.33263,0.387294
2026,Florida St,2,121.88076,98.659826,71.779545,28.347986,30.190414,11,5,0,0,0.680734,0,0.330762,0.152403,0.325901,0.674099,0.346829,0.524972,0.110186,0.05446,0.505854,0.400224,0.341693,0.356271
2026,Fordham,4,111.661627,93.821888,65.850781,15.994187,19.569225,6,9,0,0,0.498584,0,0.293716,0.173214,0.324368,0.675632,0.257472,0.54708,0.111521,0.032744,0.383849,0.410095,0.336637,0.336523
2026,Fort Valley St,13,74.607473,110.848227,78.725,9.925086,-20.874913,0,0,0,0,0.001207,0,0.3,0.177834,0.272727,0.727273,0.525424,0.625,0.114322,0.025405,0.338983,0.432275,0.318237,0.366667
2026,Franciscan,12,79.940047,110.411118,76.175,3.354422,-18.445539,0,0,1,0,0.005344,0,0.285714,0.131277,0.444444,0.555556,0.180556,0.409091,0.144404,0.039383,0.291667,0.380901,0.340456,0.30548
2026,Frank Pierce,5,99.334778,88.205364,77.85,19.569225,17.569268,0,0,0,0,0.1461,0,0.4,0.256904,0.179487,0.820513,0.096774,0.714286,0.115607,0.064226,0.483871,0.383849,0.293716,0.257472
2026,Franklin,13,58.475288,110.829598,72.65,21.560504,-24.239478,0,0,0,0,0.000099,0,0.266667,0.344116,0.153846,0.846154,0.311111,0.642857,0.137646,0.055058,0.333333,0.334168,0.361319,0.377255
2026,Fresno Pacific,11,79.121355,115.148387,71.55,22.407225,-11.392824,0,0,0,0,0.000733,0,0.171429,0.195667,0.423077,0.576923,0.3,0.25,0.083857,0,0.583333,0.406678,0.320323,0.343186
2026,Fresno St,3,112.873161,96.814961,69.463281,22.876017,22.407225,5,5,0,0,0.252555,0,0.320323,0.182201,0.278332,0.721668,0.343186,0.503075,0.095824,0.031491,0.406678,0.394478,0.339076,0.372499
2026,Ft Lauderdale,11,90.337501,121.089848,77.883333,13.541098,-14.592242,0,0,0,0,0.003145,0,0.28125,0.166916,0.382022,0.617978,0.26601,0.506849,0.141237,0.01712,0.315271,0.392671,0.346008,0.334585
2026,Fullerton,5,115.210692,101.576789,75.975735,17.043676,18.525964,6,10,0,0,0.661154,0,0.343137,0.151364,0.272047,0.727953,0.381153,0.569647,0.107232,0.037551,0.43038,0.389913,0.33205,0.35522
2026,Furman,15,117.362325,100.378995,67.497794,11.625322,17.219454,3,13,1,0,0.599875,0,0.327194,0.176912,0.2866,0.7134,0.317371,0.569593,0.071026,0.048803,0.470199,0.441094,0.34293,0.329701
2026,G Washington,2,122.8389,96.868997,70.906818,20.310556,28.062096,9,6,0,0,0.519377,0,0.351872,0.179066,0.338153,0.661847,0.3501,0.553895,0.105559,0.04872,0.465637,0.412732,0.333587,0.35949
2026,GA College,13,74.072366,127.68202,79.8,32.616354,-25.183652,0,0,0,0,0.000013,0,0.32,0.288221,0.25,0.75,0.129032,0.5,0.037594,0.012531,0.403226,0.439853,0.331942,0.410468
2026,GA Southern,6,117.53302,106.220298,71.785135,13.74068,14.956899,1,16,0,0,0.575893,0,0.33667,0.145329,0.315123,0.684877,0.390049,0.420305,0.112573,0.050827,0.488227,0.406732,0.335308,0.337538
2026,Gallaudet,16,73.195042,147.161021,74.425,5.664034,-49.135914,0,0,1,0,0.000022,0,0.217391,0.214982,0.35,0.65,0.046875,0.347826,0.120927,0.013436,0.359375,0.533981,0.324402,0.256004
2026,Gardner-Webb,10,101.484527,114.918645,70.967424,15.700335,-1.342072,0,2,1,0,0.12317,0,0.308844,0.19215,0.278381,0.721619,0.307327,0.41307,0.089243,0.034587,0.387454,0.402867,0.336907,0.375504
2026,Geneva,13,74.900177,127.338898,69.225,20.016088,-22.783897,0,0,0,0,0.000164,0,0.347826,0.375587,0.259259,0.740741,0.244444,0.6875,0.115565,0.014446,0.511111,0.401309,0.372647,0.273414
2026,George Fox,12,80.123749,129.941896,68.55,20.52654,-20.273544,0,0,0,0,0.000229,0,0.230769,0.233406,0.266667,0.733333,0.346154,0.3125,0.029176,0,0.5,0.344697,0.324961,0.357143
2026,George Mason,3,120.071683,100.413635,64.970313,20.524528,25.039707,13,8,0,0,0.328156,0,0.341137,0.163536,0.276233,0.723767,0.420868,0.501235,0.077439,0.045694,0.350528,0.414001,0.344645,0.3416
2026,Georgetown,2,118.302967,98.011823,67.738971,27.498687,27.734008,10,3,0,0,0.334243,0,0.318444,0.157612,0.315182,0.684818,0.372529,0.577675,0.095522,0.052537,0.351749,0.3917,0.337793,0.351195
2026,Georgia,8,130.187335,96.129832,74.660156,28.263564,38.119818,14,7,0,0,0.589968,0,0.340934,0.14273,0.341244,0.658756,0.369576,0.483806,0.112175,0.08162,0.439199,0.388062,0.339707,0.362063
2026,Georgia St,8,106.244141,102.552379,69.505469,14.137584,9.925086,1,6,0,0,0.163165,0,0.318237,0.156463,0.305432,0.694568,0.366667,0.511724,0.099363,0.04541,0.432275,0.40983,0.3402,0.361752
2026,Georgia Tech,4,111.841112,98.659203,71.825806,26.081302,21.507121,3,6,0,0,0.045368,0,0.350734,0.186383,0.287206,0.712794,0.333153,0.598531,0.084434,0.054792,0.331531,0.417589,0.337399,0.343928
2026,Georgian Court,13,85.174741,131.199528,76.95,20.577233,-22.722749,0,0,0,0,0.000151,0,0.21875,0.175439,0.37931,0.62069,0.34375,0.609756,0.116959,0.045484,0.5,0.392581,0.334818,0.422464
2026,Gonzaga,3,129.640335,84.833533,70.461364,25.242348,43.878683,22,8,0,0,0.785737,0,0.339506,0.137191,0.299924,0.700076,0.311185,0.56701,0.120849,0.052468,0.309751,0.414106,0.344964,0.342845
2026,Grambling,8,104.092606,96.998536,69.846212,9.700531,10.397489,0,8,1,0,0.345962,0,0.318314,0.208684,0.30804,0.69196,0.410044,0.508344,0.115405,0.040782,0.379691,0.353774,0.324249,0.378857
2026,Grand Canyon,2,117.206389,90.7619,69.376563,23.4281,29.796823,10,8,0,0,0.544302,0,0.318246,0.176122,0.284974,0.715026,0.394939,0.495768,0.095043,0.051801,0.388889,0.404751,0.346126,0.36398
2026,Green Bay,5,119.532867,107.916217,65.802273,16.661003,16.727682,5,11,0,0,0.596062,0,0.361801,0.158878,0.242014,0.757986,0.415802,0.546318,0.068156,0.041446,0.371396,0.414008,0.352164,0.326361
2026,Greensboro,12,92.463125,128.607687,72.375,15.475694,-15.324273,0,0,0,0,0.001207,0,0.32,0.151986,0.304348,0.695652,0.075758,0.538462,0.069085,0.041451,0.378788,0.431231,0.342926,0.336608
2026,Gwynedd Mercy,12,87.172936,117.590662,70.325,5.299344,-15.500625,0,0,1,0,0.006295,0,0.285714,0.142197,0.347826,0.652174,0.107692,0.583333,0.142197,0.028439,0.430769,0.333333,0.299652,0.289779
2026,Hampton,6,109.4176,100.742553,66.928125,14.193897,13.550178,3,6,0,0,0.318163,0,0.294118,0.167157,0.345754,0.654246,0.373247,0.502604,0.097586,0.04856,0.375944,0.380588,0.326765,0.347595
2026,Han LaGrange,14,76.097076,128.067889,61.225,-1.911287,-29.711306,0,0,1,0,0.001985,0,0.225806,0.195998,0.4,0.6,0.203704,0.625,0.081666,0.032666,0.574074,0.332951,0.313793,0.36682
2026,Hanover,13,84.912844,133.162531,68.325,12.614922,-23.185077,0,0,0,0,0.000525,0,0.264706,0.204903,0.344828,0.655172,0.114754,0.65,0.058544,0.029272,0.557377,0.405514,0.382436,0.345778
2026,Harris Stowe,16,64.083041,120.497068,87.225,12.763156,-41.036855,0,0,0,0,0.000026,0,0.12,0.263686,0.365854,0.634146,0.148649,0.47619,0.080252,0.045858,0.337838,0.307279,0.308426,0.370787
2026,Harvard,4,114.064603,97.517461,64.636207,16.169916,19.88031,5,8,0,0,0.685301,0,0.346395,0.172317,0.257479,0.742521,0.265075,0.553596,0.110966,0.056016,0.400754,0.41376,0.341408,0.32259
2026,Haskell,11,83.047679,112.972713,76.0125,13.631655,-13.168364,0,0,0,0,0.00625,0,0.313725,0.203914,0.22,0.78,0.154472,0.581395,0.118402,0.039467,0.414634,0.416183,0.342228,0.390918
2026,Hawai'i,13,115.04578,90.330356,72.717187,15.846344,24.952533,7,15,0,0,0.657105,0,0.315087,0.185221,0.282418,0.717582,0.428877,0.511059,0.091106,0.055867,0.400535,0.383741,0.326131,0.345349
2026,Hawai'i Hilo,13,76.05867,134.698739,68.325,24.952533,-23.847537,0,0,0,0,0.00006,0,0.133333,0.234175,0.363636,0.636364,0.114754,0.1,0.087816,0.014636,0.245902,0.400535,0.315087,0.428877
2026,Hawaii Pac,3,119.034989,107.459984,70.8625,27.623592,25.323537,1,0,0,0,0.440635,0,0.333333,0.105839,0.327273,0.672727,0.238462,0.54386,0.112895,0.014112,0.438462,0.414435,0.328715,0.422818
2026,High Point,12,127.451871,94.036303,72.344853,8.82393,27.682772,3,19,0,0,0.952135,0,0.355606,0.129283,0.319321,0.680679,0.432985,0.535783,0.150423,0.052851,0.419677,0.392679,0.319555,0.345528
2026,Hofstra,13,120.028877,94.391171,66.074265,15.958455,25.987904,11,11,0,0,0.861912,0,0.36758,0.160247,0.316105,0.683895,0.318703,0.489842,0.075227,0.055641,0.436908,0.380296,0.323817,0.331827
2026,Holy Cross,8,107.285772,106.354439,66.225758,12.246828,7.574149,1,7,1,0,0.333539,0,0.320644,0.153287,0.244423,0.755577,0.318729,0.449749,0.086481,0.026997,0.374042,0.408829,0.331274,0.303182
2026,Holy Cross Col,11,85.613879,120.318614,73.325,14.714827,-15.085157,0,0,0,0,0.001425,0,0.173913,0.163655,0.342857,0.657143,0.1,0.44,0.081827,0.027276,0.328571,0.444271,0.3517,0.299479
2026,Holy Family,11,91.093587,109.505216,66.8,-0.639367,-9.439334,0,0,1,0,0.041721,0,0.357143,0.254491,0.409091,0.590909,0.145455,0.590909,0.11976,0,0.509091,0.284718,0.295918,0.321325
2026,Hou Christian,7,108.148217,105.075378,65.307031,15.463834,10.701306,0,9,0,0,0.382566,0,0.308917,0.190447,0.320274,0.679726,0.364323,0.588391,0.101922,0.060292,0.364904,0.393007,0.333238,0.349938
2026,Houghton,11,91.405292,123.100881,64.8,5.426055,-14.373889,0,0,1,0,0.007413,0,0.190476,0.216049,0.25,0.75,0.153846,0.5,0.138889,0,0.403846,0.40151,0.333856,0.261171
2026,Houston,2,128.851566,85.430129,65.334559,30.775852,44.411142,24,2,0,0,0.611495,0,0.349299,0.1301,0.349678,0.650322,0.269176,0.528602,0.118395,0.058972,0.407813,0.382584,0.345836,0.348431
2026,Howard,16,113.373213,97.353307,70.103788,8.250508,17.562301,1,7,3,0,0.876139,0,0.345369,0.19322,0.338857,0.661143,0.4496,0.622093,0.123626,0.052303,0.339733,0.355253,0.320726,0.392096
2026,Howard Payne,15,77.786964,127.711509,90.025,17.543426,-35.256616,0,0,0,0,0.000073,0,0.28,0.277701,0.208333,0.791667,0.311475,0.488889,0.072202,0.033324,0.409836,0.282414,0.339394,0.398272
2026,Humboldt,8,84.101857,100.304923,73.75,34.964142,8.164103,0,0,0,0,0.002342,0,0.259259,0.230508,0.277778,0.722222,0.16129,0.75,0.081356,0.027119,0.435484,0.450794,0.346076,0.252154
2026,Hunting AL,13,104.768611,142.415559,82.125,10.580464,-23.219534,0,0,0,0,0.000733,0,0.310345,0.097412,0.428571,0.571429,0.182927,0.5,0.048706,0,0.353659,0.333169,0.336296,0.291214
2026,Huston Till,13,69.358711,106.762132,77.7875,9.007716,-21.792298,0,0,0,0,0.003262,0,0.214286,0.244255,0.28125,0.71875,0.313559,0.297297,0.147839,0.044994,0.355932,0.350427,0.323455,0.399261
2026,Idaho,15,118.620532,98.958882,69.505,15.579796,21.939721,6,12,0,0,0.768182,0,0.355759,0.152096,0.28495,0.71505,0.34001,0.467021,0.084269,0.033297,0.467811,0.402422,0.344582,0.333502
2026,Idaho St,6,117.808154,108.166167,66.674242,17.280361,15.740893,2,8,0,0,0.314247,0,0.329857,0.166345,0.330601,0.669399,0.38172,0.467301,0.078627,0.063175,0.412366,0.385434,0.354042,0.328684
2026,Illinois,3,136.023335,92.807813,67.380469,30.861681,44.724184,19,4,0,0,0.548974,0,0.346918,0.131715,0.324366,0.675634,0.329133,0.511983,0.055654,0.06864,0.507056,0.412261,0.346352,0.340805
2026,Illinois St,3,117.700995,93.857835,67.859375,19.983173,26.370667,10,9,0,0,0.492228,0,0.352113,0.167166,0.273205,0.726795,0.314363,0.501742,0.084274,0.034078,0.423306,0.41186,0.335788,0.324962
2026,Illinois Tech,11,99.013152,130.418286,74.75,21.069589,-10.230418,0,0,0,0,0.001303,0,0.377778,0.200669,0.179487,0.820513,0.17094,0.537037,0.12709,0,0.384615,0.387528,0.320813,0.322531
2026,Incarnate Word,6,116.355803,105.815294,66.600806,13.881592,14.326723,1,7,0,0,0.312846,0,0.376771,0.167585,0.343691,0.656309,0.330372,0.449689,0.080886,0.037295,0.392004,0.39026,0.33049,0.354884
2026,Indiana,1,126.580465,96.846892,67.275781,29.735798,35.035802,11,7,0,0,0.315622,0,0.346578,0.150964,0.253616,0.746384,0.349693,0.625442,0.069211,0.039948,0.505298,0.397045,0.342504,0.344702
2026,Indiana St,5,110.92216,99.202597,70.449219,18.579929,17.673671,3,5,1,0,0.265723,0,0.318996,0.194732,0.265597,0.734403,0.281652,0.646651,0.087829,0.045689,0.449034,0.394108,0.338052,0.328
2026,Iona,6,110.579001,100.308403,69.690625,13.198935,13.917728,3,9,2,0,0.437252,0,0.35132,0.17219,0.278314,0.721686,0.292786,0.53726,0.095063,0.042599,0.458662,0.399525,0.329303,0.325125
2026,Iowa,9,128.42915,93.726845,63.550758,28.798473,37.362115,15,5,0,0,0.342986,0,0.35724,0.152586,0.299691,0.700309,0.344963,0.579611,0.112056,0.031471,0.415869,0.406116,0.341187,0.338962
2026,Iowa State,2,129.930151,84.988545,68.370588,29.419045,45.407272,20,6,0,0,0.609773,0,0.38665,0.150133,0.332783,0.667217,0.339844,0.584247,0.131205,0.039577,0.387695,0.382299,0.343649,0.339436
2026,IU Columbus,15,80.004282,117.403495,100.3,9.241689,-31.558298,0,0,0,0,0.000229,0,0.4375,0.358923,0.16129,0.83871,0.5,0.740741,0.099701,0.01994,0.285714,0.42922,0.325581,0.211434
2026,IU East,14,84.465687,129.15797,84.9625,19.383878,-26.916111,0,0,0,0,0.000133,0,0.367347,0.270708,0.276923,0.723077,0.175573,0.5,0.052965,0.041195,0.374046,0.477028,0.372597,0.353964
2026,IU Indy,8,113.923081,110.544635,76.542187,13.691677,9.241689,2,3,1,0,0.162106,0,0.325581,0.156776,0.347155,0.652845,0.211434,0.639684,0.115949,0.041644,0.42922,0.389014,0.350853,0.355136
2026,J&W (NC),16,76.591425,160.719056,75.85,0.356326,-60.443659,0,0,1,0,0.000008,0,0.190476,0.250494,0.258065,0.741935,0.096774,0.72,0.013184,0.039552,0.33871,0.540373,0.328544,0.291925
2026,Jackson St,9,103.397066,111.586647,71.633333,15.253636,2.611205,0,9,1,0,0.469628,0,0.313842,0.194171,0.334225,0.665775,0.373967,0.458167,0.08799,0.041457,0.432851,0.363546,0.332413,0.375261
2026,Jacksonville,7,113.723555,106.10201,66.64375,11.557794,11.745294,0,9,0,0,0.340381,0,0.326619,0.168339,0.327189,0.672811,0.335512,0.462275,0.099409,0.044078,0.37854,0.417761,0.335871,0.337933
2026,James Madison,5,115.781832,103.748131,67.596212,15.718032,16.415009,4,11,0,0,0.682433,0,0.34799,0.172593,0.288779,0.711221,0.358742,0.483607,0.077107,0.062313,0.424307,0.384977,0.335045,0.348139
2026,Jamestown,7,102.873605,107.429853,70.85,23.736058,11.935995,0,0,0,0,0.02655,0,0.392857,0.296401,0.392857,0.607143,0.103448,0.423077,0.0988,0,0.482759,0.418938,0.365297,0.307987
2026,Jarvis Chrstn,12,83.519721,125.675288,73.1375,14.001948,-20.798095,0,0,0,0,0.000955,0,0.333333,0.252948,0.345455,0.654545,0.466667,0.243243,0.109383,0.034182,0.257143,0.359861,0.345102,0.366545
2026,Jax State,5,112.857405,96.942232,67.221875,13.637627,17.518863,5,7,0,0,0.356511,0,0.358273,0.170146,0.297619,0.702381,0.425676,0.495507,0.092046,0.045558,0.391329,0.404624,0.331028,0.347411
2026,Jessup,8,106.086835,109.410338,75.175,14.255418,7.455338,0,0,0,0,0.055604,0,0.347826,0.133023,0.309524,0.690476,0.180556,0.566667,0.133023,0.026605,0.319444,0.368421,0.333333,0.40723
2026,John Brown,12,69.412084,106.729881,76.075,10.535629,-20.264423,0,0,0,0,0.001207,0,0.115385,0.302333,0.371429,0.628571,0.293103,0.1875,0.065725,0.07887,0.448276,0.46097,0.322654,0.366034
2026,John Jay,13,87.822334,135.413889,71.225,14.246432,-23.553518,0,0,0,0,0.000377,0,0.322581,0.16848,0.321429,0.678571,0.174603,0.47619,0.08424,0.04212,0.492063,0.446271,0.34136,0.34134
2026,Johnson C Smth,10,102.435776,115.343369,81.275,14.956899,-0.843098,0,0,0,0,0.014154,0,0.392857,0.22147,0.341463,0.658537,0.123288,0.645161,0.073823,0,0.383562,0.488227,0.33667,0.390049
2026,Johnson Wales,16,73.005027,146.563795,75.375,11.476103,-46.823841,0,0,0,0,0.000015,0,0.235294,0.199005,0.15,0.85,0.081967,0.619048,0.099502,0.026534,0.418033,0.359693,0.342777,0.28736
2026,Justice,12,77.085396,118.754754,71.316667,14.588461,-19.211614,0,0,0,0,0.000893,0,0.26,0.219677,0.252874,0.747126,0.248521,0.381818,0.074784,0.018696,0.295858,0.388496,0.348081,0.343681
2026,Kansas,4,121.792117,89.265708,68.715909,33.488592,39.343135,20,3,0,0,0.479446,0,0.34964,0.155228,0.26053,0.73947,0.325975,0.533409,0.079819,0.083347,0.356776,0.386481,0.351699,0.346789
2026,Kansas Chrstn,15,62.289112,113.314895,84.85,19.706413,-32.093591,0,0,0,0,0.000037,0,0.151515,0.294638,0.214286,0.785714,0.095238,0.4,0.10607,0.011786,0.52381,0.491726,0.35,0.300709
2026,Kansas City,9,101.814238,110.861676,72.031452,15.928332,1.586349,0,1,0,0,0.029481,0,0.300578,0.182268,0.316248,0.683752,0.309536,0.475452,0.087327,0.043888,0.368673,0.390741,0.334207,0.3446
2026,Kansas St,3,118.124736,100.416349,73.85625,29.710224,26.728966,7,3,0,0,0.218702,0,0.364294,0.174325,0.306066,0.693934,0.268509,0.576964,0.095202,0.047812,0.409181,0.39257,0.346587,0.349619
2026,KCU,14,79.879934,127.799532,74.875,15.492871,-25.307132,0,0,0,0,0.014005,0,0.296703,0.230384,0.263736,0.736264,0.265487,0.441558,0.1202,0.020033,0.402655,0.403739,0.346068,0.359865
2026,Kean,9,90.29956,93.575971,70.7,-0.639367,0.560666,0,0,1,0,0.1461,0,0.388889,0.183876,0.151515,0.848485,0.210526,0.375,0.042433,0.056577,0.315789,0.284718,0.295918,0.321325
2026,Kennesaw St,14,119.335348,99.827225,72.736765,13.542886,20.460518,5,12,0,0,0.674003,0,0.349727,0.163361,0.345004,0.654996,0.435897,0.515957,0.097451,0.072785,0.434473,0.403943,0.334416,0.350186
2026,Kent State,4,120.084133,101.775307,74.248485,15.660696,20.63041,8,14,0,0,0.669544,0,0.357536,0.177537,0.330275,0.669725,0.428923,0.576253,0.092645,0.046119,0.447122,0.402309,0.342217,0.334972
2026,Kentucky,7,126.86305,94.514452,69.830147,32.01216,38.200398,15,5,0,0,0.420673,0,0.341191,0.150365,0.318431,0.681569,0.374818,0.569634,0.102349,0.063179,0.391833,0.392943,0.340452,0.374273
2026,Kentucky St,14,77.429199,123.311791,74.225,5.665489,-28.134522,0,0,1,0,0.000733,0,0.222222,0.10778,0.236842,0.763158,0.157143,0.272727,0.080835,0.013473,0.257143,0.404525,0.309686,0.365342
2026,LA Christian,15,68.105301,130.098889,75.175,12.155105,-37.64491,0,0,0,0,0.000051,0,0.166667,0.266046,0.344828,0.655172,0.220339,0.555556,0.093116,0.026605,0.305085,0.325036,0.349043,0.394926
2026,La Salle,6,108.634425,103.254425,66.632813,22.559338,15.621869,6,1,0,0,0.226092,0,0.298429,0.181967,0.349376,0.650624,0.368537,0.557047,0.102239,0.039395,0.315182,0.409236,0.343337,0.342694
2026,La Sierra,12,74.903287,115.747492,72.733333,18.906603,-17.226793,0,0,0,0,0.000572,0,0.279412,0.27956,0.271845,0.728155,0.188235,0.566038,0.054995,0.04583,0.4,0.361438,0.331531,0.363337
2026,La Verne,10,106.11225,133.5377,74.275,22.368125,-6.431946,0,0,0,0,0.001682,0,0.37037,0.188489,0.24,0.76,0.145161,0.448276,0.067317,0.026927,0.435484,0.427291,0.331002,0.323207
2026,Lady of Lake,14,67.179245,115.677897,74.375,15.230017,-25.57002,0,0,0,0,0.000229,0,0.176471,0.228571,0.294118,0.705882,0.076923,0.35,0.107563,0.026891,0.261538,0.345366,0.329173,0.278017
2026,Lafayette,8,107.573586,105.767781,67.424219,13.107413,8.138709,0,8,0,0,0.459335,0,0.321088,0.153876,0.280453,0.719547,0.324633,0.554003,0.0825,0.034761,0.399674,0.413781,0.340625,0.315461
2026,LaGrange,13,71.95654,113.770543,83.725,19.607091,-23.692904,0,0,0,0,0.000284,0,0.1875,0.292625,0.392857,0.607143,0.156028,0.466667,0.125411,0.095551,0.340426,0.430639,0.34174,0.366307
2026,Lamar,6,109.993935,98.712665,66.616129,14.455855,15.230017,0,9,0,0,0.179503,0,0.329173,0.180137,0.353247,0.646753,0.278017,0.563363,0.097332,0.065856,0.345366,0.382449,0.329865,0.353073
2026,Lane,9,122.009824,126.295563,70.075,6.109307,3.309303,0,0,0,0,0.094129,0,0.5,0.156975,0.15,0.85,0.309091,0.535714,0.099893,0.057082,0.436364,0.337878,0.305263,0.377593
2026,Lawrence,10,81.777135,114.411997,70.85,23.950398,-7.849661,0,0,0,0,0.001022,0,0.227273,0.197601,0.302326,0.697674,0.089552,0.681818,0.042343,0.028229,0.328358,0.461097,0.364666,0.348303
2026,Le Moyne,7,108.702747,101.346094,69.582031,10.830297,11.074088,1,9,0,0,0.422912,0,0.339915,0.189075,0.237925,0.762075,0.385494,0.565217,0.083534,0.047606,0.404911,0.365048,0.33355,0.310007
2026,Lehigh,16,110.199189,102.501213,69.208088,12.51488,11.591394,0,15,3,0,0.739444,0,0.359354,0.17509,0.240997,0.759003,0.323206,0.549661,0.096894,0.048022,0.389209,0.391183,0.338227,0.307897
2026,Lehman,13,67.213287,114.115948,65.075,7.635352,-23.164604,0,0,0,0,0.001207,0,0.294118,0.291971,0.28125,0.71875,0.361702,0.285714,0.092201,0.076834,0.361702,0.454798,0.309756,0.320577
2026,LeTourneau,11,86.535355,117.708677,75.4,23.674338,-9.125688,0,0,0,0,0.000865,0,0.241379,0.172414,0.333333,0.666667,0.380952,0.733333,0.066313,0.039788,0.460317,0.363724,0.367374,0.342981
2026,Lewis & Clark,9,125.737334,137.167002,72.65,17.100277,3.300225,0,0,0,0,0.019442,0,0.416667,0.123882,0.15,0.85,0.233333,0.7,0.055058,0.027529,0.6,0.348228,0.30236,0.355419
2026,Liberty,3,124.715372,105.911384,65.378906,14.776701,22.182756,9,13,0,0,0.557337,0,0.398126,0.135269,0.194415,0.805585,0.30818,0.617713,0.096553,0.052578,0.491935,0.39453,0.336536,0.359434
2026,Life Pacific,9,107.659552,120.63567,67.2375,18.644322,4.344273,0,0,0,0,0.038429,0,0.365854,0.185908,0.363636,0.636364,0.372727,0.413043,0.074363,0.029745,0.372727,0.370252,0.338895,0.314601
2026,Lincoln U (CA),15,88.160637,144.512317,78.995,18.238027,-33.162036,0,0,0,0,0.00028,0,0.322581,0.225331,0.346939,0.653061,0.196141,0.53913,0.075954,0.022786,0.498392,0.34761,0.337503,0.333857
2026,Lindenwood,7,108.104508,95.963281,73.712879,7.478318,12.763156,0,10,0,0,0.416028,0,0.308426,0.183349,0.325097,0.674903,0.370787,0.516164,0.120451,0.061253,0.307279,0.370346,0.312898,0.333346
2026,Lipscomb,5,116.814943,101.801774,71.071875,13.532862,17.770362,1,16,0,0,0.491774,0,0.362105,0.15873,0.271906,0.728094,0.257476,0.632272,0.098492,0.039573,0.4815,0.416849,0.339107,0.328855
2026,Little Rock,8,107.311796,103.756885,68.535156,12.569387,9.475629,0,6,0,0,0.346926,0,0.355556,0.186492,0.33518,0.66482,0.28262,0.530806,0.114905,0.065204,0.309033,0.36222,0.320346,0.345312
2026,LMU,4,113.432672,96.57428,69.670312,19.598005,21.085472,7,6,0,0,0.433539,0,0.349462,0.171791,0.267463,0.732537,0.312735,0.493552,0.087914,0.058759,0.399785,0.408394,0.344819,0.332397
2026,Lncstr Bible,11,69.870874,99.537596,71.425,15.621869,-10.178096,0,0,0,0,0.002764,0,0.310345,0.182009,0.3,0.7,0.045455,0.764706,0.056003,0.042002,0.439394,0.315182,0.298429,0.368537
2026,Long Beach St,6,110.000955,101.840023,72.061719,17.419905,14.513591,1,7,0,0,0.247321,0,0.331307,0.177365,0.283161,0.716839,0.302289,0.476082,0.096705,0.041197,0.342352,0.38908,0.333164,0.350474
2026,Long Island,16,113.347446,99.716016,68.151471,13.24661,16.593699,0,21,0,0,0.768087,0,0.36121,0.190752,0.32437,0.67563,0.347244,0.49732,0.114796,0.078976,0.289541,0.38537,0.332019,0.319101
2026,Longwood,7,111.488004,100.344703,71.636719,8.690067,12.215093,1,6,2,0,0.440891,0,0.315287,0.194122,0.327731,0.672269,0.408218,0.470383,0.121708,0.032717,0.335112,0.390509,0.32596,0.349316
2026,Loras,10,107.021956,127.186703,70.45,5.665489,-8.134522,0,0,1,0,0.019442,0,0.409091,0.227111,0.428571,0.571429,0.372881,0.458333,0.156139,0.042583,0.372881,0.404525,0.309686,0.365342
2026,Louisiana,8,104.890056,104.477897,64.161364,16.174502,9.271467,0,9,1,0,0.389655,0,0.336474,0.167664,0.323676,0.676324,0.287037,0.459459,0.090208,0.054786,0.404684,0.393067,0.328757,0.36951
2026,Louisiana Tech,5,109.863962,93.798408,66.213971,12.480534,17.051106,5,10,0,0,0.576246,0,0.299094,0.18434,0.34301,0.65699,0.328275,0.493119,0.111492,0.071515,0.334851,0.414939,0.334884,0.359626
2026,Louisville,6,129.598591,91.10135,71.109848,29.731811,41.725756,17,4,0,0,0.605431,0,0.356808,0.163639,0.29472,0.70528,0.334821,0.594937,0.096735,0.046876,0.528274,0.395216,0.344973,0.349811
2026,Lourdes,10,96.691972,125.013969,75.325,22.125942,-7.674038,0,0,0,0,0.001425,0,0.269231,0.199137,0.419355,0.580645,0.1,0.481481,0.106206,0.026552,0.371429,0.322937,0.365527,0.296545
2026,Loyola Chicago,7,108.980668,106.905606,66.02803,22.371061,12.916533,5,4,0,0,0.396106,0,0.316959,0.197804,0.301954,0.698046,0.347656,0.607662,0.061498,0.057368,0.477121,0.412982,0.344661,0.34975
2026,Loyola MD,8,111.254414,106.850095,69.820313,10.064322,8.42062,0,8,2,0,0.409064,0,0.333698,0.156652,0.302842,0.697158,0.303342,0.501185,0.08862,0.051024,0.469923,0.402856,0.328757,0.321744
2026,LSU,2,125.10966,100.648768,70.844531,29.020699,31.258194,6,8,0,0,0.152408,0,0.330793,0.15527,0.304237,0.695763,0.409139,0.525084,0.084251,0.055138,0.344538,0.389253,0.340264,0.373005
2026,Lynchburg,8,100.918713,101.943763,80.35,18.092937,10.292945,0,0,0,0,0.048245,0,0.217391,0.199129,0.369565,0.630435,0.376812,0.346154,0.11201,0.024891,0.333333,0.470186,0.359667,0.374389
2026,Lyon,15,54.680483,123.468439,71.85,17.051106,-37.748912,0,0,0,0,0.000022,0,0.230769,0.292276,0.32,0.68,0.107143,0.428571,0.097425,0.027836,0.464286,0.334851,0.299094,0.328275
2026,Maine,9,99.812539,101.489125,65.060937,10.573488,5.267289,0,5,5,0,0.32146,0,0.318865,0.190687,0.22408,0.77592,0.37625,0.551966,0.12008,0.048993,0.374375,0.398,0.332066,0.326958
2026,Maine-Augusta,14,89.805798,137.15345,79.75,12.969543,-28.830404,0,0,0,0,0.000193,0,0.28125,0.163009,0.166667,0.833333,0.151515,0.576923,0.125392,0.025078,0.484848,0.490874,0.361222,0.370274
2026,Manhatnvll,11,86.209229,116.030771,78.125,19.569225,-11.230732,0,0,0,0,0.001207,0,0.4,0.1408,0.15,0.85,0.245902,0.619048,0.1024,0,0.409836,0.383849,0.293716,0.257472
2026,Manhattan,8,110.949705,110.325737,69.130469,11.030079,6.223869,0,5,2,0,0.409307,0,0.324401,0.154147,0.321395,0.678605,0.343323,0.507407,0.113463,0.033903,0.372766,0.387274,0.327104,0.313805
2026,Manor,12,71.114865,111.484491,69.825,8.821868,-20.478085,0,0,0,0,0.00978,0,0.217391,0.264948,0.207547,0.792453,0.130841,0.432432,0.085929,0.035804,0.429907,0.409546,0.329687,0.316017
2026,Mansfield,11,72.890825,103.017397,78.45,11.591922,-15.208059,0,0,0,0,0.002342,0,0.111111,0.267686,0.181818,0.818182,0.415094,0.4,0.114723,0.038241,0.339623,0.390368,0.316401,0.32068
2026,Marist,5,108.96174,91.855795,66.48629,11.891599,17.627136,0,12,0,0,0.513215,0,0.328025,0.168359,0.279676,0.720324,0.252765,0.592732,0.10577,0.046578,0.347345,0.400746,0.327576,0.314269
2026,Marquette,2,116.154808,96.902096,70.84375,28.764194,27.639212,8,4,0,0,0.444751,0,0.316748,0.160565,0.324201,0.675799,0.327533,0.580607,0.131892,0.043229,0.421699,0.393144,0.342618,0.34246
2026,Marshall,5,120.399153,105.189402,70.551563,15.463801,18.25756,4,13,0,0,0.470272,0,0.36758,0.165216,0.308149,0.691851,0.290633,0.573894,0.087702,0.068655,0.443544,0.410131,0.337968,0.358084
2026,Mary Baldwin,15,72.777966,135.575526,77.5125,19.948932,-36.351043,0,0,0,0,0.000367,0,0.276596,0.316078,0.317073,0.682927,0.172727,0.512821,0.096759,0.019352,0.427273,0.377394,0.335446,0.420601
2026,Maryland,3,114.75751,103.616785,66.982576,30.586061,23.41637,7,3,0,0,0.320804,0,0.317045,0.185485,0.344178,0.655822,0.363685,0.451571,0.071027,0.043883,0.468584,0.407934,0.342466,0.344525
2026,Marywood,16,76.709272,147.918604,73.9,14.259237,-42.540709,0,0,0,0,0.000016,0,0.125,0.202977,0.407407,0.592593,0.058824,0.521739,0.121786,0,0.470588,0.460554,0.333333,0.293177
2026,Mayville St,16,76.341846,154.284317,80.65,12.646173,-54.153885,0,0,0,0,0.000003,0,0.2,0.297582,0.333333,0.666667,0.25,0.590909,0.074396,0.123993,0.446429,0.402738,0.33177,0.365439
2026,McKendree,11,66.476046,106.954409,72.075,23.438322,-14.36169,0,0,0,0,0.000377,0,0.227273,0.263614,0.272727,0.727273,0.314815,0.466667,0.110995,0.013874,0.407407,0.295992,0.277778,0.315005
2026,McMurry,12,78.985999,119.32766,74.125,13.677174,-20.122877,0,0,0,0,0.000733,0,0.258065,0.215852,0.375,0.625,0.238095,0.555556,0.080944,0.067454,0.492063,0.327717,0.313433,0.402717
2026,McNeese,12,123.0806,92.424728,67.972727,15.262161,28.837892,8,18,0,0,0.938154,0,0.319303,0.141322,0.359725,0.640275,0.380856,0.503233,0.155142,0.063751,0.347103,0.406255,0.335138,0.333625
2026,McPherson,10,109.493769,126.53975,71.6,1.586349,-8.213707,0,0,1,0,0.035974,0,0.272727,0.167598,0.333333,0.666667,0.25,0.448276,0.111732,0.083799,0.34375,0.368673,0.300578,0.309536
2026,MD Eastern,9,100.504854,102.639778,66.532031,10.705567,5.299344,0,3,9,0,0.182094,0,0.299652,0.237198,0.322115,0.677885,0.289779,0.563399,0.085955,0.039455,0.333333,0.361286,0.327495,0.36901
2026,MD West St,8,77.483358,78.393449,79.55,16.658027,9.857979,0,0,0,0,0.055604,0,0.230769,0.377121,0.243243,0.756757,0.36,0.35,0.113136,0.050283,0.26,0.24569,0.322368,0.409483
2026,ME Fort Kent,14,81.698361,123.98827,82.65,5.267289,-29.532652,0,0,1,0,0.000621,0,0.375,0.30248,0.305556,0.694444,0.225806,0.541667,0.108893,0,0.387097,0.374375,0.318865,0.37625
2026,Memphis,3,113.020882,97.781607,72.060937,24.682115,22.913354,8,5,0,0,0.222175,0,0.31571,0.188642,0.355386,0.644614,0.346897,0.498242,0.117088,0.059845,0.336724,0.393298,0.329572,0.371033
2026,Menlo,10,90.61533,109.992573,82.25,19.213579,-4.586499,0,0,0,0,0.003845,0,0.4,0.291793,0.285714,0.714286,0.555556,0.478261,0.036474,0.036474,0.277778,0.430899,0.347561,0.405675
2026,Mercer,5,120.375705,102.622345,70.936719,10.887271,18.174781,1,11,0,0,0.510102,0,0.348692,0.146698,0.326412,0.673588,0.374621,0.480874,0.111014,0.048459,0.405966,0.440104,0.32374,0.322573
2026,Merch Marn,16,71.073617,147.161462,68.275,10.568655,-43.231287,0,0,0,0,0.000026,0,0.409091,0.30758,0.318182,0.681818,0.18,0.75,0.08788,0.014647,0.44,0.506729,0.358529,0.30176
2026,Mercy,12,80.181148,110.786593,77.5,4.204203,-18.595739,0,0,1,0,0.004534,0,0.136364,0.154839,0.264706,0.735294,0.307692,0.285714,0.090323,0,0.338462,0.477647,0.304187,0.301765
2026,Mercyhurst,7,108.95696,99.270931,65.666176,9.550158,11.897256,0,11,1,0,0.52331,0,0.326923,0.144223,0.277477,0.722523,0.248992,0.554566,0.110183,0.057779,0.314516,0.386365,0.333823,0.32587
2026,Merrimack,5,111.394305,97.795937,64.534559,14.868719,17.492295,0,19,1,0,0.758715,0,0.32736,0.148119,0.283077,0.716923,0.381608,0.560265,0.127155,0.079757,0.460903,0.384012,0.331984,0.324871
2026,Miami,7,127.269184,93.241398,69.439394,26.479643,36.461469,16,7,0,0,0.664488,0,0.3472,0.161466,0.328188,0.671812,0.374873,0.536906,0.113463,0.048876,0.316616,0.413336,0.339537,0.348347
2026,Miami Hamilton,13,91.400961,143.121981,68.65,15.593632,-24.20635,0,0,0,0,0.00027,0,0.333333,0.291333,0.4,0.6,0.269231,0.666667,0.116533,0.029133,0.519231,0.379958,0.307692,0.36952
2026,Miami Mid'town,16,87.215034,141.717954,86.925,9.241689,-40.558298,0,0,0,0,0.000051,0,0.352941,0.322117,0.307692,0.692308,0.383333,0.5,0.057521,0.046017,0.283333,0.42922,0.325581,0.211434
2026,Miami OH,11,127.914897,99.235353,73.065625,10.848639,26.054907,7,19,0,0,0.833846,0,0.391559,0.143279,0.23348,0.76652,0.396019,0.515485,0.101792,0.045764,0.446831,0.381929,0.337496,0.332426
2026,Michigan,1,132.44339,84.51006,71.918382,33.480866,50.722044,30,1,0,0,0.760329,0,0.360234,0.166447,0.275202,0.724798,0.376833,0.60735,0.079338,0.081792,0.417889,0.405624,0.343898,0.350057
2026,Michigan St,3,128.225976,90.359593,67.407813,31.775991,41.607247,21,4,0,0,0.578225,0,0.359238,0.170603,0.319216,0.680784,0.361793,0.670068,0.07603,0.060731,0.363927,0.403908,0.348208,0.346119
2026,Mid Am Chr,10,102.717772,127.656981,63.375,13.963992,-4.836067,0,0,0,0,0.008724,0,0.354839,0.157791,0.4,0.6,0.081967,0.5,0.142012,0.015779,0.508197,0.415748,0.352273,0.331234
2026,Mid Atl Chrstn,14,74.22465,121.691921,75.7125,12.065711,-27.067595,0,0,2,0,0.015977,0,0.210526,0.187111,0.364162,0.635838,0.228205,0.370968,0.103462,0.013208,0.24359,0.362773,0.327642,0.395309
2026,Midway,12,96.049424,135.965904,71.7625,14.641424,-18.158579,0,0,0,0,0.026797,0,0.351064,0.229925,0.237624,0.762376,0.167401,0.539216,0.076642,0.048772,0.414097,0.42775,0.36674,0.334645
2026,Milligan,13,92.78018,142.664888,77.9375,23.134116,-25.165881,0,0,0,0,0.000071,0,0.276923,0.186047,0.359375,0.640625,0.181159,0.44898,0.044908,0.006415,0.471014,0.453031,0.365883,0.357925
2026,Millsaps,9,104.593268,120.989592,79.35,25.185916,1.385879,0,0,0,0,0.003845,0,0.294118,0.189036,0.264706,0.735294,0.42623,0.25,0.063012,0.025205,0.278689,0.396943,0.362733,0.293886
2026,Milwaukee,6,115.935917,109.149257,69.251563,16.657424,13.482434,1,10,0,0,0.32489,0,0.322581,0.150267,0.348656,0.651344,0.321897,0.484091,0.097471,0.042418,0.375378,0.413432,0.349368,0.330269
2026,Minn Crook,10,95.433758,123.031782,76.9,23.736058,-7.064005,0,0,0,0,0.001207,0,0.363636,0.247074,0.15,0.85,0.070175,0.464286,0.117035,0.052016,0.385965,0.418938,0.365297,0.307987
2026,Minnesota,2,120.208626,98.169299,63.450781,28.107557,29.00756,8,5,0,0,0.487951,0,0.347661,0.16696,0.274924,0.725076,0.359356,0.720207,0.101949,0.041863,0.471395,0.407459,0.340863,0.347332
2026,Misericordia,11,89.479434,118.756254,74.675,10.784895,-13.515048,0,0,1,0,0.024237,0,0.387755,0.207566,0.244898,0.755102,0.220339,0.5,0.120522,0.033478,0.415254,0.421689,0.359659,0.353356
2026,Miss for Women,15,75.419448,125.598364,78.6,-6.253414,-39.053431,0,0,1,0,0.000865,0,0.238095,0.267176,0.225806,0.774194,0.280702,0.52381,0.101781,0.025445,0.368421,0.308447,0.300353,0.33733
2026,Miss Valley St,10,94.974097,113.296282,70.697727,11.728418,-6.253414,0,2,5,0,0.211231,0,0.300353,0.217314,0.300894,0.699106,0.33733,0.534483,0.102442,0.036433,0.308447,0.370366,0.327929,0.375962
2026,Mississippi St,3,117.80708,102.244245,72.454688,30.489014,25.701509,8,5,0,0,0.213664,0,0.323857,0.160445,0.296811,0.703189,0.306548,0.450937,0.079791,0.060383,0.40129,0.389327,0.343367,0.374373
2026,Missouri,10,124.909296,98.952776,69.239063,28.183,31.7955,11,7,0,0,0.486797,0,0.350076,0.178729,0.325724,0.674276,0.424575,0.505593,0.096134,0.050098,0.360395,0.399084,0.342934,0.374513
2026,Missouri Bapt,12,88.362388,135.041868,65.8,13.645033,-20.154979,0,0,0,0,0.000733,0,0.25,0.182371,0.32,0.68,0.137931,0.318182,0.06079,0.030395,0.413793,0.363489,0.346667,0.306947
2026,Missouri St,5,116.289567,102.772709,67.842647,16.275093,17.245664,3,10,0,0,0.349959,0,0.329114,0.164308,0.333333,0.666667,0.421107,0.565517,0.100145,0.045521,0.408691,0.386771,0.339445,0.346801
2026,MIT,10,81.032183,110.078928,67.5,19.88031,-5.919633,0,0,0,0,0.002764,0,0.107143,0.177778,0.235294,0.764706,0.37037,0.4,0.059259,0.044444,0.518519,0.400754,0.346395,0.265075
2026,Mitchell,11,99.731975,126.312251,71.225,8.159651,-11.640301,0,0,0,0,0.007413,0,0.411765,0.16848,0.285714,0.714286,0.177419,0.296296,0.08424,0.02808,0.274194,0.40303,0.312782,0.307273
2026,Mnhttn Chrstn,12,88.89798,133.903323,76.75,30.634525,-17.165491,0,0,0,0,0.000071,0,0.236842,0.143322,0.225806,0.774194,0.147059,0.391304,0.039088,0.052117,0.558824,0.463315,0.387597,0.404823
2026,MO So St,9,98.50626,110.212366,75.7,17.245664,2.445646,0,0,0,0,0.016599,0,0.26087,0.15852,0.357143,0.642857,0.164384,0.586207,0.07926,0.07926,0.315068,0.408691,0.329114,0.421107
2026,Mobile,11,77.993685,111.429059,72.325,17.417146,-12.382853,0,0,0,0,0.001425,0,0.272727,0.193571,0.181818,0.818182,0.114754,0.647059,0.069132,0.055306,0.721311,0.366704,0.348416,0.393805
2026,Molloy,10,86.043102,110.740247,79.275,25.987904,-4.812053,0,0,0,0,0.001207,0,0.142857,0.163986,0.242424,0.757576,0.128571,0.444444,0.063072,0.012614,0.3,0.436908,0.36758,0.318703
2026,Monmouth,4,113.046054,98.37181,67.888971,17.125997,19.043681,4,14,0,0,0.674401,0,0.34407,0.167228,0.318487,0.681513,0.326807,0.538286,0.114807,0.063685,0.342871,0.387571,0.337287,0.338519
2026,Montana,5,114.101843,98.786084,71.316176,16.459361,18.882821,8,7,0,0,0.47311,0,0.357786,0.191772,0.192472,0.807528,0.371567,0.554455,0.078359,0.033406,0.418417,0.404601,0.340837,0.335791
2026,Montana St,3,120.277761,99.713951,67.871875,15.695631,22.595558,6,9,0,0,0.528532,0,0.371194,0.147336,0.281398,0.718602,0.299681,0.416856,0.100833,0.041899,0.453773,0.393067,0.34066,0.346878
2026,Montana Tech,2,129.042731,105.373096,66.975,18.882821,29.08274,0,1,0,0,0.91689,0,0.482759,0.119448,0.225806,0.774194,0.375,0.464286,0.059724,0.074655,0.517857,0.418417,0.357786,0.371567
2026,Morehead St,7,114.699747,106.808973,67.717424,10.12184,11.055166,0,12,0,0,0.729453,0,0.332765,0.173627,0.340622,0.659378,0.372713,0.501699,0.096658,0.045197,0.306325,0.368755,0.323991,0.334683
2026,Morehouse,7,106.038228,106.773933,69.075,17.562301,11.762332,0,0,0,0,0.063849,0,0.375,0.14477,0.214286,0.785714,0.298246,0.416667,0.028954,0.014477,0.421053,0.339733,0.345369,0.4496
2026,Morgan St,9,106.743842,106.895685,71.85,5.681613,2.608305,0,3,4,0,0.660588,0,0.330696,0.174901,0.326336,0.673664,0.418315,0.526667,0.069125,0.04964,0.357264,0.353849,0.325267,0.353082
2026,Morris,12,82.256964,118.782897,72.125,13.182809,-16.617178,0,0,0,0,0.001425,0,0.25,0.166378,0.285714,0.714286,0.245902,0.285714,0.069324,0.041594,0.196721,0.351667,0.349131,0.394444
2026,Mount Marty,10,106.163723,130.432346,65.5125,19.845762,-1.954269,0,0,0,0,0.005414,0,0.288136,0.14501,0.466667,0.533333,0.153226,0.56,0.129746,0.038161,0.475806,0.349862,0.336377,0.403266
2026,Mount Olive,10,102.083264,121.019448,82.025,23.455559,-2.34441,0,0,0,0,0.002764,0,0.259259,0.146297,0.3125,0.6875,0.267606,0.296296,0.08534,0.048766,0.380282,0.382196,0.357043,0.416844
2026,Mount St Marys,7,104.503013,98.653213,68.020313,12.688547,11.126093,0,7,0,0,0.599472,0,0.325,0.223738,0.293176,0.706824,0.325212,0.564036,0.090047,0.044104,0.430595,0.397422,0.331525,0.319866
2026,Mt Saint Mary,16,56.798604,136.248983,74.075,19.569225,-46.230732,0,0,0,0,0.000004,0,0.115385,0.310496,0.266667,0.733333,0.361702,0.545455,0.094499,0.027,0.553191,0.383849,0.293716,0.257472
2026,MTSU,4,115.852551,99.56211,68.80625,17.757089,20.213326,5,10,0,0,0.590204,0,0.340206,0.167136,0.307161,0.692839,0.319832,0.539645,0.089472,0.061768,0.459232,0.391506,0.333314,0.344894
2026,Murray St,3,122.99181,103.642614,72.046094,20.8876,23.893841,9,10,0,0,0.384012,0,0.347876,0.162223,0.321612,0.678388,0.39126,0.493289,0.082846,0.055954,0.447815,0.394704,0.341689,0.3273
2026,N Arizona,8,112.657293,109.37965,66.528906,15.620128,10.326308,2,5,0,0,0.219303,0,0.367127,0.157826,0.265756,0.734244,0.329565,0.517618,0.103339,0.040866,0.368005,0.396605,0.344739,0.334857
2026,N Central,12,83.709802,125.674175,78.325,23.950398,-18.849661,0,0,0,0,0.000164,0,0.243902,0.165975,0.21875,0.78125,0.101449,0.818182,0.063837,0.089371,0.594203,0.461097,0.364666,0.348303
2026,N Central (IL),10,84.311811,115.114301,69.7,23.633253,-6.166754,0,0,0,0,0.001425,0,0.304348,0.373027,0.235294,0.764706,0.26087,0.411765,0.057389,0,0.5,0.406155,0.35528,0.368819
2026,N Colorado,4,121.706749,102.544956,70.916406,15.350276,21.418953,5,11,0,0,0.762162,0,0.361702,0.15335,0.256826,0.743174,0.267241,0.548087,0.061252,0.037456,0.429006,0.389871,0.341283,0.338181
2026,N Dakota St,14,120.298731,95.546532,69.644118,12.494936,23.736058,2,21,0,0,0.779652,0,0.365297,0.154567,0.318805,0.681195,0.307987,0.539326,0.119515,0.040965,0.418938,0.398418,0.336847,0.341551
2026,N Greenville,9,109.303019,109.435588,68.575,1.89384,4.093857,0,0,1,0,0.493865,0,0.4375,0.211447,0.239437,0.760563,0.311927,0.603774,0.036456,0.043748,0.440367,0.442173,0.318134,0.297705
2026,N Illinois,8,104.122133,105.926458,70.1425,14.258866,6.418879,0,6,0,0,0.185734,0,0.31201,0.211949,0.339423,0.660577,0.381092,0.528249,0.086015,0.026612,0.449794,0.404653,0.337178,0.33868
2026,N Kentucky,4,119.753837,102.285419,72.3375,13.744593,19.232843,2,15,0,0,0.594104,0,0.341515,0.16345,0.3361,0.6639,0.362208,0.545825,0.119131,0.048791,0.445978,0.398933,0.343181,0.326061
2026,N'Western St,7,108.642855,104.280586,66.074219,15.150354,11.325325,1,7,0,0,0.397462,0,0.332174,0.176884,0.282587,0.717413,0.403178,0.514132,0.097428,0.035944,0.338434,0.38502,0.329233,0.356249
2026,Navy,4,116.590745,93.727263,65.845455,8.993944,19.612169,0,18,0,0,0.877195,0,0.359867,0.1712,0.285596,0.714404,0.401776,0.625874,0.116434,0.048323,0.334628,0.411765,0.327764,0.319357
2026,NC A&T,7,112.521633,106.517118,69.805,14.23991,11.793274,2,3,0,0,0.229856,0,0.316759,0.183845,0.289711,0.710289,0.450957,0.464935,0.076403,0.05587,0.324761,0.385935,0.329234,0.367288
2026,NC Central,9,108.143776,107.753084,68.232812,8.147692,4.822716,0,1,3,0,0.48437,0,0.328407,0.178158,0.342914,0.657086,0.388489,0.547859,0.128695,0.051753,0.337023,0.356509,0.323715,0.367119
2026,NC State,11,129.418594,101.266137,70.343939,29.817443,36.070392,16,3,0,0,0.258825,0,0.388195,0.131389,0.285338,0.714662,0.351944,0.548456,0.114588,0.047817,0.439182,0.402611,0.344297,0.361713
2026,Nebraska,4,124.917158,87.852743,67.44375,29.516939,39.779441,20,4,0,0,0.60833,0,0.35251,0.144565,0.251567,0.748433,0.271762,0.656393,0.107497,0.037995,0.507431,0.409252,0.343606,0.339861
2026,Nevada,2,120.679596,96.828128,67.827206,24.905394,28.787708,17,2,0,0,0.49298,0,0.362319,0.149168,0.312908,0.687092,0.466146,0.572447,0.098434,0.055938,0.323437,0.402638,0.339312,0.360654
2026,New College FL,15,82.915766,132.305694,80.15,10.540901,-31.7591,0,0,0,0,0.000451,0,0.357143,0.268247,0.191176,0.808824,0.239316,0.404255,0.031192,0.043668,0.358974,0.452274,0.337512,0.287338
2026,New Hampshire,9,102.982816,103.777389,69.549167,9.956741,4.983459,0,4,3,0,0.139818,0,0.309252,0.161037,0.294173,0.705827,0.286894,0.450875,0.089146,0.031632,0.434471,0.394593,0.331085,0.331892
2026,New Haven,8,104.407788,99.92961,64.220161,9.411222,8.159651,0,9,1,0,0.51564,0,0.312782,0.17229,0.249743,0.750257,0.307273,0.51511,0.101968,0.035664,0.40303,0.363091,0.32798,0.311707
2026,New Mexico,2,122.431623,92.270878,70.499242,23.375781,32.61817,13,7,0,0,0.521168,0,0.361927,0.152162,0.29485,0.70515,0.363224,0.537788,0.112617,0.040404,0.428715,0.398953,0.337532,0.368191
2026,New Mexico St,5,114.370169,98.870123,68.965625,15.669718,18.394699,5,9,0,0,0.495226,0,0.325676,0.15225,0.325658,0.674342,0.352214,0.498195,0.093344,0.045766,0.38105,0.409017,0.335343,0.374138
2026,New Orleans,5,112.904993,103.637528,70.27803,19.645455,17.366637,3,12,0,0,0.508754,0,0.317742,0.204383,0.322816,0.677184,0.463839,0.52457,0.082357,0.053467,0.33714,0.386705,0.33534,0.345704
2026,Niagara,9,104.936264,107.805682,63.504167,12.472672,5.426055,0,3,2,0,0.328649,0,0.333856,0.187914,0.273143,0.726857,0.261171,0.599144,0.088708,0.045666,0.40151,0.386017,0.327766,0.334143
2026,Nicholls,6,111.053759,102.897784,68.820455,16.872332,15.03594,1,12,0,0,0.408083,0,0.333728,0.172605,0.336904,0.663096,0.34344,0.521583,0.130335,0.039188,0.441715,0.38395,0.33458,0.351611
2026,NJIT,8,102.58604,103.346361,68.115909,11.942295,6.215072,1,7,2,0,0.482127,0,0.302597,0.169942,0.285589,0.714411,0.33122,0.46224,0.097872,0.047157,0.406762,0.399096,0.33465,0.32586
2026,NM Highlands,10,82.77584,112.574084,71.325,24.194553,-5.938807,0,0,0,0,0.00801,0,0.254237,0.313121,0.305263,0.694737,0.414966,0.538462,0.093469,0.032714,0.401361,0.378299,0.32904,0.371638
2026,Nobel,12,82.099846,120.626206,74.414286,16.267502,-18.132569,0,0,0,0,0.000954,0,0.235294,0.264926,0.330049,0.669951,0.317136,0.371622,0.057593,0.024957,0.173913,0.372029,0.339681,0.341844
2026,Norfolk St,8,111.363748,102.909231,70.10625,6.792537,9.586301,0,2,5,0,0.509541,0,0.336315,0.175626,0.333633,0.666367,0.424242,0.445741,0.101186,0.042346,0.302489,0.36243,0.325399,0.360546
2026,North Alabama,8,108.914345,111.412148,66.719167,13.989311,6.109307,1,6,0,0,0.214162,0,0.305263,0.171365,0.33001,0.66999,0.377593,0.410884,0.097923,0.056456,0.337878,0.425845,0.35591,0.325178
2026,North Carolina,6,126.712333,93.48327,68.617969,29.838827,37.507588,20,3,0,0,0.572411,0,0.344569,0.140725,0.283484,0.716516,0.374142,0.570313,0.077877,0.050096,0.422691,0.401551,0.34674,0.353375
2026,North Dakota,7,113.977744,105.580693,70.075714,13.451938,12.646173,3,9,1,0,0.467872,0,0.33177,0.139849,0.324418,0.675582,0.365439,0.429806,0.121094,0.036695,0.402738,0.416221,0.335494,0.33762
2026,North Florida,8,114.174778,115.536158,73.026562,14.805436,6.542939,0,5,0,0,0.243389,0,0.350895,0.171599,0.290698,0.709302,0.287748,0.505695,0.069324,0.018829,0.511439,0.397396,0.3412,0.336295
2026,North Texas,4,110.65283,92.513016,68.103788,18.540502,21.570789,8,9,0,0,0.660939,0,0.299517,0.167303,0.344798,0.655202,0.399476,0.511084,0.137046,0.064073,0.325131,0.395814,0.329036,0.36494
2026,Northeastern,7,113.153868,109.122021,70.125,18.114283,12.46271,2,5,0,0,0.143487,0,0.336662,0.163303,0.302349,0.697651,0.293642,0.556725,0.099362,0.042321,0.377694,0.39972,0.339502,0.347435
2026,Northeastern St,10,110.910429,129.857666,67.7,17.245664,-0.554354,0,0,0,0,0.010259,0,0.352941,0.14771,0.384615,0.615385,0.193548,0.37931,0.118168,0.059084,0.274194,0.408691,0.329114,0.421107
2026,Northern Iowa,12,116.31363,88.529704,64.035,20.377905,28.577893,10,12,0,0,0.715509,0,0.354628,0.145902,0.214669,0.785331,0.255596,0.574236,0.100838,0.048634,0.399271,0.402931,0.338275,0.334178
2026,Northern NM,12,85.922925,137.556566,70.7,27.268166,-19.531874,0,0,0,0,0.000084,0,0.230769,0.226308,0.321429,0.678571,0.206897,0.5,0.070721,0,0.448276,0.489437,0.390887,0.394366
2026,Northrn St,9,110.316593,124.105772,74.225,26.492772,5.692731,0,0,0,0,0.006295,0,0.3,0.161671,0.344828,0.655172,0.164179,0.37037,0.094308,0.026945,0.597015,0.422872,0.32956,0.357979
2026,Northwest U,11,81.553178,118.924149,73.325,22.595558,-13.204525,0,0,0,0,0.000525,0,0.266667,0.150017,0.15,0.85,0.111111,0.5,0.095465,0.040914,0.47619,0.453773,0.371194,0.299681
2026,Northwestern,2,122.608403,99.578795,65.313235,30.32619,30.937963,10,4,0,0,0.488154,0,0.329771,0.130592,0.297975,0.702025,0.339036,0.658427,0.088713,0.054489,0.339554,0.422563,0.344771,0.346959
2026,Northwood,4,108.200154,94.547938,81.875,12.523886,19.723903,0,1,0,0,0.881265,0,0.296296,0.183206,0.371429,0.628571,0.367647,0.7,0.158779,0.048855,0.397059,0.350621,0.35131,0.334954
2026,Notre Dame,2,119.872902,100.888566,67.844355,28.954443,27.464124,8,5,0,0,0.241594,0,0.356322,0.169268,0.302203,0.697797,0.340745,0.474407,0.065615,0.032808,0.435242,0.402623,0.346456,0.344681
2026,Notre Dame MD,13,85.569881,126.548104,78.258333,16.911861,-21.221435,0,0,0,0,0.001356,0,0.261538,0.166116,0.296703,0.703297,0.138756,0.297297,0.106485,0.038335,0.311005,0.399883,0.335442,0.343035
2026,NW Indian,15,78.446537,145.940429,74.425,20.668307,-37.131776,0,0,0,0,0.000042,0,0.277778,0.255291,0.22807,0.77193,0.314103,0.466667,0.062703,0.017915,0.230769,0.405629,0.351314,0.342797
2026,NW Okla St,14,82.010658,135.250255,75.025,17.245664,-28.554354,0,0,0,0,0.000099,0,0.235294,0.173276,0.24,0.76,0.322034,0.380952,0.11996,0.026658,0.288136,0.408691,0.329114,0.421107
2026,Oakland,4,122.024027,107.402951,71.591406,19.141233,20.416241,4,11,0,0,0.431955,0,0.347892,0.146229,0.316354,0.683646,0.379663,0.543689,0.106507,0.050635,0.339295,0.400345,0.347788,0.319955
2026,Oakland City,13,74.934991,120.697566,69.2625,9.907848,-23.392148,0,0,0,0,0.001496,0,0.205128,0.166035,0.303571,0.696429,0.342105,0.375,0.093846,0.021657,0.342105,0.464189,0.35113,0.331669
2026,Oakwood,14,85.224894,138.820001,77.216667,15.322953,-31.143721,0,0,0,0,0.00023,0,0.213333,0.181308,0.340659,0.659341,0.276923,0.411765,0.099288,0.021584,0.384615,0.401067,0.349164,0.347308
2026,Occidental,11,85.481165,113.705827,73.8,15.815329,-9.984727,0,0,0,0,0.002764,0,0.15,0.203252,0.354839,0.645161,0.121212,0.44,0.121951,0.04065,0.30303,0.431373,0.353147,0.257416
2026,Oglethorpe,14,71.422982,123.762444,76.85,18.174781,-28.625208,0,0,0,0,0.000084,0,0.242424,0.27326,0.27027,0.72973,0.095238,0.578947,0.065062,0.013012,0.52381,0.405966,0.348692,0.374621
2026,Ohio,6,115.229129,104.539997,71.196875,16.712366,15.593632,2,10,0,0,0.422614,0,0.307692,0.152745,0.299257,0.700743,0.36952,0.488688,0.086029,0.050037,0.379958,0.40102,0.34763,0.349535
2026,Ohio Christian,11,74.535956,116.978251,64.225,17.219454,-14.580529,0,0,0,0,0.001022,0,0.291667,0.186843,0.304348,0.695652,0.203704,0.625,0.108992,0,0.444444,0.470199,0.327194,0.317371
2026,Ohio State,8,129.556934,97.44682,67.212879,30.993491,37.411679,15,6,0,0,0.600568,0,0.360324,0.154642,0.279854,0.720146,0.377838,0.519737,0.072587,0.035617,0.400541,0.422996,0.342432,0.340915
2026,Ohio Weslyan,13,80.496227,129.273888,69.6,18.577068,-21.222914,0,0,0,0,0.000738,0,0.25,0.222701,0.340426,0.659574,0.293578,0.571429,0.079023,0.014368,0.477064,0.357063,0.334506,0.373387
2026,OK Christian,11,92.943505,133.526023,69.325,30.634525,-9.165491,0,0,0,0,0.00027,0,0.269231,0.115398,0.47619,0.52381,0.102941,0.478261,0.086549,0.014425,0.382353,0.463315,0.387597,0.404823
2026,Oklahoma,1,129.724299,101.554031,69.104412,28.569272,33.745739,12,3,0,0,0.696243,0,0.367778,0.143857,0.323191,0.676809,0.359299,0.50207,0.090656,0.054479,0.438169,0.396131,0.340619,0.367166
2026,Oklahoma St,2,122.334355,103.167,75.212879,29.396421,29.896404,13,6,0,0,0.402963,0,0.337802,0.158741,0.303828,0.696172,0.39375,0.509927,0.095889,0.035052,0.358654,0.385508,0.34774,0.351807
2026,Old Dominion,6,112.39413,103.91638,71.22197,15.514856,14.302746,1,8,1,0,0.522293,0,0.354254,0.15317,0.272806,0.727194,0.347321,0.492027,0.080414,0.044249,0.362487,0.416348,0.337051,0.36229
2026,Old Westbury,15,45.117693,134.991939,63.85,25.987904,-39.812053,0,0,0,0,0.000004,0,0.222222,0.234926,0.25,0.75,0.117647,0.625,0.062647,0.015662,0.352941,0.436908,0.36758,0.318703
2026,Ole Miss,2,119.710528,98.720627,69.587143,30.454813,29.677668,9,4,0,0,0.41969,0,0.331558,0.140009,0.292256,0.707744,0.33018,0.502123,0.101825,0.061998,0.355251,0.389023,0.341275,0.383308
2026,Olivet,10,86.121234,102.320977,79.6,12.751263,-4.048715,0,0,0,0,0.012056,0,0.2,0.251256,0.333333,0.666667,0.25,0.8,0.113065,0.025126,0.46875,0.338917,0.331137,0.319375
2026,Omaha,6,115.223691,105.857978,68.931061,14.321619,13.963992,2,10,1,0,0.481471,0,0.352273,0.160459,0.258999,0.741001,0.331234,0.488662,0.083527,0.040884,0.415748,0.417446,0.338705,0.331711
2026,Oral Roberts,7,109.331556,104.900364,70.413636,14.814462,10.535629,2,2,0,0,0.496193,0,0.322654,0.189357,0.296875,0.703125,0.366034,0.483354,0.085211,0.04777,0.46097,0.402229,0.336164,0.34464
2026,Oregon,2,116.542183,99.592079,66.986719,30.812225,27.018462,8,4,0,0,0.40416,0,0.320513,0.175874,0.325455,0.674545,0.349616,0.590206,0.090503,0.05878,0.428101,0.406099,0.341764,0.352938
2026,Oregon St,4,114.136812,102.184286,67.156061,23.521223,19.909068,12,5,0,0,0.566456,0,0.350129,0.177335,0.265421,0.734579,0.431103,0.61178,0.082124,0.054599,0.442539,0.39714,0.344422,0.328173
2026,Ottawa (AZ),11,61.403508,95.955115,71.175,18.882821,-11.91726,0,0,0,0,0.001207,0,0.153846,0.154549,0.241379,0.758621,0.213115,0.357143,0.112399,0.04215,0.42623,0.418417,0.357786,0.371567
2026,Ozark Chrstn,16,93.250992,161.4563,73.025,12.11537,-40.684682,0,0,0,0,0.000031,0,0.352941,0.287573,0.25,0.75,0.404255,0.434783,0.054776,0.013694,0.361702,0.35631,0.331845,0.447508
2026,Pacif. Lutheran,10,101.378068,116.407776,82.65,16.555087,-2.24499,0,0,0,0,0.008724,0,0.333333,0.181488,0.325,0.675,0.189189,0.62963,0.036298,0.024198,0.567568,0.523763,0.331481,0.350145
2026,Pacific,3,117.374939,97.280957,65.926515,20.300686,24.276404,5,10,0,0,0.315768,0,0.360483,0.197649,0.306349,0.693651,0.29834,0.58046,0.082277,0.034474,0.355115,0.403454,0.337062,0.337716
2026,Pacific Union,15,69.469851,123.591989,82.875,19.213579,-33.586499,0,0,0,0,0.000031,0,0.258065,0.337858,0.173913,0.826087,0.531915,0.769231,0.084465,0.024133,0.659574,0.430899,0.347561,0.405675
2026,Paine,16,43.939875,126.003055,78.85,20.460518,-52.3395,0,0,0,0,0.000001,0,0.086957,0.16487,0.305556,0.694444,0.081081,0.333333,0.076094,0.038047,0.310811,0.434473,0.349727,0.435897
2026,Park U Gilbert,8,114.113519,118.391261,65.375,15.740893,8.940806,0,0,0,0,0.055604,0,0.521739,0.183556,0.190476,0.809524,0.090909,0.535714,0.091778,0.030593,0.418182,0.412366,0.329857,0.38172
2026,Paul Quinn,13,84.153462,113.623015,85.45,9.727104,-23.072911,0,0,0,0,0.000865,0,0.363636,0.327677,0.205882,0.794118,0.407407,0.347826,0.093622,0.011703,0.407407,0.307326,0.334365,0.430067
2026,Paul Smith's,15,77.163381,135.214469,76.75,8.275085,-37.524856,0,0,0,0,0.000099,0,0.291667,0.273616,0.363636,0.636364,0.169492,0.454545,0.078176,0,0.40678,0.372216,0.334758,0.242312
2026,Penn,14,115.354177,98.928005,69.727586,17.743479,20.426287,7,10,0,0,0.827362,0,0.386139,0.155284,0.316288,0.683712,0.365517,0.528721,0.096929,0.045003,0.348276,0.41531,0.348024,0.322578
2026,Penn State,3,119.544088,107.766091,67.322656,28.828144,22.57191,5,6,0,0,0.205888,0,0.323572,0.15643,0.286947,0.713053,0.338162,0.482759,0.103049,0.025066,0.380501,0.404616,0.344224,0.344916
2026,Penn State-She,15,68.844488,179.365536,80.308333,17.626805,-39.92317,0,0,1,0,0.000015,0,0.235294,0.195081,0.254717,0.745283,0.109524,0.464286,0.045657,0.020753,0.485714,0.442835,0.355483,0.330937
2026,Pensacola Chrs,16,75.078422,138.94818,82.7,21.039402,-40.760599,0,0,0,0,0.000007,0,0.380952,0.350665,0.185185,0.814815,0.226415,0.421053,0.084643,0.060459,0.396226,0.455313,0.334787,0.357994
2026,Pepperdine,7,110.47372,106.413383,69.996094,20.724783,13.012239,2,5,0,0,0.317477,0,0.317308,0.183046,0.327808,0.672192,0.330863,0.559553,0.086166,0.040181,0.385389,0.389083,0.34297,0.333119
2026,Peru State,14,75.053591,134.527248,66.8,17.689472,-27.110581,0,0,0,0,0.000117,0,0.333333,0.224551,0.208333,0.791667,0.150943,0.555556,0.05988,0.01497,0.45283,0.392744,0.344043,0.30021
2026,Pfeiffer,14,82.262847,134.722761,79.0375,19.948932,-29.351043,0,0,0,0,0.000091,0,0.277778,0.22774,0.340426,0.659574,0.130769,0.510638,0.082239,0.037957,0.415385,0.377394,0.335446,0.420601
2026,Piedmont,9,100.928578,105.354765,84.35,14.000357,5.200373,0,0,0,0,0.041721,0,0.304348,0.106698,0.222222,0.777778,0.366197,0.482759,0.15412,0.011855,0.323944,0.514563,0.361321,0.302427
2026,Pit Greensburg,10,87.799394,107.806559,70.55,20.016088,-0.783897,0,0,0,0,0.006295,0,0.272727,0.198441,0.272727,0.727273,0.333333,0.631579,0.155918,0.014174,0.407407,0.401309,0.372647,0.273414
2026,Pitt,3,118.166662,99.986445,65.244697,28.824801,26.842997,8,4,0,0,0.392158,0,0.333745,0.172312,0.343284,0.656716,0.303844,0.522782,0.100322,0.047374,0.426014,0.412135,0.345882,0.347803
2026,Plattsburgh,15,88.338267,146.403517,74.55,14.778876,-33.021069,0,0,0,0,0.000071,0,0.259259,0.147552,0.15,0.85,0.310345,0.5,0.080483,0.026828,0.465517,0.448564,0.33993,0.315927
2026,Point,14,80.443624,128.411338,81.875,20.460518,-27.3395,0,0,0,0,0.000071,0,0.388889,0.232061,0.21875,0.78125,0.431034,0.294118,0.048855,0,0.310345,0.434473,0.349727,0.435897
2026,Portland,5,112.182347,102.767833,71.138235,21.659146,17.100277,8,5,0,0,0.473301,0,0.30236,0.192252,0.280244,0.719756,0.355419,0.620728,0.083102,0.040931,0.348228,0.417356,0.349732,0.332434
2026,Portland St,4,114.140264,95.236891,70.177419,14.068549,20.52654,5,12,0,0,0.496695,0,0.324961,0.165939,0.303587,0.696413,0.357143,0.527615,0.108481,0.05424,0.344697,0.400241,0.341107,0.352238
2026,Prairie View,16,108.658038,100.208084,74.182857,6.62426,9.727104,0,9,2,0,0.857125,0,0.334365,0.160607,0.296047,0.703953,0.430067,0.448498,0.107071,0.062779,0.307326,0.370689,0.325023,0.362863
2026,Presbyterian,7,111.813423,102.674639,67.390909,12.669983,13.045754,1,8,0,0,0.415654,0,0.322581,0.192904,0.310197,0.689803,0.399338,0.502904,0.084986,0.068348,0.290678,0.398544,0.338291,0.373527
2026,Princeton,6,111.675611,104.615182,64.982759,17.515354,14.246432,3,5,0,0,0.333747,0,0.34136,0.169806,0.283351,0.716649,0.34134,0.552906,0.073229,0.033431,0.446271,0.415763,0.35077,0.318214
2026,Principia,16,56.30064,138.143804,75.6,36.14242,-41.657561,0,0,0,0,0,0,0.086957,0.198413,0.333333,0.666667,0.266667,0.4,0.079365,0,0.383333,0.453535,0.400891,0.341414
2026,Providence,2,125.065118,103.418677,74.098485,28.411327,29.326505,11,3,0,0,0.495178,0,0.363527,0.166854,0.285602,0.714398,0.366928,0.47482,0.072385,0.052755,0.405088,0.389808,0.333206,0.344431
2026,PSU Abington,14,82.566488,136.69796,71.375,13.737627,-28.562318,0,0,0,0,0.000451,0,0.15625,0.112084,0.28,0.72,0.42735,0.473684,0.070053,0.077058,0.273504,0.420863,0.344449,0.292658
2026,PSU Behrend,10,108.291739,143.331637,61.6,17.197177,-8.602795,0,0,0,0,0.002764,0,0.363636,0.097403,0.380952,0.619048,0.285714,0.666667,0.064935,0.032468,0.392857,0.454033,0.382609,0.394247
2026,PSU Brandywine,13,75.089919,121.238294,66.725,6.867199,-23.932759,0,0,1,0,0.001359,0,0.355556,0.299738,0.34375,0.65625,0.209524,0.676471,0.089921,0.007493,0.428571,0.393929,0.327848,0.371764
2026,PSU Hazleton,9,100.411155,104.015929,76.8,11.591394,5.791444,0,0,0,0,0.063849,0,0.416667,0.130208,0.242424,0.757576,0.112676,0.275862,0.104167,0.026042,0.338028,0.389209,0.359354,0.323206
2026,PSU New Kens,15,61.843449,121.925833,74.55,11.897256,-35.9027,0,0,0,0,0.000071,0,0.235294,0.268276,0.2,0.8,0.352941,0.266667,0.107311,0.013414,0.333333,0.314516,0.326923,0.248992
2026,PSU York,10,80.621662,98.062827,71.075,17.292984,-0.50696,0,0,0,0,0.010259,0,0.076923,0.182905,0.27027,0.72973,0.283333,0.238095,0.042209,0.070348,0.216667,0.392447,0.361227,0.328955
2026,Puget Sound,14,71.012638,132.771933,68.7,24.061893,-26.73816,0,0,0,0,0.000043,0,0.347826,0.276565,0.318182,0.681818,0.235294,0.714286,0.087336,0.029112,0.45098,0.382508,0.327824,0.349315
2026,Purdue,2,136.099844,95.552308,65.529286,32.823329,43.789045,25,2,0,0,0.604976,0,0.37923,0.135163,0.318548,0.681452,0.286055,0.667625,0.084586,0.042293,0.409265,0.420464,0.347255,0.344723
2026,Purdue FW,6,115.593602,104.713613,70.441406,13.514814,14.714827,4,10,0,0,0.400671,0,0.3517,0.141075,0.265222,0.734778,0.299479,0.49162,0.121111,0.044807,0.444271,0.39543,0.339863,0.328114
2026,Queens,15,124.604903,110.708622,71.319118,15.963518,18.092937,2,17,0,0,0.762294,0,0.359667,0.1497,0.302872,0.697128,0.374389,0.548126,0.082892,0.04124,0.470186,0.419006,0.342092,0.336837
2026,Quinnipiac,5,110.818584,97.360183,70.7625,12.41275,15.887801,2,11,1,0,0.512198,0,0.345534,0.155008,0.343195,0.656805,0.331337,0.504651,0.111729,0.06271,0.340818,0.387805,0.330261,0.310153
2026,Radford,7,114.785343,103.57768,73.372656,11.082583,13.113851,0,7,0,0,0.522052,0,0.341601,0.170363,0.326655,0.673345,0.401333,0.477117,0.107329,0.047702,0.454639,0.388146,0.330692,0.351372
2026,Randolph,13,75.64908,118.952719,75.025,14.302746,-22.497241,0,0,0,0,0.000445,0,0.35,0.159947,0.333333,0.666667,0.296875,0.529412,0.066644,0.026658,0.3125,0.362487,0.354254,0.347321
2026,Redlands,6,109.47428,105.56572,78.125,16.555087,13.75501,0,0,0,0,0.094129,0,0.297297,0.1792,0.5,0.45,0.185185,0.433333,0.1536,0.0768,0.45679,0.523763,0.331481,0.350145
2026,Regent,15,77.764781,138.923447,77.3,15.199319,-37.100658,0,0,0,0,0.000073,0,0.367347,0.297542,0.275862,0.724138,0.136752,0.47619,0.051746,0.019405,0.418803,0.363959,0.333983,0.430737
2026,Regis College,11,75.070059,103.666459,64.9,7.574149,-11.225795,0,0,0,0,0.008724,0,0.095238,0.261941,0.193548,0.806452,0.076923,0.380952,0.09245,0.061633,0.403846,0.374042,0.320644,0.318729
2026,Regis U,12,95.179306,137.249365,71.85,21.418953,-16.38113,0,0,0,0,0.000377,0,0.2,0.180932,0.290323,0.709677,0.092308,0.333333,0.055672,0.013918,0.384615,0.429006,0.361702,0.267241
2026,Reinhardt,15,66.12155,130.757201,72.8875,16.44156,-35.858443,0,0,0,0,0.000433,0,0.263158,0.240096,0.283333,0.716667,0.254386,0.466667,0.089179,0.034299,0.333333,0.427942,0.358327,0.417457
2026,Rhode Island,4,111.841534,94.923492,66.772656,20.558301,21.745832,9,6,0,0,0.325354,0,0.310526,0.191414,0.321937,0.678063,0.383867,0.478892,0.125894,0.054757,0.434783,0.401098,0.340014,0.346711
2026,Rhodes,12,86.324018,120.952044,81.775,16.042157,-18.257846,0,0,0,0,0.007092,0,0.287671,0.207887,0.28125,0.71875,0.129496,0.52,0.079486,0.055029,0.52518,0.377655,0.322194,0.344993
2026,Rice,6,114.029216,103.289714,68.310484,16.691366,15.736512,5,6,0,0,0.406923,0,0.347932,0.177557,0.364407,0.635593,0.339572,0.482803,0.097751,0.057139,0.439572,0.389905,0.32224,0.358973
2026,Richmond,4,117.716749,100.672623,68.985156,18.589231,20.670503,8,3,0,0,0.261525,0,0.363636,0.140882,0.261568,0.738432,0.366829,0.547101,0.101924,0.033522,0.427877,0.423536,0.332716,0.351952
2026,Rider,9,101.282112,110.18269,65.943966,14.476209,2.255564,0,2,2,0,0.210841,0,0.275053,0.170469,0.360947,0.639053,0.30828,0.444279,0.091509,0.051245,0.275396,0.405886,0.330765,0.327938
2026,Ripon,10,95.026663,111.625849,70.65,16.727682,-0.072305,0,0,0,0,0.012056,0,0.387097,0.184006,0.285714,0.714286,0.229508,0.761905,0.070771,0,0.508197,0.371396,0.361801,0.415802
2026,RIT,10,92.872779,105.894267,66.9125,9.152672,-0.647285,0,0,1,0,0.039172,0,0.310345,0.186811,0.206897,0.793103,0.25,0.456522,0.097142,0.044835,0.268519,0.385877,0.354651,0.405668
2026,Rivier,16,73.587158,134.772971,77.75,8.136023,-40.663919,0,0,0,0,0.00006,0,0.194444,0.192926,0.4,0.6,0.147059,0.35,0.07717,0.038585,0.529412,0.309305,0.322314,0.363497
2026,Rob. Wesleyan,12,87.24418,123.406011,84.975,20.63041,-19.169571,0,0,0,0,0.00027,0,0.277778,0.176523,0.461538,0.538462,0.291667,0.521739,0.082377,0.011768,0.5,0.447122,0.357536,0.428923
2026,Robert Morris,4,120.093806,101.766194,67.391667,14.87668,20.016088,6,13,0,0,0.779693,0,0.372647,0.186157,0.349155,0.650845,0.273414,0.621679,0.085435,0.038221,0.401309,0.398966,0.34622,0.331579
2026,Rockford,12,88.177102,143.730793,60.8,26.370667,-15.42934,0,0,0,0,0.000193,0,0.21875,0.148026,0.481481,0.518519,0.131148,0.470588,0.082237,0,0.52459,0.423306,0.352113,0.314363
2026,Rosemont,13,44.461317,107.561568,61.175,19.612169,-24.187782,0,0,0,0,0.000139,0,0.15,0.310584,0.210526,0.789474,0.325,0.6,0.147119,0.016347,0.5,0.334628,0.359867,0.401776
2026,Rowan,13,90.894475,131.263129,85.975,20.426287,-23.373657,0,0,0,0,0.000139,0,0.322581,0.209363,0.344828,0.655172,0.308824,0.583333,0.104682,0.081419,0.455882,0.348276,0.386139,0.365517
2026,Rust,14,73.638414,115.01594,75.8,3.082992,-26.717011,0,0,1,0,0.001425,0,0.105263,0.197889,0.3125,0.6875,0.119403,0.391304,0.118734,0.05277,0.283582,0.415277,0.318653,0.394298
2026,Rutgers,3,114.737026,101.525386,67.370455,28.512279,23.385019,9,2,0,0,0.494299,0,0.327795,0.150682,0.325926,0.674074,0.361402,0.50625,0.090859,0.050827,0.346234,0.396535,0.34191,0.344468
2026,Rutgers-Camden,11,87.164262,122.471155,76.8,22.106224,-13.693744,0,0,0,0,0.000525,0,0.3,0.117188,0.5,0.47619,0.106667,0.625,0.15625,0.013021,0.4,0.448783,0.308475,0.308316
2026,S Arkansas,8,94.009803,91.676851,77.55,10.701306,9.901273,0,0,0,0,0.118735,0,0.296296,0.180529,0.315789,0.684211,0.268657,0.32,0.141844,0.012895,0.402985,0.364904,0.308917,0.364323
2026,S Dakota St,5,116.088608,101.803433,68.038281,15.027018,17.689472,0,9,0,0,0.429065,0,0.344043,0.162592,0.293132,0.706868,0.30021,0.522286,0.084511,0.033529,0.392744,0.404823,0.339888,0.335963
2026,S Illinois,3,110.411659,91.609885,70.567969,19.900834,23.438322,6,8,0,0,0.674881,0,0.277778,0.170492,0.297629,0.702371,0.315005,0.492045,0.113809,0.050483,0.295992,0.407407,0.339477,0.337845
2026,S Virginia,13,73.306397,119.536545,75.45,16.319896,-23.980084,0,0,0,0,0.00164,0,0.166667,0.258449,0.211268,0.788732,0.415094,0.484848,0.039761,0.026508,0.45283,0.395288,0.345881,0.34699
2026,S Wesleyan,13,95.629831,138.813986,73.791667,12.519853,-22.613477,0,0,1,0,0.002134,0,0.316456,0.198758,0.371429,0.628571,0.230769,0.328767,0.067758,0.027103,0.405128,0.431355,0.335092,0.350377
2026,Sacramento St,6,112.516371,105.559714,73.220968,18.371616,14.255418,2,6,0,0,0.249951,0,0.333333,0.1423,0.280339,0.719661,0.40723,0.508217,0.103972,0.043615,0.368421,0.39283,0.347516,0.335472
2026,Sacred Heart,7,113.360013,107.352125,68.785606,11.477694,10.568655,0,9,2,0,0.412501,0,0.358529,0.175777,0.293658,0.706342,0.30176,0.586412,0.083263,0.042733,0.506729,0.392572,0.331547,0.317072
2026,Saint Francis,9,105.691334,110.361787,70.562097,12.528583,3.354422,0,5,0,0,0.165202,0,0.340456,0.183321,0.320158,0.679842,0.30548,0.52459,0.105146,0.029258,0.380901,0.384256,0.335015,0.313788
2026,Saint Joseph's,4,113.496231,95.22362,68.6,18.972863,22.106224,11,7,0,0,0.677634,0,0.308475,0.170951,0.3,0.7,0.308316,0.609209,0.079954,0.069352,0.448783,0.398624,0.338516,0.347541
2026,Saint Leo,14,81.243375,141.200848,75.075,22.809433,-30.990573,0,0,0,0,0.000026,0,0.212121,0.23976,0.347826,0.652174,0.298246,0.470588,0.09324,0.01332,0.578947,0.385948,0.332051,0.32954
2026,Saint Louis,9,128.017756,89.87534,71.942424,19.287857,36.14242,16,10,0,0,0.610908,0,0.400891,0.173118,0.256449,0.743551,0.341414,0.600198,0.099406,0.048439,0.453535,0.404094,0.326525,0.360158
2026,Saint Mary's,7,126.750229,89.506931,66.009375,23.717559,36.642528,19,7,0,0,0.788711,0,0.38864,0.163802,0.308288,0.691712,0.361668,0.580986,0.085215,0.054916,0.362209,0.401877,0.334461,0.331829
2026,Saint Peter's,6,110.695227,99.06011,66.382759,11.42706,13.840904,0,13,1,0,0.495164,0,0.318862,0.175056,0.386473,0.613527,0.34956,0.537037,0.135577,0.058698,0.391789,0.38428,0.330716,0.323879
2026,Saint Xavier,11,88.120481,111.413938,75.175,10.431172,-9.368817,0,0,0,0,0.007413,0,0.353846,0.23279,0.203704,0.796296,0.22807,0.377778,0.119721,0.033256,0.570175,0.337711,0.310853,0.34244
2026,SalishKootenai,15,69.429062,132.687701,73.225,18.882821,-33.91726,0,0,0,0,0.000031,0,0.2,0.150222,0.28,0.72,0.171875,0.588235,0.095596,0.013657,0.46875,0.418417,0.357786,0.371567
2026,Salve Regina,12,76.09312,118.686779,64.175,8.159651,-19.640301,0,0,0,0,0.001985,0,0.15,0.202571,0.225806,0.774194,0.25,0.235294,0.06233,0,0.384615,0.40303,0.312782,0.307273
2026,Sam Houston,3,121.218837,98.986178,71.02197,15.486482,23.674338,7,12,0,0,0.588228,0,0.367374,0.165548,0.338794,0.661206,0.342981,0.525988,0.101974,0.03968,0.363724,0.411636,0.335055,0.356675
2026,Samford,6,117.457514,104.10112,69.592187,11.63925,15.364258,3,8,0,0,0.787904,0,0.358382,0.132468,0.250859,0.749141,0.409237,0.559763,0.06601,0.039965,0.464554,0.427769,0.337735,0.332672
2026,San Diego,5,113.348924,104.483153,69.945455,19.597196,15.815329,5,5,0,0,0.232267,0,0.353147,0.178494,0.320917,0.679083,0.257416,0.599548,0.112209,0.039425,0.431373,0.389272,0.331717,0.331666
2026,San Diego St,2,119.520447,91.26056,70.761364,25.811019,32.441283,15,4,0,0,0.494511,0,0.346939,0.170869,0.285226,0.714774,0.382613,0.542261,0.107917,0.064665,0.331598,0.403906,0.343927,0.376352
2026,San Fran St,12,78.682998,117.11222,77.8875,17.549928,-18.750149,0,0,0,0,0.001051,0,0.233333,0.173327,0.169492,0.830508,0.232,0.658537,0.051356,0.038517,0.48,0.400208,0.353118,0.391463
2026,San Francisco,3,118.617247,100.616245,67.425,22.50548,23.535752,8,7,0,0,0.404432,0,0.347271,0.161347,0.303361,0.696639,0.393923,0.561661,0.0791,0.044494,0.458955,0.389057,0.346695,0.34109
2026,San José St,5,116.944178,110.204346,66.262879,23.674445,16.868346,2,4,0,0,0.311474,0,0.35823,0.152286,0.346939,0.653061,0.33439,0.428053,0.08689,0.033841,0.381933,0.401929,0.344128,0.37025
2026,Santa Barbara,4,119.145116,100.720981,68.379688,16.200751,20.844438,4,12,0,0,0.353548,0,0.372903,0.18783,0.300089,0.699911,0.375697,0.541667,0.093686,0.034733,0.431996,0.377394,0.327014,0.361875
2026,Santa Clara,10,126.487744,94.238814,70.355882,24.928883,34.964142,18,8,0,0,0.674884,0,0.346076,0.15384,0.366557,0.633443,0.252154,0.552326,0.126667,0.052673,0.450794,0.39307,0.345968,0.339126
2026,Sarah Lawrence,14,65.74935,116.862265,74.475,19.054633,-25.745311,0,0,0,0,0.000117,0,0.212121,0.120846,0.230769,0.769231,0.014085,0.666667,0.053709,0.067137,0.464789,0.371802,0.3552,0.281975
2026,SC State,9,99.774767,108.818713,69.947656,11.01379,0.095058,0,2,4,0,0.400884,0,0.337329,0.211319,0.357503,0.642497,0.409577,0.528689,0.099628,0.055399,0.329014,0.362274,0.327241,0.37457
2026,SC Upstate,7,107.764229,99.041167,71.519531,11.275527,11.969289,1,6,2,0,0.407135,0,0.328125,0.174777,0.300765,0.699235,0.327151,0.480702,0.093069,0.065542,0.3627,0.400942,0.32862,0.356657
2026,Scholastic,16,57.578285,135.614584,77.125,23.736058,-46.064005,0,0,0,0,0.000002,0,0.210526,0.324149,0.28,0.72,0.288462,0.384615,0.077796,0.012966,0.365385,0.418938,0.365297,0.307987
2026,Schreiner,13,76.360396,124.080827,79.325,23.674338,-24.125688,0,0,0,0,0.000071,0,0.193548,0.100851,0.419355,0.580645,0.08642,0.545455,0.13867,0.025213,0.382716,0.363724,0.367374,0.342981
2026,Sci & Arts OK,14,85.138969,143.472046,72.175,21.570789,-28.229229,0,0,0,0,0.000051,0,0.238095,0.332525,0.37931,0.62069,0.245283,0.428571,0.110842,0,0.396226,0.325131,0.299517,0.399476
2026,SE Louisiana,7,104.43794,100.637682,66.065323,17.147547,12.2443,1,6,0,0,0.312541,0,0.282905,0.187986,0.31754,0.68246,0.395796,0.523948,0.104979,0.04248,0.396997,0.379032,0.335209,0.342406
2026,SE Missouri,6,108.995302,95.875238,70.865152,10.862608,14.771685,0,13,0,0,0.669985,0,0.30329,0.165915,0.291815,0.708185,0.38278,0.474048,0.095786,0.051741,0.362552,0.36906,0.323781,0.329568
2026,Seattle U,3,110.199339,91.81162,69.543182,19.420762,24.061893,9,10,0,0,0.60213,0,0.327824,0.167326,0.277829,0.722171,0.349315,0.527578,0.115036,0.068848,0.382508,0.397096,0.345255,0.330229
2026,Seton Hall,2,115.180765,88.49977,66.607576,27.391915,31.907091,16,5,0,0,0.506257,0,0.304854,0.166511,0.349153,0.650847,0.352758,0.516129,0.138304,0.085075,0.26795,0.394425,0.341453,0.337856
2026,SF Austin,3,119.813587,97.577718,66.7,15.21536,25.185916,4,21,0,0,0.664451,0,0.362733,0.137658,0.335772,0.664228,0.293886,0.496158,0.103585,0.054973,0.396943,0.379037,0.326948,0.361082
2026,Shaw,5,115.361554,107.472009,72.7,19.130869,18.330866,0,0,0,0,0.118735,0,0.44,0.165062,0.363636,0.636364,0.190476,0.4375,0.178817,0.041265,0.396825,0.453234,0.349057,0.36558
2026,Shenandoah,14,74.072675,132.79665,63.325,13.113851,-26.686128,0,0,0,0,0.00027,0,0.304348,0.300039,0.384615,0.615385,0.137255,0.5,0.063166,0.047375,0.45098,0.454639,0.341601,0.401333
2026,Siena,16,113.60178,97.57976,64.497059,12.139625,17.274972,0,15,0,0,0.586448,0,0.304493,0.160062,0.295726,0.704274,0.342189,0.530233,0.089835,0.048338,0.319341,0.396093,0.329641,0.312549
2026,Siena Heights,13,86.784487,131.049908,78.5,18.656314,-23.143666,0,0,0,0,0.001002,0,0.282609,0.273885,0.181818,0.818182,0.38835,0.534884,0.11465,0.019108,0.446602,0.324088,0.346622,0.360322
2026,Simpson,12,73.861634,110.713185,75.85,18.924756,-15.875256,0,0,0,0,0.000621,0,0.285714,0.210943,0.235294,0.764706,0.092308,0.631579,0.092287,0.026368,0.538462,0.457057,0.341758,0.334505
2026,Simpson (CA),14,80.77719,141.846591,69.175,24.276404,-26.523642,0,0,0,0,0.000043,0,0.2,0.245754,0.235294,0.764706,0.26,0.333333,0.101193,0.028912,0.4,0.355115,0.360483,0.29834
2026,SIUE,6,108.070302,93.578752,67.273438,7.363793,13.645033,0,12,1,0,0.603565,0,0.346667,0.174196,0.29838,0.70162,0.306947,0.510896,0.112879,0.05853,0.363489,0.375329,0.317933,0.328153
2026,SLCP,16,68.157395,140.397085,80.075,12.763156,-49.036855,0,0,0,0,0.000007,0,0.125,0.274742,0.346154,0.653846,0.288136,0.285714,0.087418,0.012488,0.271186,0.307279,0.308426,0.370787
2026,SMU,11,129.139108,99.051392,70.913636,29.674391,35.601665,15,5,0,0,0.436461,0,0.374497,0.159391,0.325563,0.674437,0.306132,0.550739,0.099994,0.051706,0.35973,0.425716,0.344129,0.360169
2026,So Indiana,9,102.237804,102.072273,69.681667,10.418833,5.665489,1,2,1,0,0.225627,0,0.309686,0.171733,0.351111,0.648889,0.365342,0.442857,0.09089,0.060752,0.404525,0.354034,0.326574,0.344548
2026,South Alabama,5,115.672284,103.068987,67.13125,13.017145,17.417146,4,11,0,0,0.503596,0,0.348416,0.129876,0.243624,0.756376,0.393805,0.449585,0.120566,0.033516,0.366704,0.408997,0.325702,0.345067
2026,South Carolina,3,118.946197,101.233537,68.764844,28.484931,26.053689,4,7,0,0,0.206861,0,0.31068,0.144514,0.284069,0.715931,0.367116,0.529193,0.079983,0.034538,0.444205,0.393135,0.340286,0.374789
2026,South Dakota,7,114.282854,105.924734,72.559375,13.109165,12.11537,0,8,0,0,0.497346,0,0.331845,0.162798,0.311535,0.688465,0.447508,0.462985,0.085706,0.034024,0.35631,0.401005,0.340535,0.334915
2026,South Florida,11,124.942974,94.071926,74.534848,20.695147,32.616354,16,7,0,0,0.953329,0,0.331942,0.149615,0.362411,0.637589,0.410468,0.593096,0.123188,0.055292,0.439853,0.39689,0.334249,0.369421
2026,Southern,7,112.244656,103.079667,73.172794,9.819824,12.155105,0,12,1,0,0.581847,0,0.349043,0.163191,0.330025,0.669975,0.394926,0.539599,0.127418,0.052253,0.325036,0.358673,0.324904,0.36624
2026,Southern Miss,5,111.366979,99.413212,70.486429,15.339611,16.379612,2,13,0,0,0.660314,0,0.299832,0.183622,0.307632,0.692368,0.429285,0.44629,0.10539,0.053506,0.298351,0.402095,0.328321,0.356879
2026,Southern NO,15,78.742926,142.875021,73.55,11.325325,-38.474709,0,0,0,0,0.000051,0,0.222222,0.217539,0.34375,0.65625,0.3,0.578947,0.067981,0.040789,0.3,0.338434,0.332174,0.403178
2026,Southern Utah,7,110.704784,104.517463,72.396094,15.128833,12.341283,2,5,0,0,0.341592,0,0.342486,0.195539,0.290941,0.709059,0.333685,0.51373,0.076834,0.059136,0.364787,0.345992,0.322196,0.35421
2026,Southwest,16,50.306539,131.813766,75.225,18.394699,-49.405322,0,0,0,0,0.000003,0,0.125,0.292456,0.4,0.6,0.183333,0.5,0.053174,0.053174,0.533333,0.38105,0.325676,0.352214
2026,Spring Hill,14,74.192699,128.735459,73.425,17.417146,-28.382853,0,0,0,0,0.000099,0,0.261905,0.245148,0.25,0.75,0.048387,0.578947,0.054477,0.040858,0.677419,0.366704,0.348416,0.393805
2026,Spurgeon,13,86.074036,115.750365,87.7,1.586349,-22.213707,0,0,1,0,0.003845,0,0.275862,0.18244,0.387097,0.612903,0.153846,0.551724,0.171038,0.034208,0.371795,0.368673,0.300578,0.309536
2026,St Bonaventure,4,119.321318,102.44202,68.011029,20.159401,21.571195,7,8,0,0,0.349319,0,0.373832,0.167793,0.334445,0.665555,0.29686,0.559286,0.111574,0.067896,0.315015,0.404252,0.333141,0.356292
2026,St Elizabeth,15,83.904866,137.383649,71.4,7.635352,-31.164604,0,0,0,0,0.000319,0,0.272727,0.168067,0.277778,0.722222,0.45283,0.388889,0.070028,0.042017,0.415094,0.454798,0.309756,0.320577
2026,St John Fisher,14,73.146096,122.240607,73.7,15.152831,-25.647113,0,0,0,0,0.000229,0,0.217391,0.244233,0.333333,0.666667,0.206897,0.473684,0.067843,0,0.396552,0.34969,0.358936,0.291839
2026,St John's,5,124.934271,87.907719,71.193382,29.642039,40.289121,25,3,0,0,0.852862,0,0.33239,0.147072,0.338661,0.661339,0.419016,0.582105,0.111131,0.068579,0.337793,0.395585,0.33957,0.340597
2026,St John's (MN),9,89.453939,107.433503,69.075,23.950398,3.150339,0,0,0,0,0.006295,0,0.259259,0.115816,0.243243,0.756757,0.274194,0.55,0.043431,0.028954,0.435484,0.461097,0.364666,0.348303
2026,St Joseph BKN,16,81.719979,166.342037,74.175,6.223869,-56.576086,0,0,0,0,0.000006,0,0.321429,0.188743,0.434783,0.565217,0.203125,0.454545,0.067408,0.013482,0.4375,0.372766,0.324401,0.343323
2026,St Joseph's LI,16,61.242363,133.247102,77.125,15.682047,-45.117913,0,0,0,0,0.000008,0,0.28,0.337115,0.375,0.625,0.267857,0.642857,0.090762,0.012966,0.446429,0.459831,0.349425,0.281712
2026,St Mary's,11,79.801841,110.05086,76.375,14.771685,-13.028331,0,0,0,0,0.001985,0,0.125,0.222586,0.296296,0.703704,0.076923,0.307692,0.11784,0.03928,0.246154,0.362552,0.30329,0.38278
2026,St Mary's (MD),14,71.29723,124.910261,79.7625,22.812198,-29.487771,0,0,0,0,0.000035,0,0.209302,0.282087,0.285714,0.714286,0.348214,0.454545,0.094029,0.04388,0.383929,0.402685,0.34862,0.39985
2026,St Thomas (MN),3,123.017135,100.61334,69.934091,13.744567,23.950398,2,16,0,0,0.633415,0,0.364666,0.134759,0.213249,0.786751,0.348303,0.577869,0.107027,0.037698,0.461097,0.404485,0.333453,0.328258
2026,St Thomas (TX),6,110.07022,101.925972,78.775,13.448123,15.6481,0,0,0,0,0.16045,0,0.47619,0.20311,0.257143,0.742857,0.5,0.576923,0.190416,0.038083,0.362069,0.386156,0.337778,0.350686
2026,St. Ambrose,11,106.251591,131.024132,68.275,-1.911287,-14.711306,0,0,1,0,0.022739,0,0.434783,0.17576,0.173913,0.826087,0.160714,0.517241,0.102527,0.073233,0.410714,0.332951,0.313793,0.36682
2026,St. Francis IL,12,86.82689,130.889225,70.275,24.465506,-15.334499,0,0,0,0,0.00027,0,0.315789,0.341515,0.388889,0.611111,0.183673,0.761905,0.099609,0.056919,0.387755,0.326022,0.32263,0.36341
2026,Stanford,2,121.734797,97.153964,67.914063,28.21337,30.694608,15,5,0,0,0.608664,0,0.35585,0.155527,0.333642,0.666358,0.356953,0.46294,0.116416,0.054757,0.441662,0.408855,0.346291,0.347828
2026,Stanton,10,106.305513,130.102898,65.9875,17.961628,-2.838444,0,0,0,0,0.006378,0,0.454545,0.18943,0.245283,0.754717,0.190909,0.352941,0.075772,0.022732,0.3,0.407823,0.327124,0.333879
2026,Stetson,8,112.647183,111.265765,68.506061,14.611765,8.745099,0,9,0,0,0.416104,0,0.362989,0.183129,0.290859,0.709141,0.327098,0.592506,0.091122,0.030079,0.450561,0.419126,0.339607,0.325956
2026,Stonehill,8,100.498934,97.283013,68.241667,9.161593,7.561637,0,9,3,0,0.334022,0,0.322078,0.190944,0.266935,0.733065,0.285338,0.522901,0.071049,0.057727,0.406118,0.381385,0.331276,0.317895
2026,Stony Brook,6,110.905582,99.284403,67.974219,15.419513,15.682047,4,11,0,0,0.40619,0,0.349425,0.165504,0.29703,0.70297,0.281712,0.52802,0.099302,0.054708,0.459831,0.375362,0.331003,0.331899
2026,SUNY Canton,14,76.478681,115.471784,80.75,6.215072,-25.584871,0,0,0,0,0.001022,0,0.409091,0.309598,0.212121,0.787879,0.172414,0.478261,0.037152,0.037152,0.37931,0.406762,0.302597,0.33122
2026,SUNY Coble,14,70.299046,120.999526,75.275,11.074088,-29.725864,0,0,0,0,0.000229,0,0.277778,0.318831,0.294118,0.705882,0.157895,0.55,0.053138,0.039854,0.315789,0.404911,0.339915,0.385494
2026,SUNY Delhi,16,68.222913,141.576082,79.6,8.275085,-51.524856,0,0,0,0,0.00001,0,0.125,0.201005,0.413793,0.586207,0.235294,0.3,0.125628,0.012563,0.235294,0.372216,0.334758,0.242312
2026,SUNY-Maritime,13,73.49117,120.239134,75.3625,16.623587,-24.176361,0,0,1,0,0.003152,0,0.267857,0.24548,0.289855,0.710145,0.260504,0.647059,0.08625,0.059711,0.470588,0.448368,0.362358,0.299699
2026,SUNY-Oneonta,12,88.089387,127.13371,66.675,11.713958,-19.785984,0,0,0,0,0.002141,0,0.25,0.089989,0.377358,0.622642,0.20155,0.340909,0.08249,0.029996,0.248062,0.360953,0.346847,0.267075
2026,SW Adventist,14,76.239662,134.916174,72.458333,18.041194,-30.425514,0,0,0,0,0.000143,0,0.264151,0.26682,0.264706,0.735294,0.288462,0.423077,0.082806,0.0046,0.339744,0.36274,0.348083,0.360452
2026,SW Christian U,13,85.062453,128.011561,77.125,12.117929,-24.34876,0,0,0,0,0.000696,0,0.257732,0.181524,0.26506,0.73494,0.236842,0.5,0.077796,0.017288,0.510526,0.412492,0.340643,0.319829
2026,Syracuse,2,118.491084,97.322113,69.157031,28.692118,28.542135,9,4,0,0,0.218285,0,0.328551,0.15951,0.301006,0.698994,0.351279,0.47133,0.08947,0.085403,0.371535,0.399819,0.34498,0.333571
2026,Tarleton St,5,108.273298,95.778426,72.5,15.633068,16.658027,2,8,0,0,0.319121,0,0.322368,0.197845,0.338403,0.661597,0.409483,0.42823,0.142241,0.043103,0.24569,0.356104,0.323831,0.367782
2026,TCU,9,121.432995,92.570843,70.262121,28.539532,33.909215,15,4,0,0,0.75276,0,0.331072,0.155694,0.343384,0.656616,0.387,0.575893,0.109547,0.064693,0.3685,0.388428,0.344006,0.344646
2026,Temple,4,118.459487,101.260761,65.850781,17.654623,20.342128,4,9,0,0,0.273006,0,0.337984,0.136673,0.29805,0.70195,0.407697,0.491885,0.08637,0.060743,0.359732,0.404336,0.322481,0.350998
2026,Tennessee,6,127.722336,91.13037,67.999242,31.074612,40.486736,16,4,0,0,0.615132,0,0.334375,0.171571,0.376512,0.623488,0.387209,0.598071,0.110518,0.053031,0.317303,0.412188,0.343416,0.365775
2026,Tennessee St,15,114.713337,98.310814,72.233594,9.217381,16.904871,1,15,0,0,0.867266,0,0.331169,0.168723,0.342928,0.657072,0.337965,0.455724,0.129787,0.050184,0.305707,0.371298,0.320762,0.346556
2026,Tennessee Tech,8,108.790121,103.687117,69.533065,9.675901,8.82428,0,7,1,0,0.590438,0,0.314925,0.191137,0.301248,0.698752,0.359393,0.478426,0.085362,0.042681,0.376828,0.364698,0.320446,0.33462
2026,Texas,11,130.291535,102.967481,69.732031,28.983131,35.2195,11,4,0,0,0.484396,0,0.353204,0.158195,0.318672,0.681328,0.452739,0.435359,0.082459,0.042126,0.360365,0.400394,0.34146,0.360531
2026,Texas A&M,10,127.337123,96.853521,74.615625,27.932258,35.388504,13,7,0,0,0.391206,0,0.361925,0.145328,0.323944,0.676056,0.37385,0.613108,0.108891,0.043138,0.462954,0.387689,0.341165,0.371759
2026,Texas A&M-CC,5,110.847177,94.336743,68.334848,13.513704,18.428825,1,13,0,0,0.597979,0,0.356419,0.193344,0.316541,0.683459,0.387062,0.520047,0.111306,0.043901,0.319137,0.383789,0.323821,0.349477
2026,Texas A&M-SA,15,76.67518,132.072335,75.45,14.58458,-31.71544,0,0,0,0,0.000232,0,0.282609,0.258449,0.339623,0.660377,0.40367,0.588235,0.099404,0.033135,0.422018,0.296735,0.329434,0.311815
2026,Texas Lutheran,15,71.428521,140.482836,72.2,14.132933,-39.667087,0,0,0,0,0.000036,0,0.272727,0.235457,0.304348,0.695652,0.212389,0.472222,0.069252,0.027701,0.389381,0.320054,0.353232,0.337992
2026,Texas Southern,8,107.174858,103.910577,72.4825,10.444621,7.617942,0,6,2,0,0.57884,0,0.328597,0.188091,0.290926,0.709074,0.388477,0.42839,0.093816,0.046908,0.321164,0.366513,0.32946,0.370275
2026,Texas St,6,112.013979,99.670686,68.439063,11.501647,13.939143,1,14,0,0,0.760455,0,0.329694,0.184927,0.318739,0.681261,0.345612,0.484393,0.122372,0.05251,0.248104,0.392035,0.329418,0.360948
2026,Texas Tech,5,129.483908,95.017817,68.164844,32.929641,40.110879,19,3,0,0,0.595661,0,0.39339,0.158623,0.312183,0.687817,0.270865,0.555312,0.084813,0.054555,0.480287,0.386383,0.349013,0.347229
2026,The Citadel,9,110.224264,112.393317,66.427273,12.281256,5.129753,0,6,0,0,0.294268,0,0.327424,0.156471,0.317387,0.682613,0.288083,0.516524,0.083482,0.036951,0.496891,0.433925,0.343742,0.334261
2026,Thiel,14,85.059339,150.502971,65.8,17.234238,-30.565744,0,0,0,0,0.000071,0,0.3,0.227964,0.464286,0.535714,0.133333,0.227273,0.030395,0.015198,0.166667,0.491958,0.344983,0.312257
2026,THMAS,16,66.264863,129.891532,75.45,7.561637,-41.238312,0,0,0,0,0.00006,0,0.275862,0.198807,0.3,0.7,0.372881,0.5,0.039761,0.026508,0.491525,0.406118,0.322078,0.285338
2026,Tiffin,10,79.53803,92.17527,65.225,8.229448,-0.570563,0,0,0,0,0.041721,0,0.352941,0.214642,0.16,0.84,0.22,0.611111,0.107321,0.076658,0.34,0.301081,0.32316,0.332432
2026,TN Wesleyan,12,89.215355,123.23432,80.725,14.224997,-19.675005,0,0,0,0,0.005172,0,0.292308,0.204398,0.25,0.75,0.166667,0.5,0.117683,0.037163,0.492424,0.405937,0.34461,0.308125
2026,Toccoa Falls,15,84.961757,133.870112,81.1125,9.385925,-32.414056,0,0,2,0,0.000399,0,0.221053,0.206503,0.338583,0.661417,0.404762,0.435294,0.098628,0.012329,0.376984,0.420819,0.334389,0.357443
2026,Toledo,3,122.283173,103.454646,69.810294,17.749454,22.125942,4,13,0,0,0.694781,0,0.365527,0.146195,0.303896,0.696104,0.296545,0.539216,0.109962,0.043395,0.322937,0.395113,0.34698,0.340149
2026,Tougaloo,10,88.939557,108.479797,77.5,16.325003,-4.475004,0,0,0,0,0.021293,0,0.225806,0.206452,0.229508,0.770492,0.338983,0.489362,0.116129,0.032258,0.262712,0.374535,0.310236,0.43142
2026,Towson,4,112.724691,95.807832,64.907353,17.30519,20.328749,5,12,0,0,0.594769,0,0.303497,0.15905,0.345345,0.654655,0.298817,0.403263,0.092439,0.051657,0.352564,0.409324,0.336238,0.333539
2026,Trinity (FL),16,57.634493,152.891823,84.075,11.745294,-72.054706,0,0,0,0,0,0,0.047619,0.249777,0.166667,0.833333,0.293103,0.333333,0.071365,0.011894,0.362069,0.37854,0.326619,0.335512
2026,Trinity (IL),16,70.197435,151.678539,80.225,26.054907,-50.745072,0,0,0,0,0.000001,0,0.153846,0.224369,0.5,0.45,0.148649,0.368421,0.112184,0,0.351351,0.446831,0.391559,0.396019
2026,Trinity Co Jax,16,82.176683,144.333384,79.466667,11.875855,-40.924149,0,0,0,0,0.000101,0,0.255814,0.234899,0.395062,0.604938,0.347826,0.413793,0.075503,0.020973,0.467391,0.408106,0.342806,0.337663
2026,Trinity Tx,10,84.771767,109.633827,71.5,18.428825,-5.37121,0,0,0,0,0.003845,0,0.214286,0.265734,0.323529,0.676471,0.37037,0.5,0.125874,0.027972,0.518519,0.319137,0.356419,0.387062
2026,Troy,13,118.513784,98.838775,70.559848,13.566676,21.039402,5,12,0,0,0.680795,0,0.334787,0.168351,0.332278,0.667722,0.357994,0.58232,0.112949,0.0481,0.455313,0.382355,0.329843,0.350507
2026,Truett McCnnll,11,92.841876,120.951228,72.5,13.045754,-10.754231,0,0,0,0,0.003845,0,0.25,0.17931,0.172414,0.827586,0.363636,0.521739,0.124138,0.027586,0.290909,0.290678,0.322581,0.399338
2026,Tulane,5,112.407768,102.855083,68.725,20.197678,16.270393,8,9,0,0,0.475995,0,0.320639,0.15609,0.257059,0.742941,0.433555,0.554974,0.111997,0.065258,0.45072,0.377118,0.32361,0.362536
2026,Tulsa,2,129.431827,101.965939,69.629545,18.658069,30.634525,14,11,0,0,0.679886,0,0.387597,0.150145,0.295853,0.704147,0.404823,0.55436,0.090958,0.035251,0.463315,0.390927,0.326184,0.348815
2026,Tusculum,9,88.023857,99.043507,74.0375,19.953839,4.653859,0,0,0,0,0.016499,0,0.266667,0.229613,0.37931,0.62069,0.122302,0.382979,0.087793,0.054027,0.431655,0.378648,0.319555,0.374204
2026,UAB,3,117.053556,96.579982,71.617969,18.401723,23.339216,8,10,0,0,0.590915,0,0.281399,0.124358,0.323161,0.676839,0.362888,0.501639,0.110395,0.049307,0.304748,0.401277,0.331148,0.364598
2026,UAlbany,8,111.020288,106.373566,66.627344,8.581284,8.275085,0,3,3,0,0.419448,0,0.334758,0.182451,0.327273,0.672727,0.242312,0.503964,0.103655,0.060035,0.372216,0.385463,0.319694,0.321089
2026,UC Col Springs,12,124.50007,159.65993,78.125,15.600199,-17.199866,0,0,0,0,0.000865,0,0.5,0.0896,0.458333,0.541667,0.2,0.514286,0.0384,0.0128,0.4,0.38581,0.379866,0.343863
2026,UC Davis,4,113.122799,97.870629,72.384848,16.765161,19.213579,6,11,0,0,0.501837,0,0.347561,0.177084,0.277119,0.722881,0.405675,0.603062,0.110939,0.037259,0.430899,0.391936,0.333555,0.374105
2026,UC Irvine,3,112.548668,91.90056,72.418382,16.152804,24.32417,5,16,0,0,0.693278,0,0.340278,0.175857,0.28842,0.71158,0.351781,0.566839,0.10722,0.081633,0.27719,0.392278,0.334564,0.352019
2026,UC Merced,11,72.717933,124.073511,70.125,36.642528,-14.157506,0,0,0,0,0.000043,0,0.142857,0.256684,0.3,0.7,0.277778,0.533333,0.071301,0.071301,0.259259,0.362209,0.38864,0.361668
2026,UC Riverside,6,109.316283,103.622882,70.824219,18.092695,13.555131,0,8,0,0,0.249224,0,0.323246,0.184435,0.29703,0.70297,0.344551,0.502469,0.075451,0.058243,0.388355,0.389083,0.339431,0.350108
2026,UC San Diego,3,114.24409,94.524353,69.919853,17.174068,22.368125,11,10,0,0,0.666365,0,0.331002,0.163633,0.261146,0.738854,0.323207,0.557127,0.108948,0.037438,0.427291,0.390108,0.337696,0.353514
2026,UC Santa Cruz,11,86.552906,124.289463,74.9375,26.157355,-12.642667,0,0,0,0,0.000359,0,0.428571,0.226856,0.162162,0.837838,0.227273,0.658537,0.100083,0.06005,0.381818,0.39738,0.330575,0.417301
2026,UCF,10,124.36146,99.956507,71.076562,29.839456,31.439453,16,4,0,0,0.398323,0,0.361671,0.157401,0.332773,0.667227,0.308379,0.53617,0.07958,0.042208,0.344075,0.394606,0.345471,0.340718
2026,UCLA,7,127.668423,96.231338,66.429412,30.4258,36.408142,17,6,0,0,0.584727,0,0.382022,0.133711,0.308743,0.691257,0.330645,0.594218,0.098734,0.043832,0.358871,0.394818,0.339736,0.351779
2026,UConn,2,126.737673,87.530681,66.560294,29.433971,41.345757,25,3,0,0,0.681085,0,0.35199,0.167915,0.31778,0.68222,0.2999,0.649688,0.1034,0.079097,0.40321,0.385879,0.335435,0.349097
2026,UIC,3,117.132851,95.847954,68.302206,18.841982,24.465506,8,8,0,0,0.607274,0,0.32263,0.175259,0.353274,0.646726,0.36341,0.54057,0.116696,0.052104,0.326022,0.406828,0.344843,0.325749
2026,UL Monroe,9,105.938604,111.945486,71.755469,14.251744,3.082992,0,1,0,0,0.152445,0,0.318653,0.168977,0.288332,0.711668,0.394298,0.507813,0.085359,0.04747,0.415277,0.375356,0.322052,0.340373
2026,UMass,5,115.710808,100.743455,72.938636,16.277718,18.301984,6,10,0,0,0.337346,0,0.346369,0.178232,0.324171,0.675829,0.365565,0.590957,0.091401,0.029913,0.353231,0.396934,0.338879,0.342417
2026,UMass Boston,14,59.9174,115.333436,74.75,18.301984,-29.49799,0,0,0,0,0.000071,0,0.148148,0.200669,0.15,0.85,0.175439,0.533333,0.120401,0.040134,0.473684,0.353231,0.346369,0.365565
2026,UMass Lowell,8,111.046157,106.745154,69.415909,9.075365,8.136023,0,5,1,0,0.589773,0,0.322314,0.175927,0.328479,0.671521,0.363497,0.45727,0.075522,0.044091,0.309305,0.408752,0.330943,0.305256
2026,UMBC,16,116.124678,100.386063,67.389844,8.638391,17.292984,0,11,2,0,0.885834,0,0.361227,0.142362,0.231718,0.768282,0.328955,0.4518,0.074659,0.038025,0.392447,0.387507,0.315485,0.336027
2026,UNC Asheville,6,111.915048,102.189421,68.351563,12.914048,13.182809,0,10,0,0,0.478254,0,0.349131,0.176477,0.301616,0.698384,0.394444,0.428049,0.079552,0.05212,0.351667,0.396195,0.332102,0.357323
2026,UNC Greensboro,8,116.855576,111.249557,69.743382,11.804024,9.856978,0,9,1,0,0.576353,0,0.36051,0.145913,0.284053,0.715947,0.407968,0.479648,0.079704,0.026568,0.395865,0.444024,0.339673,0.33152
2026,UNC Wilmington,3,120.111264,98.965888,67.014062,14.752501,23.455559,7,17,0,0,0.760634,0,0.357043,0.149222,0.330727,0.669273,0.416844,0.517943,0.078808,0.035907,0.382196,0.386239,0.33297,0.365604
2026,Union (KY),14,68.676121,120.251214,72.25,12.332171,-27.967819,0,0,0,0,0.000629,0,0.179487,0.262976,0.272727,0.727273,0.173913,0.157895,0.076125,0.041522,0.33913,0.472372,0.353638,0.320794
2026,UNLV,3,119.495991,104.625123,71.457576,23.970263,24.57023,12,3,0,0,0.573449,0,0.348637,0.16878,0.316017,0.683983,0.408834,0.513661,0.106018,0.066579,0.357987,0.405807,0.339389,0.364142
2026,UNT Dallas,14,58.254542,110.071831,77.825,19.591932,-28.208121,0,0,0,0,0.000071,0,0.133333,0.256987,0.387097,0.612903,0.473684,0.2,0.077096,0,0.263158,0.304054,0.290741,0.416104
2026,USC,2,118.507295,97.56552,72.44375,28.622715,28.778958,13,4,0,0,0.218805,0,0.31388,0.172116,0.311644,0.688356,0.440678,0.571762,0.087568,0.078078,0.335805,0.412305,0.343451,0.332889
2026,UT Arlington,4,108.391087,92.340891,68.094531,15.979478,19.591932,3,13,0,0,0.414532,0,0.290741,0.203761,0.330244,0.669756,0.416104,0.48067,0.112436,0.054612,0.304054,0.354151,0.330378,0.362672
2026,UT Martin,6,107.186808,91.010983,67.089394,9.041673,15.550753,2,13,0,0,0.43007,0,0.304248,0.214549,0.34776,0.65224,0.364122,0.568528,0.131891,0.06459,0.465029,0.357129,0.318566,0.339058
2026,UT Rio Grande,4,118.219662,97.826177,67.297727,15.496403,22.017584,2,15,0,0,0.699186,0,0.374396,0.179663,0.272569,0.727431,0.291578,0.614173,0.090057,0.041876,0.441365,0.383519,0.32754,0.357142
2026,UT Southern,13,89.34756,131.582673,68.8,6.109307,-22.690697,0,0,0,0,0.001682,0,0.416667,0.247093,0.259259,0.740741,0.145455,0.714286,0.101744,0,0.436364,0.337878,0.305263,0.377593
2026,Utah,3,118.926786,104.995502,68.522656,29.804711,24.454692,6,4,0,0,0.140876,0,0.352857,0.166916,0.298605,0.701395,0.316551,0.516509,0.077985,0.04971,0.374933,0.385867,0.346335,0.341125
2026,Utah State,9,128.93952,93.985567,68.580147,24.569797,36.46388,22,4,0,0,0.681394,0,0.358191,0.154392,0.315476,0.684524,0.378147,0.605051,0.128231,0.042458,0.411883,0.397328,0.345401,0.383204
2026,Utah Tech,5,114.89115,101.27072,70.208824,15.627645,17.698183,3,12,0,0,0.558721,0,0.347258,0.175946,0.280519,0.719481,0.319759,0.529224,0.102635,0.045243,0.385118,0.332483,0.320988,0.364177
2026,Utah Valley,3,118.276584,91.695484,70.788636,14.306425,25.839705,9,13,0,0,0.763551,0,0.342146,0.199056,0.323967,0.676033,0.361989,0.626159,0.133132,0.07791,0.332988,0.348802,0.32276,0.366109
2026,UTEP,6,108.310161,101.06227,67.683065,16.822336,13.448123,3,6,0,0,0.414292,0,0.337778,0.172531,0.300297,0.699703,0.350686,0.487936,0.112479,0.052903,0.386156,0.39701,0.343943,0.385489
2026,UTPermianBasin,14,87.211447,139.676214,67.875,13.448123,-25.3519,0,0,0,0,0.000319,0,0.347826,0.294659,0.305556,0.694444,0.531915,0.764706,0.088398,0.014733,0.489362,0.386156,0.337778,0.350686
2026,UTSA,8,104.889405,108.614504,70.35,17.557234,6.290553,1,2,0,0,0.135345,0,0.297226,0.170102,0.340386,0.659614,0.289544,0.438762,0.093817,0.061597,0.405898,0.387962,0.326805,0.365079
2026,VA Lynchburg,16,71.791647,146.100763,84.8125,10.403758,-55.596231,0,0,2,0,0.000015,0,0.241758,0.179219,0.264706,0.735294,0.258876,0.527919,0.068386,0.011791,0.403846,0.402738,0.329583,0.367959
2026,Valley Forge,13,70.574417,112.348513,78.175,11.591394,-24.208556,0,0,0,0,0.000525,0,0.142857,0.217461,0.388889,0.611111,0.188406,0.473684,0.089543,0.051167,0.304348,0.389209,0.359354,0.323206
2026,Valparaiso,4,113.722924,99.175079,67.381818,19.626211,19.880753,6,10,1,0,0.641928,0,0.340426,0.156503,0.332218,0.667782,0.382735,0.493812,0.088595,0.051718,0.366615,0.405919,0.337709,0.328825
2026,Vanderbilt,5,132.014799,94.771873,71.238235,30.850496,41.621085,21,5,0,0,0.589596,0,0.355336,0.133355,0.303081,0.696919,0.381775,0.562059,0.114364,0.064407,0.435971,0.390842,0.344702,0.3653
2026,Vassar,11,96.206398,131.099875,67.75,17.627136,-11.172803,0,0,0,0,0.001682,0,0.2,0.118081,0.333333,0.666667,0.15625,0.4,0.02952,0.02952,0.390625,0.347345,0.328025,0.252765
2026,VCU,11,125.309956,94.976463,69.468382,22.587772,32.017209,18,6,0,0,0.846361,0,0.366898,0.151571,0.304731,0.695269,0.437183,0.526953,0.106269,0.062661,0.43769,0.410613,0.339676,0.357872
2026,Vermont,6,115.758472,101.29893,65.393382,9.990593,14.778876,0,13,1,0,0.762614,0,0.33993,0.143925,0.252747,0.747253,0.315927,0.487585,0.070164,0.044977,0.448564,0.405558,0.332379,0.335305
2026,Villanova,8,124.845314,95.233252,67.220313,28.754746,34.629769,20,4,0,0,0.657862,0,0.352806,0.150624,0.334542,0.665458,0.312762,0.568156,0.110644,0.032542,0.45659,0.392197,0.339271,0.349797
2026,Virginia,3,129.169836,91.17799,67.647059,28.435555,40.01204,22,4,0,0,0.75485,0,0.359457,0.16,0.328456,0.671544,0.330418,0.591387,0.095217,0.095652,0.465015,0.404997,0.343779,0.355353
2026,Virginia St,9,94.831798,89.146737,65.225,-0.639367,3.360666,0,0,0,0,0.881265,0,0.529412,0.19931,0.15,0.85,0.229167,0.772727,0.122652,0.030663,0.354167,0.284718,0.295918,0.321325
2026,Virginia Tech,2,122.556288,97.15126,69.936719,28.313746,31.520007,14,3,0,0,0.342502,0,0.355383,0.149242,0.317161,0.682839,0.340196,0.523918,0.091601,0.045577,0.396809,0.427339,0.346636,0.349477
2026,VMI,9,107.777918,113.680254,68.621875,8.287563,0.356326,0,2,2,0,0.034467,0,0.328544,0.146182,0.305451,0.694549,0.291925,0.51933,0.102464,0.035065,0.540373,0.420163,0.336229,0.333233
2026,Voorhees,15,67.993292,130.79112,69.925,14.482085,-33.317902,0,0,0,0,0.000071,0,0.25,0.343225,0.272727,0.727273,0.560976,0.333333,0.071505,0.014301,0.292683,0.411015,0.333747,0.298317
2026,VT-Lyndon,16,70.360842,158.626584,75.55,8.159651,-59.640301,0,0,0,0,0.000003,0,0.333333,0.31767,0.217391,0.782609,0.375,0.647059,0.039709,0.026473,0.375,0.40303,0.312782,0.307273
2026,VTSU Johnson,15,81.540862,141.937989,73.683333,10.658321,-36.141626,0,0,0,0,0.000176,0,0.3125,0.190002,0.238806,0.761194,0.214689,0.34375,0.067858,0.018095,0.451977,0.398526,0.361162,0.299249
2026,W Carolina,6,116.852359,106.106029,69.866935,13.043364,14.482085,2,8,1,0,0.692312,0,0.333747,0.163906,0.355187,0.644813,0.298317,0.455275,0.087724,0.039245,0.411015,0.43419,0.339617,0.348215
2026,W Illinois,10,99.714314,110.476997,67.404032,9.920987,-1.911287,0,2,2,0,0.119129,0,0.313793,0.174681,0.324899,0.675101,0.36682,0.371795,0.077051,0.029193,0.332951,0.375275,0.324778,0.332547
2026,W Michigan,7,112.350282,107.057839,70.306452,17.130323,12.523886,1,7,0,0,0.239492,0,0.35131,0.172517,0.30373,0.69627,0.334954,0.480982,0.065153,0.037623,0.350621,0.385893,0.340231,0.345106
2026,W Montana,9,98.803773,111.108763,68.6,15.740893,2.940806,0,0,0,0,0.022739,0,0.416667,0.16035,0.333333,0.666667,0.275862,0.409091,0.072886,0.102041,0.413793,0.412366,0.329857,0.38172
2026,Wagner,8,109.098294,102.756391,67.483871,9.87931,10.008385,0,10,1,0,0.571853,0,0.349618,0.189293,0.318615,0.681385,0.311457,0.494911,0.082218,0.037285,0.364294,0.372777,0.323481,0.305249
2026,Wake Forest,2,122.594841,99.1963,70.295455,29.79309,30.708253,10,7,0,0,0.585943,0,0.344186,0.153896,0.303473,0.696527,0.350788,0.531603,0.111219,0.049574,0.437214,0.410732,0.347355,0.350823
2026,Warner Pac,14,82.336045,133.247571,81.175,24.061893,-27.73816,0,0,0,0,0.000037,0,0.318182,0.209424,0.2,0.8,0.209677,0.318182,0.086233,0.024638,0.354839,0.382508,0.327824,0.349315
2026,Warren Wilson,16,82.870422,148.565222,80.8,14.000357,-43.799627,0,0,0,0,0.000013,0,0.166667,0.074257,0.310345,0.689655,0.1,0.153846,0.111386,0,0.375,0.514563,0.361321,0.302427
2026,Wash Adventist,10,103.631484,113.739335,79.5875,10.689787,-0.110188,0,0,0,0,0.051427,0,0.352941,0.213601,0.28125,0.71875,0.449153,0.428571,0.081671,0.012565,0.432203,0.313625,0.326537,0.4376
2026,Wash and Lee,9,91.339445,101.247486,65.425,16.415009,5.615018,0,0,0,0,0.03094,0,0.272727,0.168131,0.258065,0.741935,0.04918,0.333333,0.076423,0.015285,0.360656,0.424307,0.34799,0.358742
2026,Wash Coll (MD),13,81.880303,127.624382,74.7,14.016395,-24.283553,0,0,0,0,0.000754,0,0.314815,0.220884,0.380952,0.619048,0.198347,0.625,0.133869,0.013387,0.446281,0.402276,0.346783,0.352559
2026,Washington,2,122.268838,96.532702,68.901515,29.540588,32.734516,11,5,0,0,0.43576,0,0.314815,0.152611,0.319739,0.680261,0.300641,0.49408,0.083123,0.060253,0.345983,0.403505,0.347092,0.352103
2026,Washington St,3,118.720049,104.038485,68.950781,23.887231,22.280945,6,5,0,0,0.345434,0,0.368613,0.188994,0.286235,0.713765,0.306645,0.518086,0.08158,0.04215,0.447712,0.381715,0.341618,0.351005
2026,Waynesburg,16,71.840502,130.862201,81.4,8.698381,-41.101603,0,0,0,0,0.000051,0,0.208333,0.27027,0.37037,0.62963,0.413793,0.705882,0.085995,0.02457,0.413793,0.495838,0.374607,0.366285
2026,Weber St,5,118.626784,103.070917,71.49375,14.479732,18.254664,4,8,0,0,0.492861,0,0.349158,0.154734,0.313609,0.686391,0.371618,0.46841,0.100533,0.021855,0.333333,0.394076,0.336598,0.342269
2026,Webster,14,69.79156,122.528755,76.175,17.492505,-28.80751,0,0,0,0,0.000107,0,0.192308,0.301936,0.288136,0.711864,0.234234,0.459459,0.065638,0.026255,0.234234,0.410892,0.321748,0.351306
2026,West Coast,16,59.772434,142.504186,82.725,18.811884,-57.321515,0,0,0,0,0.000002,0,0.120482,0.185353,0.190476,0.809524,0.274611,0.355556,0.056412,0.020147,0.430052,0.343703,0.344596,0.355764
2026,West Georgia,7,112.16136,106.885216,71.289063,13.611712,10.580464,1,11,0,0,0.510538,0,0.336296,0.157808,0.324895,0.675105,0.291214,0.450829,0.09074,0.069699,0.333169,0.430373,0.344686,0.323024
2026,West Virginia,2,116.228604,90.181375,64.889062,27.440906,30.978408,10,6,0,0,0.423583,0,0.328457,0.174818,0.302893,0.697107,0.35482,0.531695,0.098726,0.04527,0.428979,0.383592,0.346581,0.330883
2026,Western KY,4,116.459396,99.873216,71.836719,17.417909,20.174145,5,11,0,0,0.582969,0,0.34134,0.144425,0.33012,0.66988,0.417843,0.520147,0.106143,0.032191,0.39869,0.410824,0.341388,0.353334
2026,Western NE,7,108.989401,109.33121,65.5,14.778876,10.978931,0,0,0,0,0.08311,0,0.434783,0.137405,0.291667,0.708333,0.37037,0.761905,0.10687,0.015267,0.425926,0.448564,0.33993,0.315927
2026,Western NM,12,91.474739,127.924084,80.675,13.448123,-20.3519,0,0,0,0,0.000733,0,0.25,0.272699,0.48,0.52,0.6,0.6,0.099163,0.074372,0.290909,0.386156,0.337778,0.350686
2026,Westminster UT,11,90.097292,128.728689,71.975,31.151792,-9.148258,0,0,0,0,0.001008,0,0.325581,0.263981,0.45614,0.54386,0.375,0.694444,0.090309,0.006947,0.383929,0.372436,0.350168,0.370068
2026,Whitman,12,73.828076,119.219511,74.075,21.939721,-19.860364,0,0,0,0,0.000193,0,0.225,0.161998,0.304348,0.695652,0.278689,0.733333,0.148498,0,0.655738,0.467811,0.355759,0.34001
2026,Whittier,12,82.949568,122.243592,78.95,19.863146,-18.936912,0,0,0,0,0.004367,0,0.271186,0.189994,0.271186,0.728814,0.357724,0.5,0.056998,0.018999,0.479675,0.309903,0.318424,0.403893
2026,Wichita St,2,120.874414,98.650745,68.412121,21.117341,27.576154,12,10,0,0,0.752209,0,0.340909,0.151488,0.357724,0.642276,0.359024,0.422271,0.08859,0.058469,0.343415,0.405793,0.335297,0.365513
2026,Widener,11,77.381982,107.25209,82.325,16.328026,-14.471929,0,0,0,0,0.001207,0,0.2,0.218646,0.242424,0.757576,0.101449,0.32,0.12147,0.048588,0.289855,0.400761,0.350068,0.311582
2026,Willamette,12,95.256407,123.081856,92.975,17.100277,-16.699775,0,0,0,0,0.000733,0,0.309524,0.1936,0.3125,0.6875,0.28,0.666667,0.0968,0.021511,0.56,0.348228,0.30236,0.355419
2026,William & Mary,4,118.267294,100.27737,73.597656,15.20606,20.812337,6,12,0,0,0.600506,0,0.331652,0.164747,0.254252,0.745748,0.437232,0.640223,0.108699,0.0535,0.425429,0.391266,0.333599,0.359108
2026,William Carey,10,76.696243,100.453507,72.5375,14.311956,-6.988056,0,0,0,0,0.005973,0,0.224138,0.199897,0.393939,0.606061,0.126866,0.589744,0.13786,0.006893,0.432836,0.347674,0.291369,0.412541
2026,William Peace,11,94.962857,129.391386,67.75,9.856978,-14.943008,0,0,0,0,0.003261,0,0.290323,0.118081,0.25,0.75,0.15873,0.454545,0.02952,0.059041,0.492063,0.395865,0.36051,0.407968
2026,WILMNGTNDE,3,101.409065,80.970092,72.925,11.567894,23.767888,0,1,0,0,0.936151,0,0.238095,0.095989,0.282051,0.717949,0.348485,0.32,0.137127,0.041138,0.318182,0.460111,0.360215,0.306122
2026,Wilms Baptist,10,102.60725,112.522773,84.6,9.475629,-1.32438,0,0,0,0,0.03094,0,0.428571,0.248227,0.371429,0.628571,0.231884,0.4,0.177305,0.059102,0.405797,0.309033,0.355556,0.28262
2026,Wilson,12,86.373611,121.999671,78.225,20.328749,-15.471217,0,0,0,0,0.000525,0,0.277778,0.178971,0.153846,0.846154,0.174603,0.714286,0.127836,0,0.571429,0.352564,0.303497,0.298817
2026,Winthrop,4,119.865234,100.36008,72.252206,11.697979,20.062698,1,15,0,0,0.656042,0,0.338983,0.150616,0.337847,0.662153,0.431529,0.524272,0.09729,0.0403,0.444235,0.395948,0.33274,0.353192
2026,Wisconsin,5,129.715673,97.664177,69.888235,31.298933,37.822467,18,6,0,0,0.673241,0,0.361011,0.127935,0.292461,0.707539,0.319088,0.57339,0.081222,0.044188,0.526116,0.408534,0.341776,0.344743
2026,Wofford,6,119.049898,108.69966,68.441406,11.394205,13.119217,1,12,1,0,0.412866,0,0.349225,0.136978,0.316876,0.683124,0.363304,0.517837,0.08447,0.044746,0.438578,0.433013,0.33733,0.33456
2026,Worcester St,13,79.852495,117.403973,71.9875,5.889176,-20.910767,0,0,1,0,0.00358,0,0.297297,0.222261,0.383562,0.616438,0.161538,0.444444,0.11113,0.055565,0.284615,0.425844,0.312416,0.310247
2026,Wright St,14,121.685239,101.030301,69.225735,14.454606,21.560504,5,16,0,0,0.752858,0,0.361319,0.162724,0.318106,0.681894,0.377255,0.481026,0.107067,0.06288,0.334168,0.409565,0.345903,0.337623
2026,WV Wesleyan,13,86.717078,128.698607,74.275,13.113851,-21.686128,0,0,0,0,0.000621,0,0.291667,0.242343,0.454545,0.545455,0.145161,0.478261,0.175025,0.053854,0.387097,0.454639,0.341601,0.401333
2026,WVU Tech,14,78.965163,135.968542,71.65,18.25756,-28.54243,0,0,0,0,0.000084,0,0.310345,0.237264,0.307692,0.692308,0.25,0.470588,0.08374,0,0.517857,0.443544,0.36758,0.290633
2026,Wyoming,3,121.99828,103.150923,67.677344,23.098868,26.492772,6,9,0,0,0.510925,0,0.32956,0.162998,0.34007,0.65993,0.357979,0.524648,0.094659,0.034631,0.422872,0.399526,0.346192,0.370895
2026,Xavier,3,119.597546,102.417814,71.616667,29.07599,26.124494,9,5,0,0,0.320275,0,0.365248,0.139632,0.29038,0.70962,0.28119,0.621622,0.090549,0.055853,0.40595,0.392507,0.336569,0.343688
2026,Yale,2,128.422674,103.564056,66.814167,17.266965,27.58314,11,12,0,0,0.686084,0,0.400314,0.139691,0.301136,0.698864,0.343394,0.564868,0.083316,0.047894,0.362756,0.417315,0.351459,0.324408
2026,York (NE),14,82.427504,135.486934,74.8,13.963992,-29.836067,0,0,0,0,0.000139,0,0.272727,0.160428,0.30303,0.69697,0.115942,0.65,0.026738,0.026738,0.637681,0.415748,0.352273,0.331234
2026,Youngstown St,5,115.820231,105.222907,68.852419,12.327973,17.234238,4,8,0,0,0.497373,0,0.344983,0.184125,0.313333,0.686667,0.312257,0.537906,0.098856,0.051536,0.491958,0.381553,0.341769,0.313624
