{
  "log_loss": 0.5574053148234753,
  "roc_auc": 0.7848622222222223,
  "training_games": 3000
}