{
  "default_season": 2026,
  "default_simulations": 0,
  "model_params": {
    "blend_logistic": 0.10627303417176182,
    "blend_tree": 0.13684479113908082,
    "blend_rating": 0.17422043525622696,
    "blend_style": 0.17366055348079565,
    "blend_archetype": 0.13009745826677585,
    "blend_market": 0.11891102864840557,
    "blend_latent": 0.15999269903695335,
    "style_scale": 0.7294683373000054,
    "archetype_scale": 0.8376743645843316,
    "latent_scale": 0.3474143551901,
    "latent_dim": 10,
    "latent_reg": 0.03083681765811397,
    "form_scale": 7.5344013105224255,
    "form_trend_scale": 1.6745688502628087,
    "matchup_interaction_scale": 2.361051709022038,
    "context_edge_scale": 0.7122421333176038,
    "quality_win_scale": 2.129194570121694,
    "elite_win_scale": 2.348325056719702,
    "elite_win_min_opp_strength": 0.6476735295315801,
    "elite_win_upset_scale": 0.6870642293768464,
    "bad_loss_scale": 4.156555410612689,
    "close_game_scale": 3.1781493307958,
    "blowout_scale": 0.744581900512991,
    "consistency_scale": 3.936305420992803,
    "fatigue_scale": 2.9899926159005346,
    "travel_scale": 2.227226910530956,
    "preseason_shrink_base": 0.3291581733615154,
    "elo_k_base": 0.1873953624153901,
    "elo_k_surprise_scale": 1.374262143016489,
    "margin_sigma_base": 8.971353840625685,
    "variance_scale": 0.6107557586944623,
    "archetype_uncertainty_damp": 0.6543595747083006,
    "latent_uncertainty_damp": 0.30912124344965813,
    "calibration_isotonic_mix": 0.1369613119394607,
    "uncertainty_confidence_scale": 0.5062136805476316,
    "calibration_round_min_rows": 41,
    "shock_base": 0.1202953998253696,
    "shock_scale": 0.21702447958756738,
    "home_court_bonus": 3.795102850978744,
    "market_power_scale": 0.622786607504189,
    "market_prob_shrink": 0.1582142027105211,
    "stacker_mix": 0.7139692330412536,
    "logistic_lr": 0.047693062845062924,
    "logistic_lambda": 0.0036208185406451637,
    "logistic_epochs": 1033,
    "tree_stumps": 56
  },
  "model_tuning": {
    "enabled": false,
    "trials": 32,
    "cache_hours": 18,
    "holdout_max_seasons": 6,
    "season_recency_decay": 0.35,
    "objective_actual_prob_weight": 0.18,
    "objective_stability_penalty": 0.08,
    "random_seed": 9337
  },
  "live_runtime": {
    "fast_models": true,
    "max_seasons": 5,
    "game_cap": 2600,
    "include_postseason": true,
    "scoreboard_cache_minutes": 20,
    "scoreboard_concurrency": 8,
    "fetch_team_logos": true,
    "team_logo_cache_minutes": 720
  },
  "benchmark": {
    "holdout_max_seasons": "all",
    "regular_max_seasons": "all",
    "regular_split_fractions": [
      0.8
    ],
    "regular_min_train_games": 650,
    "regular_min_test_games": 180,
    "trials": 80,
    "refine_rounds": 1,
    "refine_top_k": 5,
    "refine_per_top": 6,
    "refine_scale_start": 0.34,
    "refine_scale_decay": 0.62,
    "crossover_rounds": 1,
    "crossover_top_k": 6,
    "crossover_children": 8,
    "crossover_noise_scale": 0.1,
    "cem_rounds": 2,
    "cem_samples": 32,
    "cem_elite_fraction": 0.16,
    "cem_explore_floor": 0.12,
    "cem_spread_decay": 0.8,
    "cem_spread_min": 0.02,
    "cem_spread_max": 0.4,
    "local_search_passes": 1,
    "local_search_step_start": 0.12,
    "local_search_step_decay": 0.62,
    "local_search_min_step": 0.02,
    "local_search_max_candidates": 60,
    "phase_stagnation_patience": 1,
    "phase_stagnation_min_gain": 0.00004,
    "early_stop_patience": 120,
    "early_stop_min_improvement": 0.00004,
    "early_stop_min_fraction": 0.35,
    "fast_models": true,
    "full_rescore_top_k": 2,
    "leave_one_season_out": true,
    "strict_no_leakage": true,
    "tournament_contexts_per_candidate": 2,
    "regular_contexts_per_candidate": 2,
    "search_recent_contexts_anchor": 1,
    "min_eval_rate": 1,
    "auto_speed_guard": true,
    "speed_guard_grace_evals": 36,
    "speed_guard_cooldown": 24,
    "speed_guard_min_contexts": 1,
    "tournament_source": "historical_games",
    "tournament_context_limit": 0,
    "tournament_train_game_cap": 1200,
    "regular_context_limit": 0,
    "regular_train_game_cap": 1200,
    "regular_test_game_cap": 220,
    "regular_objective_logloss_weight": 0.35,
    "regular_objective_brier_weight": 0.15,
    "regular_objective_accuracy_weight": 0.5,
    "objective_mode": "tournament_priority",
    "tournament_priority_regular_weight": 0.08,
    "tournament_priority_regular_floor": 0.48,
    "tournament_priority_floor_penalty": 0.35,
    "tournament_weight": 0.75,
    "regular_weight": 0.25,
    "progress_every": 2,
    "random_seed": 20260318
  },
  "tournament_windows": {
    "2026": {
      "first_four_start": "2026-03-17",
      "championship_date": "2026-04-08"
    }
  },
  "final_four_pairs": {
    "2026": [
      [
        "EAST",
        "SOUTH"
      ],
      [
        "WEST",
        "MIDWEST"
      ]
    ]
  }
}
