{
  "default_season": 2026,
  "default_simulations": 0,
  "model_params": {
    "blend_logistic": 0.10728869538487625,
    "blend_tree": 0.18685453785088857,
    "blend_rating": 0.20854585520439411,
    "blend_style": 0.11167296236373586,
    "blend_archetype": 0.13035034788617286,
    "blend_market": 0.06480335599480062,
    "blend_latent": 0.19048424531513156,
    "style_scale": 1.2055666989056844,
    "archetype_scale": 1.1873127266428274,
    "latent_scale": 0.9995280567945684,
    "latent_dim": 6,
    "latent_reg": 0.034876882720054396,
    "form_scale": 9.989575557161956,
    "form_trend_scale": 1.3891046691250546,
    "matchup_interaction_scale": 1.640371536902742,
    "context_edge_scale": 2.5294119181871713,
    "quality_win_scale": 6.611253643837876,
    "bad_loss_scale": 5.93159223672074,
    "close_game_scale": 1.9705605767808527,
    "blowout_scale": 2.1527702973369194,
    "consistency_scale": 0.6049414576121532,
    "fatigue_scale": 3.2467010620092327,
    "travel_scale": 0.9729114601934531,
    "preseason_shrink_base": 0.4826903478812771,
    "elo_k_base": 0.14479371398661067,
    "elo_k_surprise_scale": 1.3658568380840668,
    "margin_sigma_base": 9.337780399574335,
    "variance_scale": 0.8281998988428417,
    "archetype_uncertainty_damp": 0.43075082573872936,
    "latent_uncertainty_damp": 0.7909479648930593,
    "calibration_isotonic_mix": 0.237425254029543,
    "uncertainty_confidence_scale": 0.2780774899992587,
    "calibration_round_min_rows": 32,
    "shock_base": 0.16356564293019984,
    "shock_scale": 0.208840803699836,
    "home_court_bonus": 2.175663765981619,
    "market_power_scale": 1.8319240731151385,
    "market_prob_shrink": 0.3361281760507562,
    "stacker_mix": 0.5032454768259232,
    "logistic_lr": 0.03394795095276767,
    "logistic_lambda": 0.005024654901608723,
    "logistic_epochs": 733,
    "tree_stumps": 71
  },
  "model_tuning": {
    "enabled": false,
    "trials": 32,
    "cache_hours": 18,
    "holdout_max_seasons": 6,
    "season_recency_decay": 0.35,
    "objective_actual_prob_weight": 0.18,
    "objective_stability_penalty": 0.08,
    "random_seed": 9337
  },
  "live_runtime": {
    "fast_models": true,
    "max_seasons": 5,
    "game_cap": 2600,
    "include_postseason": true,
    "scoreboard_cache_minutes": 20,
    "scoreboard_concurrency": 8,
    "fetch_team_logos": true,
    "team_logo_cache_minutes": 720
  },
  "benchmark": {
    "holdout_max_seasons": "all",
    "regular_max_seasons": "all",
    "regular_split_fractions": [
      0.8
    ],
    "regular_min_train_games": 650,
    "regular_min_test_games": 180,
    "trials": 80,
    "refine_rounds": 1,
    "refine_top_k": 5,
    "refine_per_top": 6,
    "refine_scale_start": 0.34,
    "refine_scale_decay": 0.62,
    "crossover_rounds": 1,
    "crossover_top_k": 6,
    "crossover_children": 8,
    "crossover_noise_scale": 0.1,
    "cem_rounds": 2,
    "cem_samples": 32,
    "cem_elite_fraction": 0.16,
    "cem_explore_floor": 0.12,
    "cem_spread_decay": 0.8,
    "cem_spread_min": 0.02,
    "cem_spread_max": 0.4,
    "local_search_passes": 1,
    "local_search_step_start": 0.12,
    "local_search_step_decay": 0.62,
    "local_search_min_step": 0.02,
    "local_search_max_candidates": 60,
    "phase_stagnation_patience": 1,
    "phase_stagnation_min_gain": 0.00004,
    "early_stop_patience": 120,
    "early_stop_min_improvement": 0.00004,
    "early_stop_min_fraction": 0.35,
    "fast_models": true,
    "full_rescore_top_k": 2,
    "leave_one_season_out": true,
    "strict_no_leakage": true,
    "tournament_contexts_per_candidate": 2,
    "regular_contexts_per_candidate": 2,
    "search_recent_contexts_anchor": 1,
    "min_eval_rate": 1,
    "auto_speed_guard": true,
    "speed_guard_grace_evals": 36,
    "speed_guard_cooldown": 24,
    "speed_guard_min_contexts": 1,
    "tournament_source": "historical_games",
    "tournament_context_limit": 0,
    "tournament_train_game_cap": 1200,
    "regular_context_limit": 0,
    "regular_train_game_cap": 1200,
    "regular_test_game_cap": 220,
    "regular_objective_logloss_weight": 0.35,
    "regular_objective_brier_weight": 0.15,
    "regular_objective_accuracy_weight": 0.5,
    "tournament_weight": 0.52,
    "regular_weight": 0.48,
    "progress_every": 2,
    "random_seed": 20260318
  },
  "tournament_windows": {
    "2026": {
      "first_four_start": "2026-03-17",
      "championship_date": "2026-04-08"
    }
  },
  "final_four_pairs": {
    "2026": [
      [
        "EAST",
        "SOUTH"
      ],
      [
        "WEST",
        "MIDWEST"
      ]
    ]
  }
}
