{
  "default_season": 2026,
  "default_simulations": 0,
  "model_params": {
    "blend_logistic": 0.17679003654936426,
    "blend_tree": 0.1634521897613853,
    "blend_rating": 0.1583967790498099,
    "blend_style": 0.056581941501680576,
    "blend_archetype": 0.12708956667618868,
    "blend_market": 0.14248245450793656,
    "blend_latent": 0.17520703195363477,
    "style_scale": 0.7244739683161446,
    "archetype_scale": 1.4366352328238923,
    "latent_scale": 0.39662493749777916,
    "latent_dim": 6,
    "latent_reg": 0.09487337770168416,
    "form_scale": 3.493232739072578,
    "form_trend_scale": 2.2803785209246588,
    "matchup_interaction_scale": 2.640587439283124,
    "context_edge_scale": 0.5309190966793179,
    "quality_win_scale": 1.9555428624363296,
    "bad_loss_scale": 5.150027339432777,
    "close_game_scale": 2.0924493064310696,
    "blowout_scale": 2.8030443472946054,
    "consistency_scale": 0.7930529948396653,
    "fatigue_scale": 2.087386604446972,
    "travel_scale": 1.2831091110739248,
    "preseason_shrink_base": 0.5814728187590977,
    "elo_k_base": 0.1243429249046035,
    "elo_k_surprise_scale": 1.1582597660491636,
    "margin_sigma_base": 8.40599230355542,
    "variance_scale": 0.8691745256868315,
    "archetype_uncertainty_damp": 0.6472820725416646,
    "latent_uncertainty_damp": 0.4496542720384177,
    "calibration_isotonic_mix": 0.20297004179545294,
    "uncertainty_confidence_scale": 0.3364233497720721,
    "calibration_round_min_rows": 51,
    "shock_base": 0.09983588396438205,
    "shock_scale": 0.26705925290997135,
    "home_court_bonus": 4.052452282553441,
    "market_power_scale": 0.42472614490124566,
    "market_prob_shrink": 0.20037500541930053,
    "stacker_mix": 0.5203031466050483,
    "logistic_lr": 0.04723400332774842,
    "logistic_lambda": 0.005157404010746058,
    "logistic_epochs": 342,
    "tree_stumps": 17
  },
  "model_tuning": {
    "enabled": false,
    "trials": 32,
    "cache_hours": 18,
    "holdout_max_seasons": 6,
    "season_recency_decay": 0.35,
    "objective_actual_prob_weight": 0.18,
    "objective_stability_penalty": 0.08,
    "random_seed": 9337
  },
  "live_runtime": {
    "fast_models": true,
    "max_seasons": 5,
    "game_cap": 2600,
    "include_postseason": true,
    "scoreboard_cache_minutes": 20,
    "scoreboard_concurrency": 8,
    "fetch_team_logos": true,
    "team_logo_cache_minutes": 720
  },
  "benchmark": {
    "holdout_max_seasons": "all",
    "regular_max_seasons": "all",
    "regular_split_fractions": [
      0.8
    ],
    "regular_min_train_games": 650,
    "regular_min_test_games": 180,
    "trials": 80,
    "refine_rounds": 1,
    "refine_top_k": 5,
    "refine_per_top": 6,
    "refine_scale_start": 0.34,
    "refine_scale_decay": 0.62,
    "crossover_rounds": 1,
    "crossover_top_k": 6,
    "crossover_children": 8,
    "crossover_noise_scale": 0.1,
    "cem_rounds": 2,
    "cem_samples": 32,
    "cem_elite_fraction": 0.16,
    "cem_explore_floor": 0.12,
    "cem_spread_decay": 0.8,
    "cem_spread_min": 0.02,
    "cem_spread_max": 0.4,
    "local_search_passes": 1,
    "local_search_step_start": 0.12,
    "local_search_step_decay": 0.62,
    "local_search_min_step": 0.02,
    "local_search_max_candidates": 60,
    "phase_stagnation_patience": 1,
    "phase_stagnation_min_gain": 0.00004,
    "early_stop_patience": 120,
    "early_stop_min_improvement": 0.00004,
    "early_stop_min_fraction": 0.35,
    "fast_models": true,
    "full_rescore_top_k": 2,
    "leave_one_season_out": true,
    "strict_no_leakage": true,
    "tournament_contexts_per_candidate": 2,
    "regular_contexts_per_candidate": 2,
    "search_recent_contexts_anchor": 1,
    "min_eval_rate": 1,
    "auto_speed_guard": true,
    "speed_guard_grace_evals": 36,
    "speed_guard_cooldown": 24,
    "speed_guard_min_contexts": 1,
    "tournament_source": "historical_games",
    "tournament_context_limit": 0,
    "tournament_train_game_cap": 1200,
    "regular_context_limit": 0,
    "regular_train_game_cap": 1200,
    "regular_test_game_cap": 220,
    "regular_objective_logloss_weight": 0.35,
    "regular_objective_brier_weight": 0.15,
    "regular_objective_accuracy_weight": 0.5,
    "objective_mode": "tournament_priority",
    "tournament_priority_regular_weight": 0.08,
    "tournament_priority_regular_floor": 0.48,
    "tournament_priority_floor_penalty": 0.35,
    "tournament_weight": 0.75,
    "regular_weight": 0.25,
    "progress_every": 2,
    "random_seed": 20260318
  },
  "tournament_windows": {
    "2026": {
      "first_four_start": "2026-03-17",
      "championship_date": "2026-04-08"
    }
  },
  "final_four_pairs": {
    "2026": [
      [
        "EAST",
        "SOUTH"
      ],
      [
        "WEST",
        "MIDWEST"
      ]
    ]
  }
}
